Order_ID,Date,Month,Year,Category_Type,Category,Category Image,Item_Name,Quantity,Unit_Price_$,Total_Amount_$,Food_Cost_$,Labour_Cost_$,Profit_$,Delivery_Partner,Payment_Mode
O00001,24-11-2025,November,2025,Main Menu,Veg Mania,https://i.ibb.co/svfg0hg2/vegmania.png,Corn Supreme,1,13.75,13.75,4.5,2.45,6.8,Zomato,Card
O00002,22-02-2025,February,2025,Beverage,Juice,https://i.ibb.co/bM9d4qvH/juice.png,Mixed Fruit Juice,3,6.23,18.69,5.77,3.49,9.43,Swiggy,Cash
O00003,22-04-2025,April,2025,Main Menu,Veg Mania,https://i.ibb.co/svfg0hg2/vegmania.png,Mushroom Magic,2,17.08,34.16,10.54,5.88,17.74,In-Store,Card
O00004,29-10-2025,October,2025,Appetizer,Burger,https://i.ibb.co/KjvbDYc5/burger.png,Veg Cheese Burger,4,6.01,24.04,7.87,3.14,13.03,In-Store,UPI
O00005,21-03-2025,March,2025,Main Menu,Club Veg,https://i.ibb.co/7tVrrcM1/clubveg.png,Triple Cheese Club,1,14.32,14.32,5.42,2,6.9,Swiggy,Online
O00006,03-07-2025,July,2025,Appetizer,French Fries,https://i.ibb.co/23d8CKt3/fries.png,Cheese Fries,3,13.79,41.37,15.24,7.39,18.74,Swiggy,Online
O00007,05-03-2025,March,2025,Appetizer,Burger,https://i.ibb.co/KjvbDYc5/burger.png,Paneer Burger,4,10.11,40.44,14.96,7.52,17.96,UberEats,Card
O00008,05-02-2025,February,2025,Main Menu,Sandwich,https://i.ibb.co/fzhvYTxp/sandwich.png,Paneer Tikka,2,14.5,29,12.83,5.7,10.47,Swiggy,Card
O00009,14-07-2025,July,2025,Appetizer,Macaroni,https://i.ibb.co/zVLCV731/macaroni.png,Veg Loaded Mac,1,8.44,8.44,2.82,1.05,4.57,Zomato,UPI
O00010,18-04-2025,April,2025,Beverage,Hot Drinks,https://i.ibb.co/mFCQYCrw/hot.png,Espresso,4,7.05,28.2,8.61,5.38,14.21,Zomato,Card
O00011,25-08-2025,August,2025,Appetizer,Macaroni,https://i.ibb.co/zVLCV731/macaroni.png,Cheese Mac,2,11.3,22.6,8.22,2.73,11.65,UberEats,Cash
O00012,17-01-2025,January,2025,Appetizer,Macaroni,https://i.ibb.co/zVLCV731/macaroni.png,Veg Loaded Mac,2,6.25,12.5,5.2,2.42,4.88,Swiggy,Card
O00013,11-06-2025,June,2025,Main Menu,Pizza,https://i.ibb.co/vx6T9K8X/pizza-1.png,Veggie Paradise,4,15.98,63.92,22.31,10.04,31.57,In-Store,Card
O00014,13-03-2025,March,2025,Main Menu,Club Veg,https://i.ibb.co/7tVrrcM1/clubveg.png,Corn & Mayo Club,1,19.61,19.61,7.03,2.49,10.09,In-Store,UPI
O00015,12-03-2025,March,2025,Beverage,Hot Drinks,https://i.ibb.co/mFCQYCrw/hot.png,Espresso,4,5.78,23.12,9.04,2.95,11.13,Swiggy,Cash
O00016,18-11-2025,November,2025,Main Menu,Pizza,https://i.ibb.co/vx6T9K8X/pizza-1.png,Margherita,1,11.65,11.65,5.22,2.06,4.37,In-Store,Online
O00017,28-08-2025,August,2025,Beverage,Hot Drinks,https://i.ibb.co/mFCQYCrw/hot.png,Espresso,3,4.03,12.09,3.99,2.07,6.03,Swiggy,UPI
O00018,24-06-2025,June,2025,Main Menu,Club Veg,https://i.ibb.co/7tVrrcM1/clubveg.png,Corn & Mayo Club,2,16.06,32.12,11.36,3.58,17.18,Zomato,Online
O00019,15-05-2025,May,2025,Beverage,Juice,https://i.ibb.co/bM9d4qvH/juice.png,Orange Juice,2,7.12,14.24,4.48,1.95,7.81,UberEats,Card
O00020,11-07-2025,July,2025,Main Menu,Veg Mania,https://i.ibb.co/svfg0hg2/vegmania.png,Corn Supreme,4,16.66,66.64,26.37,12.58,27.69,In-Store,Cash
O00021,05-07-2025,July,2025,Appetizer,Burger,https://i.ibb.co/KjvbDYc5/burger.png,Aloo Tikki Burger,2,6.96,13.92,5.95,2.4,5.57,Zomato,Cash
O00022,06-09-2025,September,2025,Main Menu,Sandwich,https://i.ibb.co/fzhvYTxp/sandwich.png,Cheese Chilli,3,12.56,37.68,14.26,5.38,18.04,In-Store,Card
O00023,28-09-2025,September,2025,Beverage,Hot Drinks,https://i.ibb.co/mFCQYCrw/hot.png,Cappuccino,3,4.54,13.62,5.92,2.01,5.69,Zomato,UPI
O00024,10-12-2025,December,2025,Beverage,Hot Drinks,https://i.ibb.co/mFCQYCrw/hot.png,Green Tea,1,7.48,7.48,2.52,1.05,3.91,In-Store,Cash
O00025,26-04-2025,April,2025,Main Menu,Club Veg,https://i.ibb.co/7tVrrcM1/clubveg.png,Triple Cheese Club,4,12.29,49.16,19.16,8.33,21.67,Zomato,Card
O00026,06-02-2025,February,2025,Beverage,Juice,https://i.ibb.co/bM9d4qvH/juice.png,Mango Juice,2,7.12,14.24,5.62,2.66,5.96,Swiggy,Cash
O00027,06-02-2025,February,2025,Beverage,Juice,https://i.ibb.co/bM9d4qvH/juice.png,Watermelon Juice,2,4.93,9.86,4.26,1.31,4.29,In-Store,Card
O00028,09-03-2025,March,2025,Beverage,Hot Drinks,https://i.ibb.co/mFCQYCrw/hot.png,Cappuccino,2,5.78,11.56,3.66,1.42,6.48,In-Store,Online
O00029,18-02-2025,February,2025,Main Menu,Pizza,https://i.ibb.co/vx6T9K8X/pizza-1.png,Peppy Paneer,1,18.18,18.18,6.29,2.12,9.77,In-Store,Online
O00030,28-01-2025,January,2025,Beverage,Juice,https://i.ibb.co/bM9d4qvH/juice.png,Orange Juice,1,6.42,6.42,2.04,0.86,3.52,In-Store,UPI
O00031,08-05-2025,May,2025,Main Menu,Sandwich,https://i.ibb.co/fzhvYTxp/sandwich.png,Classic Veg,4,13.23,52.92,20.31,7.43,25.18,Zomato,Online
O00032,23-05-2025,May,2025,Appetizer,Burger,https://i.ibb.co/KjvbDYc5/burger.png,Aloo Tikki Burger,4,8.03,32.12,10.85,4.81,16.46,In-Store,Cash
O00033,30-11-2025,November,2025,Beverage,Juice,https://i.ibb.co/bM9d4qvH/juice.png,Orange Juice,1,5.42,5.42,1.84,1.07,2.51,Zomato,Card
O00034,06-09-2025,September,2025,Appetizer,Burger,https://i.ibb.co/KjvbDYc5/burger.png,Spicy Bean Burger,4,6.26,25.04,10.92,3.1,11.02,Swiggy,Card
O00035,02-01-2025,January,2025,Appetizer,Macaroni,https://i.ibb.co/zVLCV731/macaroni.png,Spicy Mac,4,9.92,39.68,15.19,6.32,18.17,UberEats,Online
O00036,12-10-2025,October,2025,Beverage,Hot Drinks,https://i.ibb.co/mFCQYCrw/hot.png,Cappuccino,1,5.85,5.85,2.39,0.8,2.66,Zomato,UPI
O00037,30-01-2025,January,2025,Beverage,Juice,https://i.ibb.co/bM9d4qvH/juice.png,Watermelon Juice,3,7.17,21.51,9.09,3.87,8.55,Swiggy,Cash
O00038,02-09-2025,September,2025,Beverage,Juice,https://i.ibb.co/bM9d4qvH/juice.png,Orange Juice,4,6.54,26.16,8.01,4.16,13.99,Swiggy,Card
O00039,01-11-2025,November,2025,Main Menu,Sandwich,https://i.ibb.co/fzhvYTxp/sandwich.png,Classic Veg,3,10.17,30.51,12.86,4.11,13.54,Swiggy,Card
O00040,01-11-2025,November,2025,Main Menu,Veg Mania,https://i.ibb.co/svfg0hg2/vegmania.png,Veg Overload,4,19.41,77.64,27.8,15.04,34.8,UberEats,UPI
O00041,09-12-2025,December,2025,Beverage,Hot Drinks,https://i.ibb.co/mFCQYCrw/hot.png,Cappuccino,1,5.71,5.71,1.89,0.88,2.94,UberEats,Online
O00042,10-12-2025,December,2025,Beverage,Hot Drinks,https://i.ibb.co/mFCQYCrw/hot.png,Green Tea,4,5.14,20.56,8.69,3.2,8.67,UberEats,Cash
O00043,23-08-2025,August,2025,Beverage,Juice,https://i.ibb.co/bM9d4qvH/juice.png,Orange Juice,4,5.21,20.84,9.27,3.25,8.32,Zomato,UPI
O00044,28-06-2025,June,2025,Main Menu,Sandwich,https://i.ibb.co/fzhvYTxp/sandwich.png,Paneer Tikka,1,11.89,11.89,4.19,2.05,5.65,UberEats,Card
O00045,06-10-2025,October,2025,Beverage,Hot Drinks,https://i.ibb.co/mFCQYCrw/hot.png,Espresso,4,8.44,33.76,14.62,6.25,12.89,UberEats,Cash
O00046,16-05-2025,May,2025,Main Menu,Veg Mania,https://i.ibb.co/svfg0hg2/vegmania.png,Mushroom Magic,4,17.85,71.4,27.91,7.21,36.28,UberEats,UPI
O00047,18-04-2025,April,2025,Beverage,Hot Drinks,https://i.ibb.co/mFCQYCrw/hot.png,Cappuccino,1,7.32,7.32,2.51,0.96,3.85,UberEats,Online
O00048,27-01-2025,January,2025,Main Menu,Pizza,https://i.ibb.co/vx6T9K8X/pizza-1.png,Peppy Paneer,1,14.48,14.48,4.83,2.48,7.17,Swiggy,Cash
O00049,08-03-2025,March,2025,Beverage,Hot Drinks,https://i.ibb.co/mFCQYCrw/hot.png,Cappuccino,4,5.63,22.52,7.99,3.93,10.6,In-Store,Online
O00050,05-01-2025,January,2025,Main Menu,Veg Mania,https://i.ibb.co/svfg0hg2/vegmania.png,Mushroom Magic,4,13.08,52.32,16.43,7.16,28.73,Swiggy,UPI
O00051,10-10-2025,October,2025,Main Menu,Pizza,https://i.ibb.co/vx6T9K8X/pizza-1.png,Farmhouse,2,12.44,24.88,11.12,3.7,10.06,Swiggy,UPI
O00052,21-01-2025,January,2025,Appetizer,Burger,https://i.ibb.co/KjvbDYc5/burger.png,Veg Cheese Burger,1,9.48,9.48,3.56,1.49,4.43,Swiggy,UPI
O00053,28-07-2025,July,2025,Beverage,Juice,https://i.ibb.co/bM9d4qvH/juice.png,Mango Juice,1,4.98,4.98,1.87,0.78,2.33,Zomato,Card
O00054,13-01-2025,January,2025,Main Menu,Club Veg,https://i.ibb.co/7tVrrcM1/clubveg.png,Corn & Mayo Club,4,10.44,41.76,18.42,8.16,15.18,Zomato,UPI
O00055,26-12-2025,December,2025,Main Menu,Pizza,https://i.ibb.co/vx6T9K8X/pizza-1.png,Margherita,1,13.7,13.7,6.07,1.82,5.81,In-Store,Card
O00056,24-08-2025,August,2025,Appetizer,Macaroni,https://i.ibb.co/zVLCV731/macaroni.png,Cheese Mac,4,10.58,42.32,18.11,5.48,18.73,Zomato,Cash
O00057,09-04-2025,April,2025,Appetizer,Macaroni,https://i.ibb.co/zVLCV731/macaroni.png,Veg Loaded Mac,4,12.81,51.24,19.1,7.03,25.11,Swiggy,UPI
O00058,25-11-2025,November,2025,Beverage,Hot Drinks,https://i.ibb.co/mFCQYCrw/hot.png,Hot Chocolate,3,8.22,24.66,9.51,2.71,12.44,Swiggy,Cash
O00059,02-04-2025,April,2025,Beverage,Hot Drinks,https://i.ibb.co/mFCQYCrw/hot.png,Espresso,2,8.95,17.9,6.05,2.32,9.53,Swiggy,Online
O00060,10-06-2025,June,2025,Appetizer,French Fries,https://i.ibb.co/23d8CKt3/fries.png,Salted Fries,1,12.79,12.79,5.18,1.74,5.87,In-Store,Card
O00061,23-01-2025,January,2025,Beverage,Hot Drinks,https://i.ibb.co/mFCQYCrw/hot.png,Espresso,3,8.05,24.15,8.17,3.89,12.09,Zomato,UPI
O00062,05-02-2025,February,2025,Beverage,Hot Drinks,https://i.ibb.co/mFCQYCrw/hot.png,Hot Chocolate,4,4.03,16.12,6.77,2.66,6.69,Swiggy,UPI
O00063,08-06-2025,June,2025,Beverage,Hot Drinks,https://i.ibb.co/mFCQYCrw/hot.png,Hot Chocolate,4,7.98,31.92,13.82,3.28,14.82,In-Store,UPI
O00064,07-03-2025,March,2025,Main Menu,Pizza,https://i.ibb.co/vx6T9K8X/pizza-1.png,Veggie Paradise,3,14.38,43.14,13.17,6.32,23.65,Zomato,UPI
O00065,08-10-2025,October,2025,Main Menu,Club Veg,https://i.ibb.co/7tVrrcM1/clubveg.png,Spicy Club,2,12.87,25.74,11.04,3.22,11.48,Zomato,Online
O00066,07-11-2025,November,2025,Beverage,Hot Drinks,https://i.ibb.co/mFCQYCrw/hot.png,Green Tea,3,5.52,16.56,5.28,2.52,8.76,In-Store,Online
O00067,20-04-2025,April,2025,Beverage,Hot Drinks,https://i.ibb.co/mFCQYCrw/hot.png,Cappuccino,1,5.08,5.08,1.87,0.94,2.27,Swiggy,UPI
O00068,06-12-2025,December,2025,Beverage,Hot Drinks,https://i.ibb.co/mFCQYCrw/hot.png,Espresso,3,6.06,18.18,7.19,3.14,7.85,Zomato,UPI
O00069,12-04-2025,April,2025,Main Menu,Veg Mania,https://i.ibb.co/svfg0hg2/vegmania.png,Paneer Delight,2,15.16,30.32,9.28,4.24,16.8,Zomato,Online
O00070,07-02-2025,February,2025,Appetizer,Macaroni,https://i.ibb.co/zVLCV731/macaroni.png,Cheese Mac,2,11.95,23.9,7.26,4.69,11.95,In-Store,Online
O00071,05-05-2025,May,2025,Main Menu,Veg Mania,https://i.ibb.co/svfg0hg2/vegmania.png,Paneer Delight,1,16.96,16.96,5.24,3.25,8.47,In-Store,Card
O00072,23-12-2025,December,2025,Beverage,Hot Drinks,https://i.ibb.co/mFCQYCrw/hot.png,Espresso,2,5.2,10.4,4.23,1.73,4.44,Zomato,Cash
O00073,10-03-2025,March,2025,Appetizer,French Fries,https://i.ibb.co/23d8CKt3/fries.png,Cheese Fries,3,13.64,40.92,16.31,5.87,18.74,In-Store,Online
O00074,17-08-2025,August,2025,Main Menu,Pizza,https://i.ibb.co/vx6T9K8X/pizza-1.png,Veggie Paradise,2,10.48,20.96,7.41,3.68,9.87,UberEats,Card
O00075,22-05-2025,May,2025,Beverage,Hot Drinks,https://i.ibb.co/mFCQYCrw/hot.png,Cappuccino,1,4.58,4.58,1.44,0.6,2.54,UberEats,Online
O00076,27-05-2025,May,2025,Main Menu,Club Veg,https://i.ibb.co/7tVrrcM1/clubveg.png,Spicy Club,4,11.75,47,14.79,7.01,25.2,UberEats,Cash
O00077,19-03-2025,March,2025,Main Menu,Pizza,https://i.ibb.co/vx6T9K8X/pizza-1.png,Farmhouse,2,11.73,23.46,9.32,2.46,11.68,Zomato,Cash
O00078,28-07-2025,July,2025,Appetizer,French Fries,https://i.ibb.co/23d8CKt3/fries.png,Loaded Fries,4,13.09,52.36,18.65,8.51,25.2,In-Store,Cash
O00079,04-08-2025,August,2025,Appetizer,French Fries,https://i.ibb.co/23d8CKt3/fries.png,Salted Fries,1,12.85,12.85,5.17,2.08,5.6,In-Store,Online
O00080,30-06-2025,June,2025,Appetizer,Macaroni,https://i.ibb.co/zVLCV731/macaroni.png,Spicy Mac,4,13.55,54.2,21.02,10.52,22.66,Zomato,Online
O00081,20-05-2025,May,2025,Appetizer,Macaroni,https://i.ibb.co/zVLCV731/macaroni.png,Classic Mac,4,9.11,36.44,11.63,6.6,18.21,In-Store,UPI
O00082,14-12-2025,December,2025,Appetizer,French Fries,https://i.ibb.co/23d8CKt3/fries.png,Peri Peri Fries,1,11.01,11.01,4.89,2.1,4.02,In-Store,Card
O00083,01-10-2025,October,2025,Main Menu,Pizza,https://i.ibb.co/vx6T9K8X/pizza-1.png,Margherita,3,10.69,32.07,11.44,3.33,17.3,Swiggy,Online
O00084,25-08-2025,August,2025,Main Menu,Veg Mania,https://i.ibb.co/svfg0hg2/vegmania.png,Corn Supreme,2,13.37,26.74,9.3,4.93,12.51,In-Store,UPI
O00085,21-08-2025,August,2025,Appetizer,Macaroni,https://i.ibb.co/zVLCV731/macaroni.png,Spicy Mac,1,12.52,12.52,4.69,2.12,5.71,UberEats,Online
O00086,11-02-2025,February,2025,Appetizer,Burger,https://i.ibb.co/KjvbDYc5/burger.png,Aloo Tikki Burger,4,13.49,53.96,22.14,9.73,22.09,UberEats,Card
O00087,05-02-2025,February,2025,Beverage,Juice,https://i.ibb.co/bM9d4qvH/juice.png,Orange Juice,1,4.89,4.89,1.88,0.77,2.24,Zomato,Card
O00088,15-11-2025,November,2025,Main Menu,Sandwich,https://i.ibb.co/fzhvYTxp/sandwich.png,Cheese Chilli,1,11.28,11.28,4.7,1.51,5.07,In-Store,Cash
O00089,22-04-2025,April,2025,Appetizer,French Fries,https://i.ibb.co/23d8CKt3/fries.png,Cheese Fries,1,12.87,12.87,5.17,2.24,5.46,UberEats,Card
O00090,07-11-2025,November,2025,Beverage,Juice,https://i.ibb.co/bM9d4qvH/juice.png,Mango Juice,1,5.89,5.89,2.21,1.08,2.6,UberEats,Cash
O00091,14-01-2025,January,2025,Appetizer,French Fries,https://i.ibb.co/23d8CKt3/fries.png,Loaded Fries,1,13.16,13.16,4.05,2.58,6.53,In-Store,Card
O00092,31-10-2025,October,2025,Beverage,Juice,https://i.ibb.co/bM9d4qvH/juice.png,Orange Juice,4,5.77,23.08,10.21,4.5,8.37,UberEats,Cash
O00093,22-01-2025,January,2025,Appetizer,French Fries,https://i.ibb.co/23d8CKt3/fries.png,Loaded Fries,1,11.05,11.05,3.47,1.77,5.81,UberEats,Cash
O00094,28-11-2025,November,2025,Appetizer,Burger,https://i.ibb.co/KjvbDYc5/burger.png,Spicy Bean Burger,1,7.7,7.7,3.22,1.38,3.1,In-Store,Cash
O00095,05-07-2025,July,2025,Beverage,Hot Drinks,https://i.ibb.co/mFCQYCrw/hot.png,Cappuccino,3,6.47,19.41,8.72,2.05,8.64,In-Store,Card
O00096,25-09-2025,September,2025,Beverage,Hot Drinks,https://i.ibb.co/mFCQYCrw/hot.png,Green Tea,3,6.73,20.19,6.41,2.31,11.47,In-Store,Online
O00097,31-10-2025,October,2025,Appetizer,Macaroni,https://i.ibb.co/zVLCV731/macaroni.png,Cheese Mac,1,10.95,10.95,4.66,1.56,4.73,Swiggy,UPI
O00098,05-05-2025,May,2025,Appetizer,French Fries,https://i.ibb.co/23d8CKt3/fries.png,Loaded Fries,3,9.17,27.51,11.17,2.97,13.37,UberEats,Cash
O00099,16-06-2025,June,2025,Main Menu,Pizza,https://i.ibb.co/vx6T9K8X/pizza-1.png,Farmhouse,4,19.87,79.48,34.13,14.95,30.4,UberEats,UPI
O00100,24-05-2025,May,2025,Beverage,Hot Drinks,https://i.ibb.co/mFCQYCrw/hot.png,Espresso,1,8.54,8.54,3.53,1.18,3.83,Zomato,Cash
O00101,28-07-2025,July,2025,Appetizer,French Fries,https://i.ibb.co/23d8CKt3/fries.png,Peri Peri Fries,2,12.22,24.44,9.92,3.05,11.47,In-Store,Online
O00102,09-01-2025,January,2025,Main Menu,Club Veg,https://i.ibb.co/7tVrrcM1/clubveg.png,Veggie Club Special,1,14.34,14.34,4.33,2.11,7.9,In-Store,Card
O00103,06-12-2025,December,2025,Beverage,Hot Drinks,https://i.ibb.co/mFCQYCrw/hot.png,Green Tea,1,4.59,4.59,1.94,0.8,1.85,UberEats,Online
O00104,09-10-2025,October,2025,Appetizer,Macaroni,https://i.ibb.co/zVLCV731/macaroni.png,Spicy Mac,1,7.9,7.9,2.81,1.02,4.07,UberEats,UPI
O00105,29-04-2025,April,2025,Main Menu,Sandwich,https://i.ibb.co/fzhvYTxp/sandwich.png,Paneer Tikka,2,12.24,24.48,10.29,4.84,9.35,Swiggy,Card
O00106,21-04-2025,April,2025,Beverage,Hot Drinks,https://i.ibb.co/mFCQYCrw/hot.png,Hot Chocolate,4,5.61,22.44,8.51,4.47,9.46,UberEats,Cash
O00107,01-06-2025,June,2025,Main Menu,Club Veg,https://i.ibb.co/7tVrrcM1/clubveg.png,Veggie Club Special,4,15.54,62.16,19.35,7.25,35.56,UberEats,Cash
O00108,01-10-2025,October,2025,Main Menu,Club Veg,https://i.ibb.co/7tVrrcM1/clubveg.png,Triple Cheese Club,1,12.94,12.94,5.1,2.05,5.79,Swiggy,UPI
O00109,06-03-2025,March,2025,Beverage,Hot Drinks,https://i.ibb.co/mFCQYCrw/hot.png,Espresso,4,4.23,16.92,7.51,1.79,7.62,Swiggy,UPI
O00110,03-09-2025,September,2025,Appetizer,Macaroni,https://i.ibb.co/zVLCV731/macaroni.png,Cheese Mac,1,6.85,6.85,2.34,0.81,3.7,Swiggy,UPI
O00111,28-02-2025,February,2025,Main Menu,Pizza,https://i.ibb.co/vx6T9K8X/pizza-1.png,Veggie Paradise,2,13.53,27.06,9.2,3.68,14.18,Swiggy,Cash
O00112,18-03-2025,March,2025,Beverage,Hot Drinks,https://i.ibb.co/mFCQYCrw/hot.png,Espresso,3,6.27,18.81,7.16,2.46,9.19,Zomato,Cash
O00113,02-08-2025,August,2025,Beverage,Juice,https://i.ibb.co/bM9d4qvH/juice.png,Mixed Fruit Juice,1,7.42,7.42,2.37,0.8,4.25,In-Store,Online
O00114,29-10-2025,October,2025,Appetizer,Macaroni,https://i.ibb.co/zVLCV731/macaroni.png,Classic Mac,1,9.33,9.33,3.66,1.32,4.35,Swiggy,Card
O00115,19-04-2025,April,2025,Appetizer,French Fries,https://i.ibb.co/23d8CKt3/fries.png,Salted Fries,1,12.93,12.93,4.2,1.82,6.91,Zomato,Card
O00116,10-10-2025,October,2025,Main Menu,Sandwich,https://i.ibb.co/fzhvYTxp/sandwich.png,Grilled Veg,3,14.8,44.4,14.32,7.08,23,In-Store,Online
O00117,01-11-2025,November,2025,Appetizer,Macaroni,https://i.ibb.co/zVLCV731/macaroni.png,Classic Mac,3,13.76,41.28,15.91,4.39,20.98,Zomato,UPI
O00118,25-05-2025,May,2025,Beverage,Hot Drinks,https://i.ibb.co/mFCQYCrw/hot.png,Espresso,1,4.67,4.67,1.44,0.87,2.36,Zomato,UPI
O00119,29-10-2025,October,2025,Beverage,Juice,https://i.ibb.co/bM9d4qvH/juice.png,Mixed Fruit Juice,2,9,18,7.87,2.85,7.28,Swiggy,Card
O00120,18-03-2025,March,2025,Appetizer,Burger,https://i.ibb.co/KjvbDYc5/burger.png,Aloo Tikki Burger,3,12.06,36.18,12.2,5.25,18.73,Swiggy,Card
O00121,01-11-2025,November,2025,Beverage,Hot Drinks,https://i.ibb.co/mFCQYCrw/hot.png,Green Tea,1,8.77,8.77,2.9,1.65,4.22,Swiggy,Online
O00122,05-06-2025,June,2025,Beverage,Hot Drinks,https://i.ibb.co/mFCQYCrw/hot.png,Hot Chocolate,3,4.23,12.69,4.02,2.12,6.55,In-Store,Online
O00123,03-11-2025,November,2025,Main Menu,Pizza,https://i.ibb.co/vx6T9K8X/pizza-1.png,Peppy Paneer,3,17.72,53.16,18.4,9.66,25.1,UberEats,Cash
O00124,28-04-2025,April,2025,Beverage,Juice,https://i.ibb.co/bM9d4qvH/juice.png,Watermelon Juice,3,4.44,13.32,4.8,1.51,7.01,Swiggy,Card
O00125,23-09-2025,September,2025,Beverage,Hot Drinks,https://i.ibb.co/mFCQYCrw/hot.png,Hot Chocolate,1,7.78,7.78,3.08,1.4,3.3,Zomato,Online
O00126,09-09-2025,September,2025,Main Menu,Pizza,https://i.ibb.co/vx6T9K8X/pizza-1.png,Peppy Paneer,2,16.17,32.34,11.4,5.14,15.8,In-Store,UPI
O00127,10-12-2025,December,2025,Main Menu,Sandwich,https://i.ibb.co/fzhvYTxp/sandwich.png,Paneer Tikka,3,14.37,43.11,17.63,6.67,18.81,In-Store,Online
O00128,06-12-2025,December,2025,Appetizer,French Fries,https://i.ibb.co/23d8CKt3/fries.png,Salted Fries,2,13.28,26.56,10.45,4.95,11.16,In-Store,Cash
O00129,10-05-2025,May,2025,Appetizer,Burger,https://i.ibb.co/KjvbDYc5/burger.png,Spicy Bean Burger,4,7.18,28.72,12.24,5.08,11.4,Swiggy,Online
O00130,28-01-2025,January,2025,Main Menu,Club Veg,https://i.ibb.co/7tVrrcM1/clubveg.png,Corn & Mayo Club,2,10.46,20.92,7.82,2.78,10.32,In-Store,Cash
O00131,17-05-2025,May,2025,Beverage,Juice,https://i.ibb.co/bM9d4qvH/juice.png,Watermelon Juice,3,5.2,15.6,5.94,2.28,7.38,In-Store,Online
O00132,15-01-2025,January,2025,Beverage,Juice,https://i.ibb.co/bM9d4qvH/juice.png,Mango Juice,4,6,24,9.51,2.84,11.65,UberEats,Cash
O00133,28-07-2025,July,2025,Main Menu,Sandwich,https://i.ibb.co/fzhvYTxp/sandwich.png,Grilled Veg,3,18.97,56.91,21.47,11.23,24.21,In-Store,Cash
O00134,20-03-2025,March,2025,Appetizer,French Fries,https://i.ibb.co/23d8CKt3/fries.png,Cheese Fries,1,7.79,7.79,2.53,1,4.26,UberEats,Online
O00135,30-08-2025,August,2025,Main Menu,Pizza,https://i.ibb.co/vx6T9K8X/pizza-1.png,Farmhouse,1,10.89,10.89,4.14,1.48,5.27,In-Store,Card
O00136,18-09-2025,September,2025,Beverage,Juice,https://i.ibb.co/bM9d4qvH/juice.png,Orange Juice,2,4.64,9.28,3.75,0.96,4.57,UberEats,Online
O00137,17-09-2025,September,2025,Appetizer,Burger,https://i.ibb.co/KjvbDYc5/burger.png,Paneer Burger,3,11.02,33.06,12.46,3.82,16.78,UberEats,Online
O00138,17-08-2025,August,2025,Beverage,Hot Drinks,https://i.ibb.co/mFCQYCrw/hot.png,Hot Chocolate,4,4.01,16.04,6.75,2.8,6.49,UberEats,Online
O00139,14-06-2025,June,2025,Main Menu,Sandwich,https://i.ibb.co/fzhvYTxp/sandwich.png,Classic Veg,3,12.09,36.27,15.91,4.48,15.88,Zomato,Online
O00140,12-06-2025,June,2025,Beverage,Hot Drinks,https://i.ibb.co/mFCQYCrw/hot.png,Green Tea,2,6.66,13.32,5.49,1.38,6.45,In-Store,Card
O00141,19-01-2025,January,2025,Main Menu,Club Veg,https://i.ibb.co/7tVrrcM1/clubveg.png,Triple Cheese Club,3,17.13,51.39,21.93,8.99,20.47,In-Store,Cash
O00142,22-08-2025,August,2025,Main Menu,Sandwich,https://i.ibb.co/fzhvYTxp/sandwich.png,Classic Veg,2,18.67,37.34,14.19,4.64,18.51,Zomato,Cash
O00143,16-05-2025,May,2025,Appetizer,French Fries,https://i.ibb.co/23d8CKt3/fries.png,Loaded Fries,2,9.02,18.04,6.94,3.32,7.78,Swiggy,UPI
O00144,01-10-2025,October,2025,Appetizer,Macaroni,https://i.ibb.co/zVLCV731/macaroni.png,Spicy Mac,1,10.28,10.28,4.46,1.64,4.18,Swiggy,Cash
O00145,20-11-2025,November,2025,Beverage,Hot Drinks,https://i.ibb.co/mFCQYCrw/hot.png,Cappuccino,1,7.95,7.95,2.96,1.26,3.73,Swiggy,Online
O00146,21-11-2025,November,2025,Beverage,Juice,https://i.ibb.co/bM9d4qvH/juice.png,Mixed Fruit Juice,4,6.79,27.16,9.91,3.06,14.19,Zomato,UPI
O00147,24-01-2025,January,2025,Appetizer,Burger,https://i.ibb.co/KjvbDYc5/burger.png,Paneer Burger,2,8.9,17.8,6.96,2.21,8.63,UberEats,UPI
O00148,16-03-2025,March,2025,Main Menu,Pizza,https://i.ibb.co/vx6T9K8X/pizza-1.png,Farmhouse,1,13.3,13.3,4.46,1.47,7.37,Zomato,Card
O00149,09-11-2025,November,2025,Appetizer,French Fries,https://i.ibb.co/23d8CKt3/fries.png,Peri Peri Fries,4,7.97,31.88,13.63,3.47,14.78,In-Store,Card
O00150,25-08-2025,August,2025,Beverage,Hot Drinks,https://i.ibb.co/mFCQYCrw/hot.png,Green Tea,1,4.28,4.28,1.34,0.65,2.29,UberEats,Cash
O00151,28-05-2025,May,2025,Beverage,Juice,https://i.ibb.co/bM9d4qvH/juice.png,Orange Juice,3,8.91,26.73,11.61,4.21,10.91,In-Store,UPI
O00152,03-06-2025,June,2025,Beverage,Hot Drinks,https://i.ibb.co/mFCQYCrw/hot.png,Hot Chocolate,2,4.03,8.06,2.73,0.94,4.39,In-Store,UPI
O00153,16-07-2025,July,2025,Appetizer,Burger,https://i.ibb.co/KjvbDYc5/burger.png,Veg Cheese Burger,3,13.44,40.32,15.33,5.95,19.04,In-Store,UPI
O00154,01-06-2025,June,2025,Beverage,Hot Drinks,https://i.ibb.co/mFCQYCrw/hot.png,Espresso,2,5.03,10.06,3.51,1.43,5.12,In-Store,UPI
O00155,17-10-2025,October,2025,Beverage,Juice,https://i.ibb.co/bM9d4qvH/juice.png,Mixed Fruit Juice,3,5.21,15.63,6.35,2.76,6.52,UberEats,Card
O00156,30-06-2025,June,2025,Main Menu,Sandwich,https://i.ibb.co/fzhvYTxp/sandwich.png,Paneer Tikka,3,15.06,45.18,16.81,6.92,21.45,Zomato,Cash
O00157,27-11-2025,November,2025,Main Menu,Club Veg,https://i.ibb.co/7tVrrcM1/clubveg.png,Corn & Mayo Club,2,13.37,26.74,10.22,4.14,12.38,Swiggy,UPI
O00158,09-03-2025,March,2025,Main Menu,Club Veg,https://i.ibb.co/7tVrrcM1/clubveg.png,Spicy Club,4,16.85,67.4,22.79,11.33,33.28,In-Store,Card
O00159,09-03-2025,March,2025,Beverage,Hot Drinks,https://i.ibb.co/mFCQYCrw/hot.png,Hot Chocolate,4,6.98,27.92,10.91,5.01,12,Zomato,UPI
O00160,01-06-2025,June,2025,Beverage,Hot Drinks,https://i.ibb.co/mFCQYCrw/hot.png,Espresso,4,8.25,33,14.68,3.71,14.61,In-Store,Cash
O00161,26-04-2025,April,2025,Beverage,Hot Drinks,https://i.ibb.co/mFCQYCrw/hot.png,Hot Chocolate,4,8.69,34.76,12.41,6.7,15.65,Swiggy,Online
O00162,16-05-2025,May,2025,Beverage,Juice,https://i.ibb.co/bM9d4qvH/juice.png,Mixed Fruit Juice,1,4.24,4.24,1.36,0.76,2.12,UberEats,UPI
O00163,15-07-2025,July,2025,Beverage,Hot Drinks,https://i.ibb.co/mFCQYCrw/hot.png,Espresso,1,4.82,4.82,1.58,0.6,2.64,Zomato,Online
O00164,14-11-2025,November,2025,Beverage,Hot Drinks,https://i.ibb.co/mFCQYCrw/hot.png,Cappuccino,1,8.54,8.54,3.69,1.19,3.66,Swiggy,Online
O00165,04-06-2025,June,2025,Beverage,Hot Drinks,https://i.ibb.co/mFCQYCrw/hot.png,Espresso,2,6.2,12.4,5.39,2.01,5,Zomato,Cash
O00166,05-06-2025,June,2025,Appetizer,Burger,https://i.ibb.co/KjvbDYc5/burger.png,Aloo Tikki Burger,1,9.51,9.51,3.18,1.81,4.52,Zomato,Card
O00167,21-08-2025,August,2025,Appetizer,French Fries,https://i.ibb.co/23d8CKt3/fries.png,Loaded Fries,4,10.35,41.4,13.84,6.39,21.17,Zomato,Online
O00168,20-02-2025,February,2025,Appetizer,French Fries,https://i.ibb.co/23d8CKt3/fries.png,Loaded Fries,3,8.66,25.98,9.1,2.96,13.92,UberEats,Cash
O00169,09-07-2025,July,2025,Main Menu,Pizza,https://i.ibb.co/vx6T9K8X/pizza-1.png,Veggie Paradise,4,16.2,64.8,26.65,10.19,27.96,Zomato,UPI
O00170,18-12-2025,December,2025,Appetizer,French Fries,https://i.ibb.co/23d8CKt3/fries.png,Cheese Fries,1,12.02,12.02,4.05,2.1,5.87,Swiggy,Online
O00171,08-04-2025,April,2025,Main Menu,Pizza,https://i.ibb.co/vx6T9K8X/pizza-1.png,Margherita,2,15.7,31.4,11.75,5.51,14.14,Zomato,Cash
O00172,20-06-2025,June,2025,Main Menu,Sandwich,https://i.ibb.co/fzhvYTxp/sandwich.png,Cheese Chilli,3,15.36,46.08,19.67,5.2,21.21,Swiggy,Card
O00173,21-04-2025,April,2025,Main Menu,Club Veg,https://i.ibb.co/7tVrrcM1/clubveg.png,Veggie Club Special,1,17.97,17.97,6.7,2.53,8.74,Swiggy,UPI
O00174,08-03-2025,March,2025,Beverage,Hot Drinks,https://i.ibb.co/mFCQYCrw/hot.png,Cappuccino,3,4.06,12.18,4.92,1.88,5.38,Swiggy,Cash
O00175,08-01-2025,January,2025,Appetizer,Burger,https://i.ibb.co/KjvbDYc5/burger.png,Paneer Burger,3,8.77,26.31,11.68,3.53,11.1,Swiggy,Card
O00176,27-01-2025,January,2025,Main Menu,Pizza,https://i.ibb.co/vx6T9K8X/pizza-1.png,Margherita,2,14.24,28.48,12.59,3.28,12.61,Swiggy,Online
O00177,05-07-2025,July,2025,Beverage,Juice,https://i.ibb.co/bM9d4qvH/juice.png,Mixed Fruit Juice,1,6.53,6.53,2.21,1.13,3.19,Zomato,Cash
O00178,04-12-2025,December,2025,Beverage,Hot Drinks,https://i.ibb.co/mFCQYCrw/hot.png,Green Tea,4,4.51,18.04,7.3,3.47,7.27,Swiggy,Cash
O00179,25-07-2025,July,2025,Appetizer,French Fries,https://i.ibb.co/23d8CKt3/fries.png,Salted Fries,4,7.22,28.88,10.29,3.09,15.5,In-Store,Online
O00180,11-02-2025,February,2025,Appetizer,French Fries,https://i.ibb.co/23d8CKt3/fries.png,Peri Peri Fries,1,6.83,6.83,3,0.99,2.84,Swiggy,Card
O00181,16-11-2025,November,2025,Beverage,Hot Drinks,https://i.ibb.co/mFCQYCrw/hot.png,Green Tea,2,8.92,17.84,5.85,3.28,8.71,UberEats,Online
O00182,06-11-2025,November,2025,Appetizer,Burger,https://i.ibb.co/KjvbDYc5/burger.png,Aloo Tikki Burger,3,8.49,25.47,9.9,3.56,12.01,Zomato,Online
O00183,27-04-2025,April,2025,Appetizer,Macaroni,https://i.ibb.co/zVLCV731/macaroni.png,Spicy Mac,4,8.68,34.72,14.52,5.57,14.63,In-Store,Online
O00184,18-02-2025,February,2025,Appetizer,Macaroni,https://i.ibb.co/zVLCV731/macaroni.png,Veg Loaded Mac,2,9.32,18.64,8.16,2.51,7.97,UberEats,UPI
O00185,18-12-2025,December,2025,Appetizer,Burger,https://i.ibb.co/KjvbDYc5/burger.png,Aloo Tikki Burger,1,11.9,11.9,4.62,1.23,6.05,Swiggy,Cash
O00186,19-02-2025,February,2025,Beverage,Hot Drinks,https://i.ibb.co/mFCQYCrw/hot.png,Cappuccino,1,5.24,5.24,1.96,0.74,2.54,Swiggy,UPI
O00187,04-03-2025,March,2025,Appetizer,Macaroni,https://i.ibb.co/zVLCV731/macaroni.png,Spicy Mac,3,8.9,26.7,9.12,3.26,14.32,Swiggy,UPI
O00188,09-06-2025,June,2025,Appetizer,Burger,https://i.ibb.co/KjvbDYc5/burger.png,Veg Cheese Burger,1,10.12,10.12,4.49,1.16,4.47,Zomato,Online
O00189,25-02-2025,February,2025,Appetizer,French Fries,https://i.ibb.co/23d8CKt3/fries.png,Cheese Fries,1,6.68,6.68,2.19,0.87,3.62,Swiggy,UPI
O00190,26-04-2025,April,2025,Appetizer,French Fries,https://i.ibb.co/23d8CKt3/fries.png,Salted Fries,3,9.18,27.54,9.13,5.23,13.18,UberEats,Cash
O00191,20-05-2025,May,2025,Beverage,Hot Drinks,https://i.ibb.co/mFCQYCrw/hot.png,Hot Chocolate,1,4.95,4.95,1.77,0.91,2.27,UberEats,Cash
O00192,15-03-2025,March,2025,Beverage,Hot Drinks,https://i.ibb.co/mFCQYCrw/hot.png,Espresso,3,5.47,16.41,6.04,2.5,7.87,Zomato,Cash
O00193,29-09-2025,September,2025,Main Menu,Pizza,https://i.ibb.co/vx6T9K8X/pizza-1.png,Veggie Paradise,2,14.01,28.02,11.62,3.09,13.31,In-Store,UPI
O00194,09-07-2025,July,2025,Appetizer,French Fries,https://i.ibb.co/23d8CKt3/fries.png,Cheese Fries,3,6.6,19.8,7.05,2.52,10.23,Swiggy,Cash
O00195,22-03-2025,March,2025,Beverage,Juice,https://i.ibb.co/bM9d4qvH/juice.png,Orange Juice,3,6.04,18.12,8.1,3.33,6.69,UberEats,Online
O00196,06-08-2025,August,2025,Appetizer,French Fries,https://i.ibb.co/23d8CKt3/fries.png,Loaded Fries,1,9.26,9.26,3.09,1.14,5.03,In-Store,UPI
O00197,20-09-2025,September,2025,Main Menu,Club Veg,https://i.ibb.co/7tVrrcM1/clubveg.png,Corn & Mayo Club,2,10.2,20.4,7.16,3.2,10.04,Swiggy,UPI
O00198,14-12-2025,December,2025,Beverage,Hot Drinks,https://i.ibb.co/mFCQYCrw/hot.png,Hot Chocolate,4,6.78,27.12,8.54,3.37,15.21,Swiggy,Card
O00199,03-11-2025,November,2025,Main Menu,Veg Mania,https://i.ibb.co/svfg0hg2/vegmania.png,Mushroom Magic,3,18.56,55.68,24.74,10.83,20.11,UberEats,Card
O00200,11-05-2025,May,2025,Appetizer,Macaroni,https://i.ibb.co/zVLCV731/macaroni.png,Classic Mac,3,9.25,27.75,12.06,2.81,12.88,Swiggy,Online
O00201,09-08-2025,August,2025,Main Menu,Sandwich,https://i.ibb.co/fzhvYTxp/sandwich.png,Classic Veg,3,12.08,36.24,11.54,6.8,17.9,Zomato,UPI
O00202,23-07-2025,July,2025,Beverage,Juice,https://i.ibb.co/bM9d4qvH/juice.png,Mixed Fruit Juice,1,7.52,7.52,3.18,1.01,3.33,Swiggy,Online
O00203,10-06-2025,June,2025,Beverage,Hot Drinks,https://i.ibb.co/mFCQYCrw/hot.png,Green Tea,3,5.9,17.7,5.4,3.24,9.06,In-Store,UPI
O00204,27-07-2025,July,2025,Main Menu,Club Veg,https://i.ibb.co/7tVrrcM1/clubveg.png,Veggie Club Special,1,17.74,17.74,6.48,2.3,8.96,In-Store,UPI
O00205,12-08-2025,August,2025,Main Menu,Sandwich,https://i.ibb.co/fzhvYTxp/sandwich.png,Classic Veg,4,17.64,70.56,22.38,11.05,37.13,In-Store,Cash
O00206,08-06-2025,June,2025,Beverage,Hot Drinks,https://i.ibb.co/mFCQYCrw/hot.png,Cappuccino,4,6.36,25.44,9.25,2.6,13.59,UberEats,Card
O00207,19-09-2025,September,2025,Beverage,Juice,https://i.ibb.co/bM9d4qvH/juice.png,Mango Juice,1,6.71,6.71,2.42,0.82,3.47,UberEats,UPI
O00208,27-11-2025,November,2025,Main Menu,Sandwich,https://i.ibb.co/fzhvYTxp/sandwich.png,Grilled Veg,2,14.22,28.44,10.77,3.33,14.34,Zomato,UPI
O00209,30-03-2025,March,2025,Beverage,Juice,https://i.ibb.co/bM9d4qvH/juice.png,Orange Juice,2,4.09,8.18,3.1,1.48,3.6,Zomato,Online
O00210,16-10-2025,October,2025,Beverage,Hot Drinks,https://i.ibb.co/mFCQYCrw/hot.png,Hot Chocolate,1,4.34,4.34,1.73,0.79,1.82,UberEats,Card
O00211,04-02-2025,February,2025,Appetizer,Macaroni,https://i.ibb.co/zVLCV731/macaroni.png,Veg Loaded Mac,1,6.09,6.09,2.07,0.77,3.25,UberEats,Cash
O00212,17-09-2025,September,2025,Main Menu,Club Veg,https://i.ibb.co/7tVrrcM1/clubveg.png,Corn & Mayo Club,1,12.51,12.51,5,1.47,6.04,In-Store,Cash
O00213,08-07-2025,July,2025,Appetizer,Burger,https://i.ibb.co/KjvbDYc5/burger.png,Aloo Tikki Burger,4,9.35,37.4,15.54,5.32,16.54,In-Store,Online
O00214,11-10-2025,October,2025,Beverage,Juice,https://i.ibb.co/bM9d4qvH/juice.png,Mixed Fruit Juice,1,8.79,8.79,2.75,1.41,4.63,Zomato,UPI
O00215,01-09-2025,September,2025,Beverage,Juice,https://i.ibb.co/bM9d4qvH/juice.png,Orange Juice,4,5.95,23.8,8.7,4.56,10.54,In-Store,Cash
O00216,13-02-2025,February,2025,Beverage,Juice,https://i.ibb.co/bM9d4qvH/juice.png,Orange Juice,2,7.05,14.1,5.24,2.35,6.51,Zomato,Online
O00217,26-09-2025,September,2025,Beverage,Juice,https://i.ibb.co/bM9d4qvH/juice.png,Watermelon Juice,1,7.66,7.66,2.61,1.18,3.87,UberEats,UPI
O00218,29-07-2025,July,2025,Appetizer,French Fries,https://i.ibb.co/23d8CKt3/fries.png,Salted Fries,1,12.73,12.73,4.77,2.03,5.93,UberEats,Cash
O00219,18-02-2025,February,2025,Beverage,Hot Drinks,https://i.ibb.co/mFCQYCrw/hot.png,Hot Chocolate,1,7.85,7.85,2.76,1.06,4.03,UberEats,Card
O00220,11-02-2025,February,2025,Beverage,Juice,https://i.ibb.co/bM9d4qvH/juice.png,Watermelon Juice,4,7.52,30.08,10.99,3.75,15.34,UberEats,Online
O00221,01-11-2025,November,2025,Beverage,Juice,https://i.ibb.co/bM9d4qvH/juice.png,Watermelon Juice,4,8,32,14.24,3.22,14.54,In-Store,UPI
O00222,10-12-2025,December,2025,Beverage,Juice,https://i.ibb.co/bM9d4qvH/juice.png,Mixed Fruit Juice,3,5.57,16.71,7.31,1.9,7.5,UberEats,Cash
O00223,08-06-2025,June,2025,Main Menu,Sandwich,https://i.ibb.co/fzhvYTxp/sandwich.png,Paneer Tikka,3,14.46,43.38,13.58,8.49,21.31,In-Store,Card
O00224,12-03-2025,March,2025,Main Menu,Veg Mania,https://i.ibb.co/svfg0hg2/vegmania.png,Corn Supreme,1,16.39,16.39,6.54,2.77,7.08,Swiggy,Cash
O00225,22-06-2025,June,2025,Beverage,Juice,https://i.ibb.co/bM9d4qvH/juice.png,Mixed Fruit Juice,1,5.25,5.25,2.08,0.89,2.28,Zomato,Card
O00226,21-12-2025,December,2025,Beverage,Juice,https://i.ibb.co/bM9d4qvH/juice.png,Mixed Fruit Juice,4,7.35,29.4,11.93,5.66,11.81,Swiggy,Online
O00227,13-12-2025,December,2025,Beverage,Juice,https://i.ibb.co/bM9d4qvH/juice.png,Mixed Fruit Juice,2,6.84,13.68,4.75,1.53,7.4,UberEats,Online
O00228,01-10-2025,October,2025,Main Menu,Club Veg,https://i.ibb.co/7tVrrcM1/clubveg.png,Corn & Mayo Club,4,11.93,47.72,21.27,9.28,17.17,Zomato,UPI
O00229,20-10-2025,October,2025,Appetizer,Macaroni,https://i.ibb.co/zVLCV731/macaroni.png,Veg Loaded Mac,3,12.9,38.7,14.25,5.89,18.56,In-Store,Online
O00230,13-04-2025,April,2025,Beverage,Juice,https://i.ibb.co/bM9d4qvH/juice.png,Watermelon Juice,4,7.25,29,9.7,3.25,16.05,Swiggy,Online
O00231,11-10-2025,October,2025,Main Menu,Veg Mania,https://i.ibb.co/svfg0hg2/vegmania.png,Corn Supreme,4,16.96,67.84,24.84,9.53,33.47,Swiggy,Card
O00232,19-08-2025,August,2025,Beverage,Juice,https://i.ibb.co/bM9d4qvH/juice.png,Mixed Fruit Juice,4,8.02,32.08,13.43,4.23,14.42,Swiggy,Card
O00233,28-06-2025,June,2025,Main Menu,Pizza,https://i.ibb.co/vx6T9K8X/pizza-1.png,Margherita,2,18.86,37.72,16.28,5.35,16.09,In-Store,UPI
O00234,17-07-2025,July,2025,Main Menu,Club Veg,https://i.ibb.co/7tVrrcM1/clubveg.png,Veggie Club Special,3,19.9,59.7,25.74,9.13,24.83,Swiggy,UPI
O00235,29-11-2025,November,2025,Appetizer,Burger,https://i.ibb.co/KjvbDYc5/burger.png,Veg Cheese Burger,3,12.39,37.17,11.2,3.91,22.06,Swiggy,UPI
O00236,23-12-2025,December,2025,Main Menu,Pizza,https://i.ibb.co/vx6T9K8X/pizza-1.png,Veggie Paradise,4,10.38,41.52,16.36,7.78,17.38,Swiggy,Cash
O00237,12-05-2025,May,2025,Main Menu,Sandwich,https://i.ibb.co/fzhvYTxp/sandwich.png,Classic Veg,1,17.68,17.68,6.2,2.69,8.79,Swiggy,UPI
O00238,04-06-2025,June,2025,Main Menu,Veg Mania,https://i.ibb.co/svfg0hg2/vegmania.png,Mushroom Magic,1,10.03,10.03,3.54,1.29,5.2,In-Store,Online
O00239,26-02-2025,February,2025,Appetizer,French Fries,https://i.ibb.co/23d8CKt3/fries.png,Salted Fries,1,7.87,7.87,2.69,1.5,3.68,Zomato,Card
O00240,08-08-2025,August,2025,Main Menu,Club Veg,https://i.ibb.co/7tVrrcM1/clubveg.png,Veggie Club Special,1,11.09,11.09,4.46,1.35,5.28,In-Store,Card
O00241,09-12-2025,December,2025,Main Menu,Club Veg,https://i.ibb.co/7tVrrcM1/clubveg.png,Triple Cheese Club,3,17.86,53.58,20.8,10.62,22.16,Swiggy,Online
O00242,23-01-2025,January,2025,Beverage,Hot Drinks,https://i.ibb.co/mFCQYCrw/hot.png,Hot Chocolate,2,7,14,5.49,1.63,6.88,UberEats,Cash
O00243,04-02-2025,February,2025,Appetizer,Burger,https://i.ibb.co/KjvbDYc5/burger.png,Aloo Tikki Burger,4,7.85,31.4,13.37,3.86,14.17,UberEats,Card
O00244,30-06-2025,June,2025,Beverage,Hot Drinks,https://i.ibb.co/mFCQYCrw/hot.png,Cappuccino,3,4.6,13.8,4.51,1.68,7.61,In-Store,Online
O00245,04-04-2025,April,2025,Main Menu,Veg Mania,https://i.ibb.co/svfg0hg2/vegmania.png,Veg Overload,2,17.8,35.6,14.96,5.8,14.84,Swiggy,UPI
O00246,23-01-2025,January,2025,Main Menu,Veg Mania,https://i.ibb.co/svfg0hg2/vegmania.png,Corn Supreme,4,15.18,60.72,27.28,7.13,26.31,UberEats,Online
O00247,31-08-2025,August,2025,Appetizer,Burger,https://i.ibb.co/KjvbDYc5/burger.png,Veg Cheese Burger,2,12.07,24.14,10.85,4.58,8.71,UberEats,UPI
O00248,02-12-2025,December,2025,Appetizer,Macaroni,https://i.ibb.co/zVLCV731/macaroni.png,Classic Mac,1,10.98,10.98,4.18,1.75,5.05,UberEats,Online
O00249,14-08-2025,August,2025,Appetizer,Macaroni,https://i.ibb.co/zVLCV731/macaroni.png,Cheese Mac,1,6.73,6.73,2.41,0.86,3.46,In-Store,Online
O00250,23-09-2025,September,2025,Appetizer,Burger,https://i.ibb.co/KjvbDYc5/burger.png,Spicy Bean Burger,2,6.36,12.72,5.46,2.3,4.96,Swiggy,Online
O00251,03-04-2025,April,2025,Beverage,Hot Drinks,https://i.ibb.co/mFCQYCrw/hot.png,Hot Chocolate,3,6.75,20.25,6.93,2.54,10.78,Swiggy,Cash
O00252,05-12-2025,December,2025,Appetizer,Macaroni,https://i.ibb.co/zVLCV731/macaroni.png,Spicy Mac,4,11.57,46.28,17.33,5,23.95,In-Store,Card
O00253,16-08-2025,August,2025,Appetizer,Macaroni,https://i.ibb.co/zVLCV731/macaroni.png,Classic Mac,1,11.47,11.47,5.15,1.22,5.1,UberEats,Online
O00254,24-11-2025,November,2025,Main Menu,Veg Mania,https://i.ibb.co/svfg0hg2/vegmania.png,Veg Overload,3,15.16,45.48,19.27,6.13,20.08,UberEats,Card
O00255,15-03-2025,March,2025,Beverage,Hot Drinks,https://i.ibb.co/mFCQYCrw/hot.png,Espresso,1,6.83,6.83,2.8,1.04,2.99,Zomato,Cash
O00256,27-11-2025,November,2025,Appetizer,Macaroni,https://i.ibb.co/zVLCV731/macaroni.png,Spicy Mac,3,7.96,23.88,10.27,4.08,9.53,Swiggy,Card
O00257,19-08-2025,August,2025,Appetizer,Macaroni,https://i.ibb.co/zVLCV731/macaroni.png,Spicy Mac,2,11.58,23.16,7.32,3.93,11.91,Swiggy,Card
O00258,07-07-2025,July,2025,Appetizer,Macaroni,https://i.ibb.co/zVLCV731/macaroni.png,Veg Loaded Mac,1,13.05,13.05,5.62,1.34,6.09,Zomato,Cash
O00259,06-04-2025,April,2025,Appetizer,French Fries,https://i.ibb.co/23d8CKt3/fries.png,Loaded Fries,3,7.03,21.09,7.05,4.03,10.01,Swiggy,UPI
O00260,27-12-2025,December,2025,Appetizer,Burger,https://i.ibb.co/KjvbDYc5/burger.png,Paneer Burger,1,10.45,10.45,3.93,1.05,5.47,In-Store,Card
O00261,11-03-2025,March,2025,Main Menu,Pizza,https://i.ibb.co/vx6T9K8X/pizza-1.png,Farmhouse,1,16.17,16.17,6.21,1.8,8.16,In-Store,Cash
O00262,13-06-2025,June,2025,Beverage,Hot Drinks,https://i.ibb.co/mFCQYCrw/hot.png,Espresso,1,4.05,4.05,1.69,0.45,1.91,UberEats,UPI
O00263,31-12-2025,December,2025,Beverage,Juice,https://i.ibb.co/bM9d4qvH/juice.png,Watermelon Juice,4,6.71,26.84,11.43,3.74,11.67,Zomato,Cash
O00264,13-03-2025,March,2025,Main Menu,Pizza,https://i.ibb.co/vx6T9K8X/pizza-1.png,Margherita,2,17.54,35.08,15.46,5.92,13.7,UberEats,UPI
O00265,10-10-2025,October,2025,Main Menu,Veg Mania,https://i.ibb.co/svfg0hg2/vegmania.png,Paneer Delight,1,13.01,13.01,5.41,2.22,5.38,UberEats,Online
O00266,03-09-2025,September,2025,Beverage,Hot Drinks,https://i.ibb.co/mFCQYCrw/hot.png,Green Tea,4,4.29,17.16,5.27,3.21,8.68,Swiggy,Card
O00267,25-11-2025,November,2025,Main Menu,Pizza,https://i.ibb.co/vx6T9K8X/pizza-1.png,Veggie Paradise,4,19.69,78.76,31.28,12.56,34.92,UberEats,Card
O00268,24-11-2025,November,2025,Beverage,Juice,https://i.ibb.co/bM9d4qvH/juice.png,Mango Juice,1,4.33,4.33,1.51,0.64,2.18,In-Store,Cash
O00269,23-09-2025,September,2025,Main Menu,Club Veg,https://i.ibb.co/7tVrrcM1/clubveg.png,Veggie Club Special,2,16.83,33.66,10.9,4.94,17.82,Zomato,UPI
O00270,26-04-2025,April,2025,Appetizer,French Fries,https://i.ibb.co/23d8CKt3/fries.png,Cheese Fries,1,6.82,6.82,2.21,1.22,3.39,Swiggy,UPI
O00271,22-11-2025,November,2025,Beverage,Hot Drinks,https://i.ibb.co/mFCQYCrw/hot.png,Cappuccino,2,5.1,10.2,4.24,1.25,4.71,UberEats,Cash
O00272,25-11-2025,November,2025,Main Menu,Sandwich,https://i.ibb.co/fzhvYTxp/sandwich.png,Cheese Chilli,2,18.68,37.36,12.05,5.35,19.96,UberEats,Cash
O00273,11-02-2025,February,2025,Main Menu,Club Veg,https://i.ibb.co/7tVrrcM1/clubveg.png,Veggie Club Special,3,14.2,42.6,18.94,7.5,16.16,In-Store,Cash
O00274,18-11-2025,November,2025,Beverage,Hot Drinks,https://i.ibb.co/mFCQYCrw/hot.png,Hot Chocolate,2,5.56,11.12,4.83,1.37,4.92,In-Store,Card
O00275,27-07-2025,July,2025,Appetizer,Macaroni,https://i.ibb.co/zVLCV731/macaroni.png,Classic Mac,1,6.25,6.25,2.55,0.98,2.72,Swiggy,Card
O00276,01-08-2025,August,2025,Appetizer,Macaroni,https://i.ibb.co/zVLCV731/macaroni.png,Cheese Mac,4,10.35,41.4,13.57,7.74,20.09,UberEats,Card
O00277,13-06-2025,June,2025,Beverage,Hot Drinks,https://i.ibb.co/mFCQYCrw/hot.png,Green Tea,2,7.85,15.7,5.96,1.6,8.14,Zomato,UPI
O00278,15-10-2025,October,2025,Main Menu,Club Veg,https://i.ibb.co/7tVrrcM1/clubveg.png,Veggie Club Special,4,12.94,51.76,22.68,8.37,20.71,In-Store,Cash
O00279,19-08-2025,August,2025,Main Menu,Sandwich,https://i.ibb.co/fzhvYTxp/sandwich.png,Grilled Veg,2,14.82,29.64,11.55,4.76,13.33,Swiggy,UPI
O00280,12-11-2025,November,2025,Appetizer,Burger,https://i.ibb.co/KjvbDYc5/burger.png,Veg Cheese Burger,4,10.47,41.88,15.65,4.46,21.77,UberEats,UPI
O00281,23-03-2025,March,2025,Appetizer,French Fries,https://i.ibb.co/23d8CKt3/fries.png,Loaded Fries,4,8.15,32.6,11.9,6.47,14.23,In-Store,UPI
O00282,12-01-2025,January,2025,Main Menu,Pizza,https://i.ibb.co/vx6T9K8X/pizza-1.png,Veggie Paradise,2,14.65,29.3,10.52,4.34,14.44,Zomato,Card
O00283,30-06-2025,June,2025,Main Menu,Veg Mania,https://i.ibb.co/svfg0hg2/vegmania.png,Corn Supreme,1,12.92,12.92,5.34,2.52,5.06,In-Store,Online
O00284,02-10-2025,October,2025,Main Menu,Veg Mania,https://i.ibb.co/svfg0hg2/vegmania.png,Veg Overload,3,17.24,51.72,16.33,6.42,28.97,Zomato,UPI
O00285,07-07-2025,July,2025,Appetizer,Macaroni,https://i.ibb.co/zVLCV731/macaroni.png,Classic Mac,4,7.14,28.56,10.63,3.46,14.47,In-Store,Cash
O00286,15-10-2025,October,2025,Main Menu,Club Veg,https://i.ibb.co/7tVrrcM1/clubveg.png,Spicy Club,2,17.76,35.52,12.4,5.39,17.73,Swiggy,Online
O00287,19-08-2025,August,2025,Beverage,Hot Drinks,https://i.ibb.co/mFCQYCrw/hot.png,Espresso,1,5.75,5.75,2.44,0.78,2.53,Zomato,Cash
O00288,11-07-2025,July,2025,Appetizer,French Fries,https://i.ibb.co/23d8CKt3/fries.png,Cheese Fries,2,13.82,27.64,11.15,4.98,11.51,Zomato,Card
O00289,18-09-2025,September,2025,Appetizer,French Fries,https://i.ibb.co/23d8CKt3/fries.png,Salted Fries,1,7.34,7.34,3.25,0.83,3.26,Swiggy,Cash
O00290,20-06-2025,June,2025,Appetizer,French Fries,https://i.ibb.co/23d8CKt3/fries.png,Loaded Fries,1,10.76,10.76,3.31,1.66,5.79,Zomato,Card
O00291,10-11-2025,November,2025,Appetizer,Burger,https://i.ibb.co/KjvbDYc5/burger.png,Spicy Bean Burger,2,12.97,25.94,10.22,4.63,11.09,UberEats,UPI
O00292,18-09-2025,September,2025,Beverage,Hot Drinks,https://i.ibb.co/mFCQYCrw/hot.png,Hot Chocolate,3,6.42,19.26,8.36,2.98,7.92,In-Store,Cash
O00293,19-06-2025,June,2025,Beverage,Juice,https://i.ibb.co/bM9d4qvH/juice.png,Mixed Fruit Juice,3,6.26,18.78,5.75,2.19,10.84,UberEats,Cash
O00294,31-08-2025,August,2025,Appetizer,French Fries,https://i.ibb.co/23d8CKt3/fries.png,Peri Peri Fries,4,11.8,47.2,15.91,5.47,25.82,Swiggy,Online
O00295,26-09-2025,September,2025,Beverage,Hot Drinks,https://i.ibb.co/mFCQYCrw/hot.png,Cappuccino,3,5.1,15.3,5.67,2.67,6.96,Zomato,Cash
O00296,25-12-2025,December,2025,Main Menu,Sandwich,https://i.ibb.co/fzhvYTxp/sandwich.png,Grilled Veg,4,14.34,57.36,21.49,8.92,26.95,In-Store,UPI
O00297,19-03-2025,March,2025,Appetizer,French Fries,https://i.ibb.co/23d8CKt3/fries.png,Peri Peri Fries,4,7.83,31.32,11.94,4.68,14.7,In-Store,Online
O00298,01-02-2025,February,2025,Beverage,Juice,https://i.ibb.co/bM9d4qvH/juice.png,Mango Juice,1,6.02,6.02,1.87,0.62,3.53,UberEats,Online
O00299,12-07-2025,July,2025,Appetizer,Burger,https://i.ibb.co/KjvbDYc5/burger.png,Spicy Bean Burger,2,9.7,19.4,8.62,2.75,8.03,UberEats,UPI
O00300,15-12-2025,December,2025,Beverage,Hot Drinks,https://i.ibb.co/mFCQYCrw/hot.png,Green Tea,4,7.14,28.56,10.16,5.68,12.72,Zomato,Card
O00301,13-10-2025,October,2025,Appetizer,Burger,https://i.ibb.co/KjvbDYc5/burger.png,Paneer Burger,4,12.94,51.76,20.09,5.33,26.34,UberEats,Card
O00302,27-12-2025,December,2025,Appetizer,Macaroni,https://i.ibb.co/zVLCV731/macaroni.png,Spicy Mac,3,10.85,32.55,14.16,4.63,13.76,UberEats,UPI
O00303,04-03-2025,March,2025,Beverage,Hot Drinks,https://i.ibb.co/mFCQYCrw/hot.png,Green Tea,2,6.96,13.92,4.93,1.93,7.06,UberEats,Card
O00304,22-01-2025,January,2025,Appetizer,French Fries,https://i.ibb.co/23d8CKt3/fries.png,Salted Fries,1,12.69,12.69,4.06,2.18,6.45,UberEats,Online
O00305,12-05-2025,May,2025,Beverage,Hot Drinks,https://i.ibb.co/mFCQYCrw/hot.png,Cappuccino,4,4.9,19.6,6.98,2.96,9.66,Zomato,UPI
O00306,23-12-2025,December,2025,Appetizer,Burger,https://i.ibb.co/KjvbDYc5/burger.png,Aloo Tikki Burger,1,6.55,6.55,2.21,1.23,3.11,Zomato,Card
O00307,09-12-2025,December,2025,Beverage,Juice,https://i.ibb.co/bM9d4qvH/juice.png,Mango Juice,1,6.57,6.57,2.62,0.72,3.23,Swiggy,Cash
O00308,19-06-2025,June,2025,Beverage,Hot Drinks,https://i.ibb.co/mFCQYCrw/hot.png,Espresso,4,5.56,22.24,7.53,3.68,11.03,Zomato,Cash
O00309,22-03-2025,March,2025,Appetizer,French Fries,https://i.ibb.co/23d8CKt3/fries.png,Loaded Fries,4,12.19,48.76,17.53,6.03,25.2,In-Store,Card
O00310,14-06-2025,June,2025,Appetizer,French Fries,https://i.ibb.co/23d8CKt3/fries.png,Salted Fries,2,13.07,26.14,8.51,3.97,13.66,Swiggy,Card
O00311,20-01-2025,January,2025,Main Menu,Pizza,https://i.ibb.co/vx6T9K8X/pizza-1.png,Farmhouse,1,18.29,18.29,6.72,2.9,8.67,Swiggy,Online
O00312,06-04-2025,April,2025,Beverage,Hot Drinks,https://i.ibb.co/mFCQYCrw/hot.png,Espresso,2,5.26,10.52,3.42,1.09,6.01,Swiggy,UPI
O00313,05-11-2025,November,2025,Main Menu,Club Veg,https://i.ibb.co/7tVrrcM1/clubveg.png,Spicy Club,1,16.64,16.64,6.94,2.84,6.86,In-Store,Online
O00314,16-09-2025,September,2025,Appetizer,Macaroni,https://i.ibb.co/zVLCV731/macaroni.png,Cheese Mac,2,12.91,25.82,8.54,2.87,14.41,Swiggy,UPI
O00315,23-08-2025,August,2025,Beverage,Hot Drinks,https://i.ibb.co/mFCQYCrw/hot.png,Cappuccino,3,4.29,12.87,4.31,1.35,7.21,Swiggy,UPI
O00316,18-10-2025,October,2025,Beverage,Juice,https://i.ibb.co/bM9d4qvH/juice.png,Mango Juice,1,5.12,5.12,2.25,0.67,2.2,In-Store,Online
O00317,17-06-2025,June,2025,Main Menu,Pizza,https://i.ibb.co/vx6T9K8X/pizza-1.png,Margherita,2,10.42,20.84,7.49,3.08,10.27,Zomato,Card
O00318,15-06-2025,June,2025,Main Menu,Veg Mania,https://i.ibb.co/svfg0hg2/vegmania.png,Corn Supreme,1,10.17,10.17,4.03,1.9,4.24,In-Store,Card
O00319,17-05-2025,May,2025,Appetizer,Macaroni,https://i.ibb.co/zVLCV731/macaroni.png,Classic Mac,2,10.12,20.24,7.11,3.1,10.03,UberEats,UPI
O00320,01-05-2025,May,2025,Main Menu,Veg Mania,https://i.ibb.co/svfg0hg2/vegmania.png,Veg Overload,4,11.33,45.32,18.39,5.45,21.48,UberEats,Card
O00321,18-12-2025,December,2025,Beverage,Hot Drinks,https://i.ibb.co/mFCQYCrw/hot.png,Espresso,1,8.85,8.85,3.63,1.02,4.2,UberEats,UPI
O00322,24-04-2025,April,2025,Main Menu,Sandwich,https://i.ibb.co/fzhvYTxp/sandwich.png,Classic Veg,3,19.63,58.89,23.79,10.82,24.28,Zomato,Online
O00323,07-11-2025,November,2025,Appetizer,Macaroni,https://i.ibb.co/zVLCV731/macaroni.png,Spicy Mac,2,11.47,22.94,7.72,4.2,11.02,Zomato,Card
O00324,02-11-2025,November,2025,Main Menu,Pizza,https://i.ibb.co/vx6T9K8X/pizza-1.png,Peppy Paneer,3,17.69,53.07,23.33,8.97,20.77,Swiggy,Cash
O00325,08-10-2025,October,2025,Beverage,Juice,https://i.ibb.co/bM9d4qvH/juice.png,Mango Juice,4,5.08,20.32,8.62,3.39,8.31,Zomato,UPI
O00326,15-08-2025,August,2025,Main Menu,Sandwich,https://i.ibb.co/fzhvYTxp/sandwich.png,Classic Veg,2,13.49,26.98,12.14,2.83,12.01,Swiggy,Online
O00327,21-08-2025,August,2025,Main Menu,Pizza,https://i.ibb.co/vx6T9K8X/pizza-1.png,Veggie Paradise,4,14.07,56.28,23.24,6.14,26.9,Swiggy,Online
O00328,07-06-2025,June,2025,Beverage,Juice,https://i.ibb.co/bM9d4qvH/juice.png,Mixed Fruit Juice,2,4.55,9.1,3.28,1.21,4.61,UberEats,Cash
O00329,22-04-2025,April,2025,Beverage,Juice,https://i.ibb.co/bM9d4qvH/juice.png,Orange Juice,2,8.04,16.08,6.94,2.12,7.02,In-Store,UPI
O00330,02-02-2025,February,2025,Beverage,Juice,https://i.ibb.co/bM9d4qvH/juice.png,Orange Juice,2,5.88,11.76,4.49,1.18,6.09,In-Store,Cash
O00331,29-07-2025,July,2025,Main Menu,Sandwich,https://i.ibb.co/fzhvYTxp/sandwich.png,Classic Veg,3,13.66,40.98,15.76,5.66,19.56,UberEats,Online
O00332,13-07-2025,July,2025,Appetizer,Burger,https://i.ibb.co/KjvbDYc5/burger.png,Veg Cheese Burger,4,10.77,43.08,15.34,5.29,22.45,UberEats,Cash
O00333,03-10-2025,October,2025,Appetizer,French Fries,https://i.ibb.co/23d8CKt3/fries.png,Peri Peri Fries,2,10.83,21.66,8.59,3.81,9.26,Zomato,Cash
O00334,02-06-2025,June,2025,Appetizer,French Fries,https://i.ibb.co/23d8CKt3/fries.png,Loaded Fries,4,10.34,41.36,15.63,6.12,19.61,In-Store,Card
O00335,24-08-2025,August,2025,Appetizer,Burger,https://i.ibb.co/KjvbDYc5/burger.png,Paneer Burger,4,8.73,34.92,11.26,5.33,18.33,Zomato,Cash
O00336,05-12-2025,December,2025,Appetizer,French Fries,https://i.ibb.co/23d8CKt3/fries.png,Salted Fries,3,9.81,29.43,12.21,5.34,11.88,Zomato,Card
O00337,21-02-2025,February,2025,Beverage,Juice,https://i.ibb.co/bM9d4qvH/juice.png,Mixed Fruit Juice,1,8.78,8.78,3.72,1.26,3.8,Swiggy,Card
O00338,23-01-2025,January,2025,Appetizer,Macaroni,https://i.ibb.co/zVLCV731/macaroni.png,Cheese Mac,3,6.57,19.71,6.63,3.8,9.28,Zomato,Cash
O00339,15-09-2025,September,2025,Appetizer,Burger,https://i.ibb.co/KjvbDYc5/burger.png,Paneer Burger,2,13.48,26.96,8.87,3.14,14.95,UberEats,Card
O00340,15-03-2025,March,2025,Beverage,Juice,https://i.ibb.co/bM9d4qvH/juice.png,Mixed Fruit Juice,2,6.62,13.24,4.58,2.39,6.27,UberEats,UPI
O00341,13-10-2025,October,2025,Beverage,Juice,https://i.ibb.co/bM9d4qvH/juice.png,Mixed Fruit Juice,4,5.56,22.24,9.07,3.11,10.06,In-Store,Cash
O00342,26-11-2025,November,2025,Beverage,Hot Drinks,https://i.ibb.co/mFCQYCrw/hot.png,Hot Chocolate,2,8.12,16.24,5.31,2.73,8.2,In-Store,Online
O00343,03-06-2025,June,2025,Appetizer,Burger,https://i.ibb.co/KjvbDYc5/burger.png,Spicy Bean Burger,3,10.2,30.6,10.54,5.49,14.57,Zomato,Card
O00344,29-12-2025,December,2025,Main Menu,Pizza,https://i.ibb.co/vx6T9K8X/pizza-1.png,Margherita,4,19.18,76.72,28.58,13.86,34.28,In-Store,Online
O00345,29-09-2025,September,2025,Main Menu,Pizza,https://i.ibb.co/vx6T9K8X/pizza-1.png,Farmhouse,2,10.43,20.86,6.61,2.09,12.16,UberEats,Card
O00346,28-11-2025,November,2025,Main Menu,Pizza,https://i.ibb.co/vx6T9K8X/pizza-1.png,Peppy Paneer,4,15.15,60.6,20.25,7.34,33.01,Swiggy,Card
O00347,18-05-2025,May,2025,Appetizer,French Fries,https://i.ibb.co/23d8CKt3/fries.png,Salted Fries,1,9.29,9.29,4.05,1.64,3.6,Swiggy,Card
O00348,10-12-2025,December,2025,Beverage,Juice,https://i.ibb.co/bM9d4qvH/juice.png,Mixed Fruit Juice,4,5.28,21.12,7.21,3.85,10.06,Zomato,UPI
O00349,08-01-2025,January,2025,Main Menu,Sandwich,https://i.ibb.co/fzhvYTxp/sandwich.png,Grilled Veg,2,16.68,33.36,13.84,3.84,15.68,In-Store,Card
O00350,06-11-2025,November,2025,Beverage,Juice,https://i.ibb.co/bM9d4qvH/juice.png,Mixed Fruit Juice,1,4.76,4.76,1.95,0.89,1.92,Zomato,UPI
O00351,14-07-2025,July,2025,Appetizer,French Fries,https://i.ibb.co/23d8CKt3/fries.png,Cheese Fries,4,6.77,27.08,9.39,3.33,14.36,UberEats,UPI
O00352,20-09-2025,September,2025,Appetizer,Macaroni,https://i.ibb.co/zVLCV731/macaroni.png,Classic Mac,1,11.1,11.1,3.98,1.77,5.35,In-Store,UPI
O00353,09-07-2025,July,2025,Appetizer,Macaroni,https://i.ibb.co/zVLCV731/macaroni.png,Classic Mac,3,13.9,41.7,16.24,6.99,18.47,Zomato,Card
O00354,14-05-2025,May,2025,Beverage,Hot Drinks,https://i.ibb.co/mFCQYCrw/hot.png,Hot Chocolate,1,6.23,6.23,2.52,1.24,2.47,Zomato,Card
O00355,28-04-2025,April,2025,Appetizer,French Fries,https://i.ibb.co/23d8CKt3/fries.png,Peri Peri Fries,2,6.83,13.66,4.79,2.6,6.27,In-Store,UPI
O00356,08-09-2025,September,2025,Beverage,Hot Drinks,https://i.ibb.co/mFCQYCrw/hot.png,Green Tea,1,5.32,5.32,2.31,0.63,2.38,Zomato,UPI
O00357,13-03-2025,March,2025,Beverage,Hot Drinks,https://i.ibb.co/mFCQYCrw/hot.png,Cappuccino,1,5.13,5.13,2.01,0.74,2.38,Swiggy,Cash
O00358,09-12-2025,December,2025,Main Menu,Veg Mania,https://i.ibb.co/svfg0hg2/vegmania.png,Veg Overload,4,16.7,66.8,22.38,10.29,34.13,Zomato,Card
O00359,29-12-2025,December,2025,Main Menu,Veg Mania,https://i.ibb.co/svfg0hg2/vegmania.png,Mushroom Magic,2,16.51,33.02,11.05,4.81,17.16,In-Store,UPI
O00360,13-11-2025,November,2025,Beverage,Hot Drinks,https://i.ibb.co/mFCQYCrw/hot.png,Green Tea,4,4.26,17.04,6.8,2.65,7.59,Swiggy,Cash
O00361,10-10-2025,October,2025,Appetizer,Burger,https://i.ibb.co/KjvbDYc5/burger.png,Aloo Tikki Burger,4,9.72,38.88,15.05,4.23,19.6,UberEats,UPI
O00362,15-09-2025,September,2025,Beverage,Hot Drinks,https://i.ibb.co/mFCQYCrw/hot.png,Cappuccino,3,7.17,21.51,7.1,3.3,11.11,Swiggy,Cash
O00363,18-03-2025,March,2025,Main Menu,Sandwich,https://i.ibb.co/fzhvYTxp/sandwich.png,Paneer Tikka,4,14.5,58,17.41,7.54,33.05,UberEats,UPI
O00364,10-02-2025,February,2025,Appetizer,Macaroni,https://i.ibb.co/zVLCV731/macaroni.png,Spicy Mac,2,9.8,19.6,6.57,2.74,10.29,Zomato,Card
O00365,17-12-2025,December,2025,Main Menu,Veg Mania,https://i.ibb.co/svfg0hg2/vegmania.png,Paneer Delight,4,19.92,79.68,33.09,9.91,36.68,In-Store,Online
O00366,10-10-2025,October,2025,Appetizer,Burger,https://i.ibb.co/KjvbDYc5/burger.png,Aloo Tikki Burger,2,6.74,13.48,4.22,2.37,6.89,Zomato,Cash
O00367,11-08-2025,August,2025,Beverage,Hot Drinks,https://i.ibb.co/mFCQYCrw/hot.png,Espresso,2,8.13,16.26,5.27,1.73,9.26,Swiggy,Card
O00368,21-12-2025,December,2025,Beverage,Hot Drinks,https://i.ibb.co/mFCQYCrw/hot.png,Hot Chocolate,1,5.14,5.14,1.82,0.56,2.76,Swiggy,Cash
O00369,24-05-2025,May,2025,Beverage,Juice,https://i.ibb.co/bM9d4qvH/juice.png,Mango Juice,3,6.77,20.31,8.61,2.6,9.1,UberEats,Cash
O00370,28-10-2025,October,2025,Main Menu,Pizza,https://i.ibb.co/vx6T9K8X/pizza-1.png,Margherita,2,18.73,37.46,16.4,5.61,15.45,UberEats,Card
O00371,04-05-2025,May,2025,Beverage,Hot Drinks,https://i.ibb.co/mFCQYCrw/hot.png,Hot Chocolate,2,8.26,16.52,6.2,2.31,8.01,In-Store,Card
O00372,10-02-2025,February,2025,Beverage,Hot Drinks,https://i.ibb.co/mFCQYCrw/hot.png,Espresso,2,7.14,14.28,6.16,2.67,5.45,Swiggy,Online
O00373,08-02-2025,February,2025,Appetizer,French Fries,https://i.ibb.co/23d8CKt3/fries.png,Loaded Fries,4,12.32,49.28,20.84,6.52,21.92,UberEats,Cash
O00374,20-05-2025,May,2025,Appetizer,Macaroni,https://i.ibb.co/zVLCV731/macaroni.png,Cheese Mac,3,7.23,21.69,7.63,4.29,9.77,UberEats,Online
O00375,06-04-2025,April,2025,Beverage,Hot Drinks,https://i.ibb.co/mFCQYCrw/hot.png,Espresso,1,8.11,8.11,3.02,1.07,4.02,UberEats,Card
O00376,07-02-2025,February,2025,Main Menu,Club Veg,https://i.ibb.co/7tVrrcM1/clubveg.png,Veggie Club Special,4,11.39,45.56,18.89,5.35,21.32,In-Store,Card
O00377,19-07-2025,July,2025,Appetizer,Macaroni,https://i.ibb.co/zVLCV731/macaroni.png,Classic Mac,1,9.19,9.19,3.68,1.03,4.48,Swiggy,Cash
O00378,16-08-2025,August,2025,Appetizer,Macaroni,https://i.ibb.co/zVLCV731/macaroni.png,Classic Mac,3,10.05,30.15,13.4,4.67,12.08,Zomato,Cash
O00379,09-08-2025,August,2025,Appetizer,French Fries,https://i.ibb.co/23d8CKt3/fries.png,Loaded Fries,1,9.46,9.46,4.17,1.77,3.52,Swiggy,Cash
O00380,01-07-2025,July,2025,Beverage,Juice,https://i.ibb.co/bM9d4qvH/juice.png,Watermelon Juice,4,8.26,33.04,10.98,5.35,16.71,In-Store,Cash
O00381,31-07-2025,July,2025,Appetizer,Burger,https://i.ibb.co/KjvbDYc5/burger.png,Veg Cheese Burger,3,7.22,21.66,8.33,2.58,10.75,Zomato,Online
O00382,13-03-2025,March,2025,Appetizer,Macaroni,https://i.ibb.co/zVLCV731/macaroni.png,Veg Loaded Mac,2,9.88,19.76,6.1,3.35,10.31,In-Store,Card
O00383,27-03-2025,March,2025,Appetizer,Macaroni,https://i.ibb.co/zVLCV731/macaroni.png,Spicy Mac,3,7.91,23.73,7.38,4.23,12.12,UberEats,Online
O00384,04-07-2025,July,2025,Appetizer,Burger,https://i.ibb.co/KjvbDYc5/burger.png,Spicy Bean Burger,4,7.42,29.68,9.18,4.48,16.02,Zomato,Online
O00385,11-03-2025,March,2025,Appetizer,Burger,https://i.ibb.co/KjvbDYc5/burger.png,Spicy Bean Burger,3,12.51,37.53,12.5,4.41,20.62,UberEats,Online
O00386,14-08-2025,August,2025,Appetizer,Macaroni,https://i.ibb.co/zVLCV731/macaroni.png,Cheese Mac,2,12.78,25.56,8.17,4.82,12.57,UberEats,UPI
O00387,22-12-2025,December,2025,Main Menu,Pizza,https://i.ibb.co/vx6T9K8X/pizza-1.png,Peppy Paneer,3,11.95,35.85,13.58,5.31,16.96,Zomato,Online
O00388,30-05-2025,May,2025,Beverage,Hot Drinks,https://i.ibb.co/mFCQYCrw/hot.png,Cappuccino,1,5.94,5.94,1.79,0.84,3.31,UberEats,Online
O00389,21-07-2025,July,2025,Appetizer,Burger,https://i.ibb.co/KjvbDYc5/burger.png,Veg Cheese Burger,3,6.15,18.45,7.15,3.1,8.2,Zomato,Cash
O00390,25-08-2025,August,2025,Beverage,Juice,https://i.ibb.co/bM9d4qvH/juice.png,Mixed Fruit Juice,1,7.09,7.09,2.14,0.88,4.07,UberEats,Cash
O00391,11-12-2025,December,2025,Appetizer,Burger,https://i.ibb.co/KjvbDYc5/burger.png,Paneer Burger,1,12.41,12.41,3.8,1.7,6.91,Zomato,UPI
O00392,20-03-2025,March,2025,Beverage,Hot Drinks,https://i.ibb.co/mFCQYCrw/hot.png,Green Tea,1,7.23,7.23,3.08,0.79,3.36,Swiggy,Online
O00393,03-09-2025,September,2025,Beverage,Hot Drinks,https://i.ibb.co/mFCQYCrw/hot.png,Green Tea,4,4.75,19,6.39,3.14,9.47,Swiggy,UPI
O00394,02-10-2025,October,2025,Beverage,Juice,https://i.ibb.co/bM9d4qvH/juice.png,Orange Juice,1,7.07,7.07,2.61,1.26,3.2,Zomato,UPI
O00395,28-11-2025,November,2025,Beverage,Juice,https://i.ibb.co/bM9d4qvH/juice.png,Mixed Fruit Juice,1,8.78,8.78,3.5,1.71,3.57,UberEats,Online
O00396,06-01-2025,January,2025,Main Menu,Club Veg,https://i.ibb.co/7tVrrcM1/clubveg.png,Veggie Club Special,1,10.76,10.76,4.59,1.12,5.05,Zomato,Online
O00397,20-07-2025,July,2025,Appetizer,French Fries,https://i.ibb.co/23d8CKt3/fries.png,Peri Peri Fries,3,9.69,29.07,10.88,4.03,14.16,UberEats,Cash
O00398,23-02-2025,February,2025,Appetizer,Macaroni,https://i.ibb.co/zVLCV731/macaroni.png,Classic Mac,1,7.82,7.82,2.42,1.19,4.21,Swiggy,Card
O00399,09-06-2025,June,2025,Appetizer,Macaroni,https://i.ibb.co/zVLCV731/macaroni.png,Cheese Mac,1,11.9,11.9,4.36,1.25,6.29,In-Store,UPI
O00400,19-02-2025,February,2025,Appetizer,French Fries,https://i.ibb.co/23d8CKt3/fries.png,Loaded Fries,1,11.97,11.97,3.72,1.28,6.97,UberEats,Cash
O00401,23-01-2025,January,2025,Beverage,Juice,https://i.ibb.co/bM9d4qvH/juice.png,Orange Juice,1,8.78,8.78,3.14,1.28,4.36,UberEats,Cash
O00402,26-03-2025,March,2025,Beverage,Juice,https://i.ibb.co/bM9d4qvH/juice.png,Mango Juice,3,8.85,26.55,10.6,3.15,12.8,Zomato,UPI
O00403,07-08-2025,August,2025,Appetizer,Burger,https://i.ibb.co/KjvbDYc5/burger.png,Spicy Bean Burger,2,6.79,13.58,5.77,1.45,6.36,Zomato,Card
O00404,03-12-2025,December,2025,Appetizer,Macaroni,https://i.ibb.co/zVLCV731/macaroni.png,Classic Mac,4,6.66,26.64,11.86,3.45,11.33,Zomato,Online
O00405,08-08-2025,August,2025,Appetizer,Burger,https://i.ibb.co/KjvbDYc5/burger.png,Veg Cheese Burger,2,11,22,8.8,2.22,10.98,Zomato,UPI
O00406,02-02-2025,February,2025,Beverage,Juice,https://i.ibb.co/bM9d4qvH/juice.png,Mango Juice,1,5.3,5.3,2.1,0.81,2.39,UberEats,UPI
O00407,23-08-2025,August,2025,Main Menu,Club Veg,https://i.ibb.co/7tVrrcM1/clubveg.png,Corn & Mayo Club,1,19.68,19.68,6.27,2.9,10.51,UberEats,Online
O00408,20-07-2025,July,2025,Beverage,Juice,https://i.ibb.co/bM9d4qvH/juice.png,Watermelon Juice,4,6.43,25.72,10.6,4.66,10.46,UberEats,Online
O00409,30-03-2025,March,2025,Beverage,Hot Drinks,https://i.ibb.co/mFCQYCrw/hot.png,Espresso,3,4.64,13.92,4.41,2.23,7.28,Zomato,UPI
O00410,03-05-2025,May,2025,Appetizer,Burger,https://i.ibb.co/KjvbDYc5/burger.png,Veg Cheese Burger,2,9.01,18.02,6.59,2.91,8.52,UberEats,Card
O00411,18-07-2025,July,2025,Appetizer,French Fries,https://i.ibb.co/23d8CKt3/fries.png,Peri Peri Fries,1,7.93,7.93,3.18,1.19,3.56,In-Store,Online
O00412,07-09-2025,September,2025,Beverage,Juice,https://i.ibb.co/bM9d4qvH/juice.png,Mango Juice,2,8.96,17.92,7.57,3.34,7.01,In-Store,UPI
O00413,06-04-2025,April,2025,Appetizer,Macaroni,https://i.ibb.co/zVLCV731/macaroni.png,Classic Mac,2,13.35,26.7,10.56,3.26,12.88,UberEats,Cash
O00414,11-03-2025,March,2025,Main Menu,Pizza,https://i.ibb.co/vx6T9K8X/pizza-1.png,Veggie Paradise,2,17.48,34.96,14.56,5.79,14.61,In-Store,Online
O00415,30-12-2025,December,2025,Appetizer,Macaroni,https://i.ibb.co/zVLCV731/macaroni.png,Cheese Mac,3,10.36,31.08,10.58,4.78,15.72,Swiggy,Cash
O00416,30-05-2025,May,2025,Main Menu,Club Veg,https://i.ibb.co/7tVrrcM1/clubveg.png,Veggie Club Special,1,11.08,11.08,4.53,2.01,4.54,UberEats,Card
O00417,17-10-2025,October,2025,Beverage,Hot Drinks,https://i.ibb.co/mFCQYCrw/hot.png,Espresso,4,6.53,26.12,9.18,3.69,13.25,Swiggy,UPI
O00418,07-07-2025,July,2025,Beverage,Juice,https://i.ibb.co/bM9d4qvH/juice.png,Mixed Fruit Juice,3,7.72,23.16,7.98,3.62,11.56,Zomato,Online
O00419,01-12-2025,December,2025,Main Menu,Club Veg,https://i.ibb.co/7tVrrcM1/clubveg.png,Triple Cheese Club,3,18.73,56.19,24.25,8.06,23.88,In-Store,UPI
O00420,14-02-2025,February,2025,Appetizer,Burger,https://i.ibb.co/KjvbDYc5/burger.png,Veg Cheese Burger,4,10.46,41.84,14.1,7.22,20.52,Zomato,UPI
O00421,09-11-2025,November,2025,Beverage,Hot Drinks,https://i.ibb.co/mFCQYCrw/hot.png,Cappuccino,4,4.5,18,7.78,2.98,7.24,Zomato,Card
O00422,31-01-2025,January,2025,Beverage,Hot Drinks,https://i.ibb.co/mFCQYCrw/hot.png,Hot Chocolate,2,7.71,15.42,6.05,1.83,7.54,Zomato,UPI
O00423,30-05-2025,May,2025,Appetizer,French Fries,https://i.ibb.co/23d8CKt3/fries.png,Cheese Fries,4,12.27,49.08,18.58,9.07,21.43,Swiggy,Card
O00424,31-01-2025,January,2025,Appetizer,French Fries,https://i.ibb.co/23d8CKt3/fries.png,Peri Peri Fries,2,12.66,25.32,8.37,4.96,11.99,Zomato,Card
O00425,31-12-2025,December,2025,Appetizer,Burger,https://i.ibb.co/KjvbDYc5/burger.png,Spicy Bean Burger,3,8.62,25.86,11.02,3.8,11.04,In-Store,Card
O00426,20-11-2025,November,2025,Appetizer,French Fries,https://i.ibb.co/23d8CKt3/fries.png,Loaded Fries,3,7,21,7.71,3.62,9.67,In-Store,Online
O00427,21-11-2025,November,2025,Main Menu,Pizza,https://i.ibb.co/vx6T9K8X/pizza-1.png,Peppy Paneer,1,15.93,15.93,6.36,1.6,7.97,UberEats,Online
O00428,17-06-2025,June,2025,Beverage,Juice,https://i.ibb.co/bM9d4qvH/juice.png,Orange Juice,2,4.15,8.3,2.93,1.49,3.88,In-Store,UPI
O00429,01-10-2025,October,2025,Appetizer,Burger,https://i.ibb.co/KjvbDYc5/burger.png,Spicy Bean Burger,4,10.71,42.84,16.13,7.38,19.33,Zomato,Online
O00430,15-06-2025,June,2025,Appetizer,Macaroni,https://i.ibb.co/zVLCV731/macaroni.png,Cheese Mac,4,7.8,31.2,11.98,5,14.22,In-Store,UPI
O00431,25-01-2025,January,2025,Main Menu,Veg Mania,https://i.ibb.co/svfg0hg2/vegmania.png,Veg Overload,3,18.05,54.15,16.43,7.16,30.56,Swiggy,Cash
O00432,14-08-2025,August,2025,Appetizer,Burger,https://i.ibb.co/KjvbDYc5/burger.png,Spicy Bean Burger,4,7.19,28.76,10.07,5.13,13.56,Zomato,Card
O00433,04-06-2025,June,2025,Main Menu,Club Veg,https://i.ibb.co/7tVrrcM1/clubveg.png,Triple Cheese Club,4,17.89,71.56,27.05,9.83,34.68,UberEats,UPI
O00434,10-07-2025,July,2025,Beverage,Juice,https://i.ibb.co/bM9d4qvH/juice.png,Orange Juice,1,7.68,7.68,2.41,0.94,4.33,In-Store,UPI
O00435,25-12-2025,December,2025,Main Menu,Pizza,https://i.ibb.co/vx6T9K8X/pizza-1.png,Margherita,3,17.36,52.08,21.36,6.77,23.95,Swiggy,Cash
O00436,02-09-2025,September,2025,Main Menu,Sandwich,https://i.ibb.co/fzhvYTxp/sandwich.png,Cheese Chilli,4,16.38,65.52,27.38,7.33,30.81,In-Store,Cash
O00437,23-12-2025,December,2025,Appetizer,Burger,https://i.ibb.co/KjvbDYc5/burger.png,Spicy Bean Burger,3,12.72,38.16,15.68,7.44,15.04,Zomato,Online
O00438,28-04-2025,April,2025,Appetizer,Burger,https://i.ibb.co/KjvbDYc5/burger.png,Aloo Tikki Burger,2,10.52,21.04,7.37,2.16,11.51,Swiggy,UPI
O00439,03-06-2025,June,2025,Main Menu,Pizza,https://i.ibb.co/vx6T9K8X/pizza-1.png,Farmhouse,1,18.32,18.32,7.41,3.54,7.37,Zomato,Cash
O00440,16-10-2025,October,2025,Main Menu,Sandwich,https://i.ibb.co/fzhvYTxp/sandwich.png,Classic Veg,3,10.56,31.68,11.55,5.93,14.2,UberEats,Card
O00441,19-03-2025,March,2025,Appetizer,French Fries,https://i.ibb.co/23d8CKt3/fries.png,Loaded Fries,1,7.49,7.49,2.74,1.45,3.3,Zomato,Cash
O00442,13-03-2025,March,2025,Main Menu,Pizza,https://i.ibb.co/vx6T9K8X/pizza-1.png,Peppy Paneer,2,16.31,32.62,13.35,4.88,14.39,In-Store,UPI
O00443,07-05-2025,May,2025,Appetizer,French Fries,https://i.ibb.co/23d8CKt3/fries.png,Salted Fries,2,11.84,23.68,7.31,2.9,13.47,Zomato,UPI
O00444,14-01-2025,January,2025,Beverage,Hot Drinks,https://i.ibb.co/mFCQYCrw/hot.png,Cappuccino,4,5.99,23.96,9.55,4.69,9.72,Zomato,Online
O00445,27-11-2025,November,2025,Main Menu,Sandwich,https://i.ibb.co/fzhvYTxp/sandwich.png,Classic Veg,2,10.57,21.14,6.46,2.7,11.98,In-Store,Cash
O00446,13-09-2025,September,2025,Beverage,Juice,https://i.ibb.co/bM9d4qvH/juice.png,Orange Juice,2,7.94,15.88,5.41,2.79,7.68,UberEats,UPI
O00447,18-07-2025,July,2025,Beverage,Hot Drinks,https://i.ibb.co/mFCQYCrw/hot.png,Hot Chocolate,4,7.88,31.52,10.2,5.84,15.48,Zomato,Online
O00448,09-01-2025,January,2025,Beverage,Juice,https://i.ibb.co/bM9d4qvH/juice.png,Orange Juice,3,7.1,21.3,6.83,3.26,11.21,UberEats,Card
O00449,31-01-2025,January,2025,Appetizer,French Fries,https://i.ibb.co/23d8CKt3/fries.png,Cheese Fries,3,8.78,26.34,8.84,4.56,12.94,In-Store,Online
O00450,25-07-2025,July,2025,Main Menu,Sandwich,https://i.ibb.co/fzhvYTxp/sandwich.png,Paneer Tikka,4,11.28,45.12,19.88,4.75,20.49,Swiggy,UPI
O00451,19-09-2025,September,2025,Main Menu,Sandwich,https://i.ibb.co/fzhvYTxp/sandwich.png,Paneer Tikka,1,12.6,12.6,4.71,2.49,5.4,In-Store,Cash
O00452,24-12-2025,December,2025,Appetizer,French Fries,https://i.ibb.co/23d8CKt3/fries.png,Peri Peri Fries,1,11.8,11.8,4.54,1.73,5.53,Swiggy,Card
O00453,11-08-2025,August,2025,Main Menu,Pizza,https://i.ibb.co/vx6T9K8X/pizza-1.png,Margherita,1,16.09,16.09,5.27,1.64,9.18,UberEats,Card
O00454,07-01-2025,January,2025,Beverage,Juice,https://i.ibb.co/bM9d4qvH/juice.png,Orange Juice,1,6.09,6.09,2.6,0.95,2.54,Zomato,Online
O00455,25-09-2025,September,2025,Beverage,Hot Drinks,https://i.ibb.co/mFCQYCrw/hot.png,Cappuccino,2,4.57,9.14,3.3,1.41,4.43,UberEats,Card
O00456,18-05-2025,May,2025,Beverage,Juice,https://i.ibb.co/bM9d4qvH/juice.png,Orange Juice,2,6.74,13.48,4.21,1.97,7.3,UberEats,Online
O00457,26-09-2025,September,2025,Main Menu,Club Veg,https://i.ibb.co/7tVrrcM1/clubveg.png,Triple Cheese Club,2,11.66,23.32,9.32,2.84,11.16,In-Store,Online
O00458,04-07-2025,July,2025,Main Menu,Pizza,https://i.ibb.co/vx6T9K8X/pizza-1.png,Farmhouse,3,18.62,55.86,22.21,8.63,25.02,UberEats,Card
O00459,22-02-2025,February,2025,Beverage,Juice,https://i.ibb.co/bM9d4qvH/juice.png,Mango Juice,4,6.56,26.24,9.27,5.19,11.78,Swiggy,Cash
O00460,06-05-2025,May,2025,Main Menu,Pizza,https://i.ibb.co/vx6T9K8X/pizza-1.png,Peppy Paneer,4,14.97,59.88,20.29,6.97,32.62,In-Store,Card
O00461,19-01-2025,January,2025,Beverage,Hot Drinks,https://i.ibb.co/mFCQYCrw/hot.png,Cappuccino,2,7.78,15.56,4.71,1.75,9.1,UberEats,Card
O00462,13-06-2025,June,2025,Appetizer,Burger,https://i.ibb.co/KjvbDYc5/burger.png,Paneer Burger,2,7.29,14.58,4.9,2.12,7.56,Swiggy,Cash
O00463,25-04-2025,April,2025,Beverage,Juice,https://i.ibb.co/bM9d4qvH/juice.png,Mixed Fruit Juice,3,7.86,23.58,9.03,2.58,11.97,Swiggy,Online
O00464,09-06-2025,June,2025,Appetizer,Burger,https://i.ibb.co/KjvbDYc5/burger.png,Spicy Bean Burger,2,8.26,16.52,6.19,1.83,8.5,Swiggy,UPI
O00465,30-05-2025,May,2025,Beverage,Hot Drinks,https://i.ibb.co/mFCQYCrw/hot.png,Cappuccino,2,8.11,16.22,5.09,2.34,8.79,In-Store,UPI
O00466,10-09-2025,September,2025,Main Menu,Sandwich,https://i.ibb.co/fzhvYTxp/sandwich.png,Cheese Chilli,4,11.87,47.48,16.29,8.51,22.68,Swiggy,Online
O00467,30-04-2025,April,2025,Beverage,Hot Drinks,https://i.ibb.co/mFCQYCrw/hot.png,Espresso,3,7.17,21.51,8.53,2.57,10.41,UberEats,Cash
O00468,12-07-2025,July,2025,Beverage,Hot Drinks,https://i.ibb.co/mFCQYCrw/hot.png,Espresso,4,6.6,26.4,10.68,4.73,10.99,Zomato,Card
O00469,09-09-2025,September,2025,Main Menu,Sandwich,https://i.ibb.co/fzhvYTxp/sandwich.png,Paneer Tikka,3,18.57,55.71,24.21,6.51,24.99,Swiggy,Cash
O00470,24-09-2025,September,2025,Appetizer,French Fries,https://i.ibb.co/23d8CKt3/fries.png,Cheese Fries,3,10.78,32.34,10.6,6.13,15.61,In-Store,Cash
O00471,18-02-2025,February,2025,Beverage,Juice,https://i.ibb.co/bM9d4qvH/juice.png,Mixed Fruit Juice,4,4.76,19.04,7.99,3.75,7.3,Swiggy,Cash
O00472,06-12-2025,December,2025,Main Menu,Sandwich,https://i.ibb.co/fzhvYTxp/sandwich.png,Paneer Tikka,3,11.18,33.54,12.6,6.6,14.34,UberEats,UPI
O00473,25-12-2025,December,2025,Beverage,Hot Drinks,https://i.ibb.co/mFCQYCrw/hot.png,Hot Chocolate,1,8.92,8.92,3.65,1.18,4.09,In-Store,UPI
O00474,08-02-2025,February,2025,Main Menu,Sandwich,https://i.ibb.co/fzhvYTxp/sandwich.png,Grilled Veg,3,19.8,59.4,19.27,6.01,34.12,Zomato,Cash
O00475,19-08-2025,August,2025,Appetizer,Macaroni,https://i.ibb.co/zVLCV731/macaroni.png,Spicy Mac,1,10.22,10.22,4.33,1.24,4.65,Swiggy,UPI
O00476,20-08-2025,August,2025,Appetizer,Macaroni,https://i.ibb.co/zVLCV731/macaroni.png,Veg Loaded Mac,4,13.79,55.16,23.65,10.03,21.48,Swiggy,Cash
O00477,18-12-2025,December,2025,Appetizer,French Fries,https://i.ibb.co/23d8CKt3/fries.png,Salted Fries,4,11.68,46.72,20.94,8.88,16.9,Zomato,UPI
O00478,16-02-2025,February,2025,Beverage,Juice,https://i.ibb.co/bM9d4qvH/juice.png,Watermelon Juice,4,5.57,22.28,8.34,4.07,9.87,In-Store,Cash
O00479,03-06-2025,June,2025,Appetizer,Burger,https://i.ibb.co/KjvbDYc5/burger.png,Aloo Tikki Burger,1,7.39,7.39,2.34,0.8,4.25,In-Store,Online
O00480,09-10-2025,October,2025,Main Menu,Veg Mania,https://i.ibb.co/svfg0hg2/vegmania.png,Veg Overload,2,14.2,28.4,10,4.12,14.28,Swiggy,Card
O00481,07-01-2025,January,2025,Main Menu,Sandwich,https://i.ibb.co/fzhvYTxp/sandwich.png,Cheese Chilli,4,16.51,66.04,25.53,11.48,29.03,Zomato,Online
O00482,18-12-2025,December,2025,Beverage,Juice,https://i.ibb.co/bM9d4qvH/juice.png,Watermelon Juice,3,8.22,24.66,9.74,2.78,12.14,Swiggy,Cash
O00483,12-04-2025,April,2025,Beverage,Hot Drinks,https://i.ibb.co/mFCQYCrw/hot.png,Cappuccino,4,5.63,22.52,6.77,3.79,11.96,Swiggy,UPI
O00484,22-01-2025,January,2025,Appetizer,Burger,https://i.ibb.co/KjvbDYc5/burger.png,Veg Cheese Burger,1,11.24,11.24,4.78,1.44,5.02,In-Store,Online
O00485,16-01-2025,January,2025,Appetizer,French Fries,https://i.ibb.co/23d8CKt3/fries.png,Loaded Fries,1,11.55,11.55,3.84,1.57,6.14,Zomato,UPI
O00486,06-04-2025,April,2025,Appetizer,Macaroni,https://i.ibb.co/zVLCV731/macaroni.png,Spicy Mac,1,12.11,12.11,4.82,2.35,4.94,Zomato,Cash
O00487,14-11-2025,November,2025,Beverage,Juice,https://i.ibb.co/bM9d4qvH/juice.png,Watermelon Juice,3,7.83,23.49,7.26,4.46,11.77,In-Store,Online
O00488,03-09-2025,September,2025,Main Menu,Veg Mania,https://i.ibb.co/svfg0hg2/vegmania.png,Corn Supreme,3,18.74,56.22,21.59,6.25,28.38,In-Store,Card
O00489,13-04-2025,April,2025,Beverage,Juice,https://i.ibb.co/bM9d4qvH/juice.png,Orange Juice,4,6.3,25.2,9,2.84,13.36,In-Store,UPI
O00490,06-10-2025,October,2025,Appetizer,Macaroni,https://i.ibb.co/zVLCV731/macaroni.png,Veg Loaded Mac,3,12.42,37.26,13.54,3.88,19.84,In-Store,UPI
O00491,14-01-2025,January,2025,Appetizer,French Fries,https://i.ibb.co/23d8CKt3/fries.png,Peri Peri Fries,3,13.34,40.02,12.77,6.83,20.42,Swiggy,UPI
O00492,30-08-2025,August,2025,Beverage,Hot Drinks,https://i.ibb.co/mFCQYCrw/hot.png,Cappuccino,3,8.13,24.39,10.26,2.48,11.65,Zomato,Cash
O00493,03-12-2025,December,2025,Main Menu,Club Veg,https://i.ibb.co/7tVrrcM1/clubveg.png,Triple Cheese Club,3,17.27,51.81,20.43,7.94,23.44,Zomato,Online
O00494,30-03-2025,March,2025,Main Menu,Sandwich,https://i.ibb.co/fzhvYTxp/sandwich.png,Paneer Tikka,4,14.5,58,23.52,8.94,25.54,UberEats,Cash
O00495,25-12-2025,December,2025,Appetizer,French Fries,https://i.ibb.co/23d8CKt3/fries.png,Peri Peri Fries,4,7.94,31.76,12.23,4.08,15.45,Zomato,Online
O00496,08-06-2025,June,2025,Main Menu,Pizza,https://i.ibb.co/vx6T9K8X/pizza-1.png,Margherita,1,10.74,10.74,3.71,1.87,5.16,Swiggy,Cash
O00497,05-11-2025,November,2025,Main Menu,Veg Mania,https://i.ibb.co/svfg0hg2/vegmania.png,Veg Overload,4,19.03,76.12,32.85,10.13,33.14,Swiggy,UPI
O00498,14-04-2025,April,2025,Main Menu,Club Veg,https://i.ibb.co/7tVrrcM1/clubveg.png,Veggie Club Special,3,19.89,59.67,18.61,7.4,33.66,UberEats,Cash
O00499,17-03-2025,March,2025,Beverage,Juice,https://i.ibb.co/bM9d4qvH/juice.png,Orange Juice,3,4.17,12.51,4.26,2.24,6.01,UberEats,Cash
O00500,27-12-2025,December,2025,Beverage,Hot Drinks,https://i.ibb.co/mFCQYCrw/hot.png,Espresso,4,7.29,29.16,12.38,4.66,12.12,UberEats,UPI
O00501,11-03-2025,March,2025,Main Menu,Pizza,https://i.ibb.co/vx6T9K8X/pizza-1.png,Veggie Paradise,1,10.94,10.94,3.34,2.04,5.56,UberEats,Card
O00502,15-10-2025,October,2025,Beverage,Hot Drinks,https://i.ibb.co/mFCQYCrw/hot.png,Cappuccino,4,8.78,35.12,13.26,5.02,16.84,Zomato,Online
O00503,19-12-2025,December,2025,Appetizer,Burger,https://i.ibb.co/KjvbDYc5/burger.png,Veg Cheese Burger,3,9.48,28.44,9.12,3.81,15.51,Swiggy,Online
O00504,17-01-2025,January,2025,Main Menu,Club Veg,https://i.ibb.co/7tVrrcM1/clubveg.png,Veggie Club Special,1,11.71,11.71,4.62,1.86,5.23,Swiggy,Online
O00505,19-06-2025,June,2025,Beverage,Juice,https://i.ibb.co/bM9d4qvH/juice.png,Mango Juice,3,5.19,15.57,4.98,1.92,8.67,UberEats,UPI
O00506,22-11-2025,November,2025,Main Menu,Club Veg,https://i.ibb.co/7tVrrcM1/clubveg.png,Corn & Mayo Club,4,19.71,78.84,34.89,12.62,31.33,Swiggy,UPI
O00507,08-05-2025,May,2025,Beverage,Juice,https://i.ibb.co/bM9d4qvH/juice.png,Watermelon Juice,3,6.53,19.59,7.07,3.71,8.81,UberEats,Cash
O00508,01-01-2025,January,2025,Main Menu,Pizza,https://i.ibb.co/vx6T9K8X/pizza-1.png,Veggie Paradise,2,10.4,20.8,6.38,2.37,12.05,In-Store,Card
O00509,10-09-2025,September,2025,Appetizer,Macaroni,https://i.ibb.co/zVLCV731/macaroni.png,Spicy Mac,1,13.77,13.77,5.11,2.23,6.43,Swiggy,Online
O00510,30-11-2025,November,2025,Beverage,Juice,https://i.ibb.co/bM9d4qvH/juice.png,Mango Juice,4,6.24,24.96,8.26,3.79,12.91,In-Store,Cash
O00511,31-05-2025,May,2025,Main Menu,Club Veg,https://i.ibb.co/7tVrrcM1/clubveg.png,Spicy Club,2,10.08,20.16,8.57,3.72,7.87,Swiggy,Cash
O00512,29-03-2025,March,2025,Appetizer,Burger,https://i.ibb.co/KjvbDYc5/burger.png,Aloo Tikki Burger,1,9.7,9.7,3.74,1.47,4.49,Swiggy,UPI
O00513,11-11-2025,November,2025,Appetizer,French Fries,https://i.ibb.co/23d8CKt3/fries.png,Salted Fries,1,13.45,13.45,5.68,1.73,6.04,In-Store,Card
O00514,11-08-2025,August,2025,Main Menu,Veg Mania,https://i.ibb.co/svfg0hg2/vegmania.png,Paneer Delight,3,15.32,45.96,17.29,8.61,20.06,UberEats,Card
O00515,29-07-2025,July,2025,Beverage,Hot Drinks,https://i.ibb.co/mFCQYCrw/hot.png,Hot Chocolate,3,7.51,22.53,8.28,4.35,9.9,UberEats,Card
O00516,26-01-2025,January,2025,Appetizer,French Fries,https://i.ibb.co/23d8CKt3/fries.png,Loaded Fries,3,9.12,27.36,9.89,5.22,12.25,Zomato,Cash
O00517,02-01-2025,January,2025,Appetizer,Burger,https://i.ibb.co/KjvbDYc5/burger.png,Paneer Burger,4,10.86,43.44,14.97,7.46,21.01,In-Store,Card
O00518,14-01-2025,January,2025,Main Menu,Sandwich,https://i.ibb.co/fzhvYTxp/sandwich.png,Paneer Tikka,1,17.21,17.21,6.81,1.81,8.59,Swiggy,Online
O00519,07-06-2025,June,2025,Appetizer,Macaroni,https://i.ibb.co/zVLCV731/macaroni.png,Spicy Mac,3,6.48,19.44,8.37,2.44,8.63,UberEats,Cash
O00520,06-10-2025,October,2025,Appetizer,Burger,https://i.ibb.co/KjvbDYc5/burger.png,Paneer Burger,4,12.4,49.6,17.63,5.56,26.41,In-Store,UPI
O00521,17-08-2025,August,2025,Main Menu,Club Veg,https://i.ibb.co/7tVrrcM1/clubveg.png,Corn & Mayo Club,1,17.51,17.51,6.31,2.31,8.89,In-Store,UPI
O00522,18-05-2025,May,2025,Beverage,Juice,https://i.ibb.co/bM9d4qvH/juice.png,Mango Juice,1,6.06,6.06,2.43,0.83,2.8,Swiggy,Cash
O00523,26-06-2025,June,2025,Beverage,Hot Drinks,https://i.ibb.co/mFCQYCrw/hot.png,Cappuccino,2,4.05,8.1,2.6,0.9,4.6,Swiggy,Online
O00524,03-08-2025,August,2025,Beverage,Hot Drinks,https://i.ibb.co/mFCQYCrw/hot.png,Cappuccino,2,4.86,9.72,3.09,1.85,4.78,In-Store,UPI
O00525,22-07-2025,July,2025,Beverage,Juice,https://i.ibb.co/bM9d4qvH/juice.png,Mango Juice,4,6.67,26.68,11.29,4.52,10.87,Swiggy,Online
O00526,27-03-2025,March,2025,Main Menu,Sandwich,https://i.ibb.co/fzhvYTxp/sandwich.png,Cheese Chilli,3,14.49,43.47,16.8,4.54,22.13,Swiggy,Online
O00527,16-12-2025,December,2025,Appetizer,Burger,https://i.ibb.co/KjvbDYc5/burger.png,Veg Cheese Burger,3,10.47,31.41,11.62,5.71,14.08,UberEats,UPI
O00528,04-02-2025,February,2025,Main Menu,Pizza,https://i.ibb.co/vx6T9K8X/pizza-1.png,Veggie Paradise,3,13.87,41.61,15.17,6.96,19.48,UberEats,UPI
O00529,23-08-2025,August,2025,Main Menu,Pizza,https://i.ibb.co/vx6T9K8X/pizza-1.png,Margherita,2,13.06,26.12,10.15,3.2,12.77,In-Store,Card
O00530,18-10-2025,October,2025,Beverage,Juice,https://i.ibb.co/bM9d4qvH/juice.png,Orange Juice,4,6.25,25,10.94,3.58,10.48,Swiggy,UPI
O00531,26-06-2025,June,2025,Appetizer,Macaroni,https://i.ibb.co/zVLCV731/macaroni.png,Spicy Mac,2,10.66,21.32,7.58,2.19,11.55,In-Store,Online
O00532,30-03-2025,March,2025,Appetizer,Macaroni,https://i.ibb.co/zVLCV731/macaroni.png,Cheese Mac,2,10.21,20.42,6.64,2.92,10.86,In-Store,Cash
O00533,19-06-2025,June,2025,Beverage,Juice,https://i.ibb.co/bM9d4qvH/juice.png,Orange Juice,1,8.45,8.45,3.73,1.13,3.59,In-Store,UPI
O00534,11-01-2025,January,2025,Appetizer,Macaroni,https://i.ibb.co/zVLCV731/macaroni.png,Veg Loaded Mac,3,9.03,27.09,9.51,2.9,14.68,UberEats,Online
O00535,17-12-2025,December,2025,Main Menu,Sandwich,https://i.ibb.co/fzhvYTxp/sandwich.png,Cheese Chilli,2,13.11,26.22,11.2,4.01,11.01,UberEats,Online
O00536,18-05-2025,May,2025,Beverage,Hot Drinks,https://i.ibb.co/mFCQYCrw/hot.png,Espresso,2,6.9,13.8,5.08,2.33,6.39,Zomato,Online
O00537,28-07-2025,July,2025,Beverage,Hot Drinks,https://i.ibb.co/mFCQYCrw/hot.png,Hot Chocolate,4,6.43,25.72,11.49,3.94,10.29,Swiggy,Card
O00538,09-06-2025,June,2025,Beverage,Hot Drinks,https://i.ibb.co/mFCQYCrw/hot.png,Cappuccino,2,4.5,9,2.74,1.25,5.01,Swiggy,Card
O00539,13-04-2025,April,2025,Main Menu,Sandwich,https://i.ibb.co/fzhvYTxp/sandwich.png,Grilled Veg,3,10.23,30.69,9.88,4.57,16.24,In-Store,Cash
O00540,27-12-2025,December,2025,Main Menu,Club Veg,https://i.ibb.co/7tVrrcM1/clubveg.png,Spicy Club,1,18.35,18.35,8.14,2.41,7.8,In-Store,Online
O00541,05-03-2025,March,2025,Beverage,Juice,https://i.ibb.co/bM9d4qvH/juice.png,Mango Juice,4,7.01,28.04,10.71,3.05,14.28,UberEats,Online
O00542,17-08-2025,August,2025,Main Menu,Pizza,https://i.ibb.co/vx6T9K8X/pizza-1.png,Peppy Paneer,1,11.52,11.52,4.12,1.54,5.86,UberEats,Card
O00543,19-12-2025,December,2025,Main Menu,Club Veg,https://i.ibb.co/7tVrrcM1/clubveg.png,Triple Cheese Club,1,11.54,11.54,4.38,1.35,5.81,In-Store,Cash
O00544,20-10-2025,October,2025,Main Menu,Sandwich,https://i.ibb.co/fzhvYTxp/sandwich.png,Cheese Chilli,3,18.39,55.17,19.05,6.95,29.17,Zomato,UPI
O00545,29-07-2025,July,2025,Beverage,Juice,https://i.ibb.co/bM9d4qvH/juice.png,Orange Juice,2,4.29,8.58,3.45,1.06,4.07,In-Store,Card
O00546,30-03-2025,March,2025,Beverage,Juice,https://i.ibb.co/bM9d4qvH/juice.png,Mango Juice,1,6.72,6.72,2.6,0.77,3.35,UberEats,UPI
O00547,30-12-2025,December,2025,Beverage,Hot Drinks,https://i.ibb.co/mFCQYCrw/hot.png,Green Tea,3,7.13,21.39,7.08,3.81,10.5,In-Store,UPI
O00548,10-05-2025,May,2025,Main Menu,Pizza,https://i.ibb.co/vx6T9K8X/pizza-1.png,Peppy Paneer,2,13,26,10.02,4.21,11.77,In-Store,Cash
O00549,19-09-2025,September,2025,Beverage,Hot Drinks,https://i.ibb.co/mFCQYCrw/hot.png,Hot Chocolate,4,5.98,23.92,10.23,4.09,9.6,UberEats,Cash
O00550,02-02-2025,February,2025,Appetizer,Macaroni,https://i.ibb.co/zVLCV731/macaroni.png,Veg Loaded Mac,3,7.06,21.18,9.24,3.65,8.29,UberEats,UPI
O00551,31-12-2025,December,2025,Beverage,Hot Drinks,https://i.ibb.co/mFCQYCrw/hot.png,Cappuccino,1,8.35,8.35,3.44,1.29,3.62,Zomato,Card
O00552,04-11-2025,November,2025,Appetizer,French Fries,https://i.ibb.co/23d8CKt3/fries.png,Cheese Fries,1,11.45,11.45,4.94,2.23,4.28,Zomato,Cash
O00553,12-09-2025,September,2025,Appetizer,Macaroni,https://i.ibb.co/zVLCV731/macaroni.png,Spicy Mac,4,9.7,38.8,12.19,6.81,19.8,In-Store,Online
O00554,19-01-2025,January,2025,Beverage,Juice,https://i.ibb.co/bM9d4qvH/juice.png,Watermelon Juice,4,5.51,22.04,7.56,2.65,11.83,Zomato,Online
O00555,03-07-2025,July,2025,Beverage,Hot Drinks,https://i.ibb.co/mFCQYCrw/hot.png,Cappuccino,3,5.93,17.79,7.79,2.42,7.58,Zomato,UPI
O00556,30-08-2025,August,2025,Main Menu,Club Veg,https://i.ibb.co/7tVrrcM1/clubveg.png,Veggie Club Special,3,18.94,56.82,20.52,10.38,25.92,UberEats,Cash
O00557,01-07-2025,July,2025,Main Menu,Club Veg,https://i.ibb.co/7tVrrcM1/clubveg.png,Corn & Mayo Club,1,15.74,15.74,5.85,3.14,6.75,UberEats,UPI
O00558,27-10-2025,October,2025,Appetizer,Macaroni,https://i.ibb.co/zVLCV731/macaroni.png,Classic Mac,1,6.03,6.03,2.58,1.14,2.31,In-Store,Cash
O00559,26-10-2025,October,2025,Beverage,Juice,https://i.ibb.co/bM9d4qvH/juice.png,Mixed Fruit Juice,3,8.42,25.26,7.69,4.98,12.59,Zomato,Cash
O00560,15-07-2025,July,2025,Beverage,Hot Drinks,https://i.ibb.co/mFCQYCrw/hot.png,Green Tea,2,7.67,15.34,5.7,2.59,7.05,Swiggy,Card
O00561,13-04-2025,April,2025,Appetizer,Macaroni,https://i.ibb.co/zVLCV731/macaroni.png,Spicy Mac,2,11.54,23.08,9.11,3.8,10.17,Zomato,UPI
O00562,03-04-2025,April,2025,Main Menu,Pizza,https://i.ibb.co/vx6T9K8X/pizza-1.png,Peppy Paneer,3,13.33,39.99,13.26,7.83,18.9,Zomato,UPI
O00563,30-01-2025,January,2025,Main Menu,Pizza,https://i.ibb.co/vx6T9K8X/pizza-1.png,Peppy Paneer,4,19.98,79.92,35.9,8.71,35.31,Zomato,Card
O00564,23-03-2025,March,2025,Appetizer,Burger,https://i.ibb.co/KjvbDYc5/burger.png,Veg Cheese Burger,4,6.35,25.4,10.8,4.42,10.18,In-Store,Online
O00565,08-08-2025,August,2025,Appetizer,Macaroni,https://i.ibb.co/zVLCV731/macaroni.png,Classic Mac,1,12.03,12.03,5.09,2.18,4.76,Swiggy,Card
O00566,11-07-2025,July,2025,Main Menu,Club Veg,https://i.ibb.co/7tVrrcM1/clubveg.png,Veggie Club Special,3,17,51,15.98,7.59,27.43,Swiggy,Cash
O00567,08-05-2025,May,2025,Main Menu,Club Veg,https://i.ibb.co/7tVrrcM1/clubveg.png,Spicy Club,2,14.08,28.16,8.55,3.68,15.93,Zomato,Cash
O00568,15-09-2025,September,2025,Beverage,Hot Drinks,https://i.ibb.co/mFCQYCrw/hot.png,Cappuccino,1,7.16,7.16,3.17,0.77,3.22,Swiggy,Cash
O00569,29-05-2025,May,2025,Appetizer,French Fries,https://i.ibb.co/23d8CKt3/fries.png,Cheese Fries,4,10.18,40.72,16.38,4.53,19.81,In-Store,Card
O00570,08-09-2025,September,2025,Appetizer,Burger,https://i.ibb.co/KjvbDYc5/burger.png,Veg Cheese Burger,2,7.94,15.88,4.88,1.7,9.3,In-Store,Cash
O00571,25-04-2025,April,2025,Beverage,Juice,https://i.ibb.co/bM9d4qvH/juice.png,Mango Juice,4,5.48,21.92,9.41,3.07,9.44,Swiggy,Card
O00572,07-07-2025,July,2025,Beverage,Juice,https://i.ibb.co/bM9d4qvH/juice.png,Mixed Fruit Juice,3,4.76,14.28,6.22,1.89,6.17,UberEats,Cash
O00573,25-01-2025,January,2025,Beverage,Juice,https://i.ibb.co/bM9d4qvH/juice.png,Orange Juice,1,5.13,5.13,1.71,0.53,2.89,Swiggy,Cash
O00574,16-08-2025,August,2025,Appetizer,Burger,https://i.ibb.co/KjvbDYc5/burger.png,Paneer Burger,1,9.33,9.33,2.97,1.76,4.6,In-Store,Card
O00575,22-12-2025,December,2025,Beverage,Juice,https://i.ibb.co/bM9d4qvH/juice.png,Watermelon Juice,2,6.25,12.5,5.29,1.94,5.27,In-Store,Cash
O00576,24-09-2025,September,2025,Appetizer,French Fries,https://i.ibb.co/23d8CKt3/fries.png,Peri Peri Fries,2,10.21,20.42,8.31,3.72,8.39,In-Store,Cash
O00577,13-11-2025,November,2025,Main Menu,Club Veg,https://i.ibb.co/7tVrrcM1/clubveg.png,Triple Cheese Club,3,15.53,46.59,14.82,8.93,22.84,Swiggy,Online
O00578,08-11-2025,November,2025,Main Menu,Club Veg,https://i.ibb.co/7tVrrcM1/clubveg.png,Veggie Club Special,3,14.01,42.03,14.4,4.77,22.86,UberEats,Online
O00579,24-03-2025,March,2025,Main Menu,Pizza,https://i.ibb.co/vx6T9K8X/pizza-1.png,Farmhouse,4,10.54,42.16,15.19,4.65,22.32,In-Store,UPI
O00580,02-01-2025,January,2025,Main Menu,Veg Mania,https://i.ibb.co/svfg0hg2/vegmania.png,Paneer Delight,2,17.83,35.66,12.18,6.09,17.39,In-Store,Card
O00581,19-09-2025,September,2025,Main Menu,Veg Mania,https://i.ibb.co/svfg0hg2/vegmania.png,Corn Supreme,1,18.39,18.39,6.46,3.57,8.36,Zomato,Online
O00582,16-05-2025,May,2025,Appetizer,Burger,https://i.ibb.co/KjvbDYc5/burger.png,Aloo Tikki Burger,1,13.45,13.45,4.76,1.71,6.98,Zomato,Cash
O00583,04-07-2025,July,2025,Beverage,Hot Drinks,https://i.ibb.co/mFCQYCrw/hot.png,Green Tea,4,5.57,22.28,9.72,4.33,8.23,Swiggy,Cash
O00584,05-01-2025,January,2025,Main Menu,Sandwich,https://i.ibb.co/fzhvYTxp/sandwich.png,Paneer Tikka,4,13.77,55.08,24.49,6,24.59,UberEats,Online
O00585,18-05-2025,May,2025,Beverage,Juice,https://i.ibb.co/bM9d4qvH/juice.png,Watermelon Juice,1,6.47,6.47,2.84,1.19,2.44,UberEats,Card
O00586,25-07-2025,July,2025,Appetizer,Macaroni,https://i.ibb.co/zVLCV731/macaroni.png,Veg Loaded Mac,1,7.11,7.11,2.89,1.18,3.04,In-Store,Online
O00587,29-11-2025,November,2025,Main Menu,Veg Mania,https://i.ibb.co/svfg0hg2/vegmania.png,Mushroom Magic,1,17.61,17.61,7.07,3.42,7.12,Swiggy,Card
O00588,02-08-2025,August,2025,Beverage,Hot Drinks,https://i.ibb.co/mFCQYCrw/hot.png,Green Tea,3,6.38,19.14,7.59,2.01,9.54,Zomato,Online
O00589,10-11-2025,November,2025,Main Menu,Sandwich,https://i.ibb.co/fzhvYTxp/sandwich.png,Classic Veg,4,19.57,78.28,33.65,11.55,33.08,In-Store,Cash
O00590,14-08-2025,August,2025,Main Menu,Veg Mania,https://i.ibb.co/svfg0hg2/vegmania.png,Corn Supreme,3,16.34,49.02,17.43,5.16,26.43,UberEats,Cash
O00591,14-12-2025,December,2025,Beverage,Juice,https://i.ibb.co/bM9d4qvH/juice.png,Watermelon Juice,1,6.08,6.08,2.2,1.05,2.83,Swiggy,Online
O00592,08-05-2025,May,2025,Appetizer,Macaroni,https://i.ibb.co/zVLCV731/macaroni.png,Spicy Mac,2,12.96,25.92,11.2,3.15,11.57,Zomato,Cash
O00593,26-11-2025,November,2025,Main Menu,Pizza,https://i.ibb.co/vx6T9K8X/pizza-1.png,Veggie Paradise,2,16.08,32.16,11.55,6.21,14.4,Zomato,Cash
O00594,14-06-2025,June,2025,Main Menu,Club Veg,https://i.ibb.co/7tVrrcM1/clubveg.png,Spicy Club,2,17.37,34.74,13.78,4.85,16.11,Swiggy,Card
O00595,26-11-2025,November,2025,Appetizer,Macaroni,https://i.ibb.co/zVLCV731/macaroni.png,Cheese Mac,4,7.59,30.36,9.5,3.17,17.69,Swiggy,Online
O00596,21-10-2025,October,2025,Appetizer,Burger,https://i.ibb.co/KjvbDYc5/burger.png,Spicy Bean Burger,2,12.59,25.18,9.5,3.19,12.49,In-Store,UPI
O00597,12-09-2025,September,2025,Beverage,Juice,https://i.ibb.co/bM9d4qvH/juice.png,Orange Juice,1,4.07,4.07,1.78,0.75,1.54,In-Store,Online
O00598,13-10-2025,October,2025,Beverage,Juice,https://i.ibb.co/bM9d4qvH/juice.png,Orange Juice,3,8.74,26.22,9.8,3.68,12.74,UberEats,Card
O00599,10-12-2025,December,2025,Appetizer,Macaroni,https://i.ibb.co/zVLCV731/macaroni.png,Veg Loaded Mac,4,10.76,43.04,17.59,8.08,17.37,Swiggy,Card
O00600,19-06-2025,June,2025,Beverage,Hot Drinks,https://i.ibb.co/mFCQYCrw/hot.png,Hot Chocolate,1,5.99,5.99,2.08,1.06,2.85,In-Store,Cash
O00601,04-12-2025,December,2025,Main Menu,Veg Mania,https://i.ibb.co/svfg0hg2/vegmania.png,Corn Supreme,2,15.21,30.42,13.04,4.79,12.59,UberEats,UPI
O00602,25-09-2025,September,2025,Appetizer,French Fries,https://i.ibb.co/23d8CKt3/fries.png,Salted Fries,1,9.06,9.06,2.88,1.15,5.03,Swiggy,Card
O00603,13-03-2025,March,2025,Beverage,Hot Drinks,https://i.ibb.co/mFCQYCrw/hot.png,Espresso,1,5.47,5.47,2.25,0.67,2.55,UberEats,Card
O00604,03-03-2025,March,2025,Appetizer,Burger,https://i.ibb.co/KjvbDYc5/burger.png,Spicy Bean Burger,4,10.57,42.28,14.59,6.96,20.73,Zomato,UPI
O00605,01-08-2025,August,2025,Main Menu,Veg Mania,https://i.ibb.co/svfg0hg2/vegmania.png,Veg Overload,1,18.47,18.47,7.06,3.38,8.03,In-Store,Card
O00606,03-01-2025,January,2025,Beverage,Juice,https://i.ibb.co/bM9d4qvH/juice.png,Mixed Fruit Juice,1,5.46,5.46,1.96,0.71,2.79,In-Store,Card
O00607,24-10-2025,October,2025,Main Menu,Sandwich,https://i.ibb.co/fzhvYTxp/sandwich.png,Grilled Veg,2,12.28,24.56,9.59,3.62,11.35,In-Store,UPI
O00608,16-07-2025,July,2025,Appetizer,French Fries,https://i.ibb.co/23d8CKt3/fries.png,Peri Peri Fries,4,11.37,45.48,20.18,8.84,16.46,UberEats,Online
O00609,31-05-2025,May,2025,Appetizer,Burger,https://i.ibb.co/KjvbDYc5/burger.png,Veg Cheese Burger,2,13.93,27.86,11.05,4.35,12.46,In-Store,UPI
O00610,08-10-2025,October,2025,Appetizer,French Fries,https://i.ibb.co/23d8CKt3/fries.png,Peri Peri Fries,2,7.64,15.28,5.03,1.74,8.51,Zomato,Card
O00611,29-05-2025,May,2025,Beverage,Hot Drinks,https://i.ibb.co/mFCQYCrw/hot.png,Cappuccino,1,7.91,7.91,2.7,1.57,3.64,Zomato,UPI
O00612,01-03-2025,March,2025,Appetizer,French Fries,https://i.ibb.co/23d8CKt3/fries.png,Loaded Fries,3,13.25,39.75,15.94,5.01,18.8,In-Store,UPI
O00613,07-01-2025,January,2025,Beverage,Juice,https://i.ibb.co/bM9d4qvH/juice.png,Orange Juice,4,8.59,34.36,14.04,5.29,15.03,In-Store,Card
O00614,10-12-2025,December,2025,Main Menu,Sandwich,https://i.ibb.co/fzhvYTxp/sandwich.png,Paneer Tikka,2,16.9,33.8,10.89,3.41,19.5,Zomato,UPI
O00615,09-05-2025,May,2025,Main Menu,Veg Mania,https://i.ibb.co/svfg0hg2/vegmania.png,Corn Supreme,2,14.48,28.96,10.49,3.77,14.7,Zomato,Cash
O00616,20-08-2025,August,2025,Main Menu,Sandwich,https://i.ibb.co/fzhvYTxp/sandwich.png,Classic Veg,2,13.54,27.08,10.88,2.91,13.29,Zomato,UPI
O00617,07-12-2025,December,2025,Main Menu,Pizza,https://i.ibb.co/vx6T9K8X/pizza-1.png,Veggie Paradise,2,18.07,36.14,13.81,4.27,18.06,In-Store,UPI
O00618,28-01-2025,January,2025,Main Menu,Club Veg,https://i.ibb.co/7tVrrcM1/clubveg.png,Veggie Club Special,2,15.61,31.22,11.45,3.78,15.99,In-Store,Card
O00619,27-12-2025,December,2025,Beverage,Hot Drinks,https://i.ibb.co/mFCQYCrw/hot.png,Cappuccino,4,8.22,32.88,14.77,5.02,13.09,Zomato,UPI
O00620,01-04-2025,April,2025,Beverage,Juice,https://i.ibb.co/bM9d4qvH/juice.png,Mango Juice,1,7.3,7.3,2.41,1.42,3.47,Zomato,Cash
O00621,21-01-2025,January,2025,Appetizer,Macaroni,https://i.ibb.co/zVLCV731/macaroni.png,Veg Loaded Mac,2,11.69,23.38,8.85,2.85,11.68,Zomato,Card
O00622,11-05-2025,May,2025,Main Menu,Club Veg,https://i.ibb.co/7tVrrcM1/clubveg.png,Corn & Mayo Club,3,19.19,57.57,17.9,9.34,30.33,Zomato,Cash
O00623,15-06-2025,June,2025,Beverage,Juice,https://i.ibb.co/bM9d4qvH/juice.png,Watermelon Juice,3,4.95,14.85,6.09,2.01,6.75,In-Store,UPI
O00624,29-12-2025,December,2025,Appetizer,French Fries,https://i.ibb.co/23d8CKt3/fries.png,Peri Peri Fries,4,9.16,36.64,16.36,6.44,13.84,Zomato,Cash
O00625,23-03-2025,March,2025,Appetizer,French Fries,https://i.ibb.co/23d8CKt3/fries.png,Loaded Fries,4,9.82,39.28,13.61,4.84,20.83,Swiggy,UPI
O00626,20-04-2025,April,2025,Beverage,Hot Drinks,https://i.ibb.co/mFCQYCrw/hot.png,Hot Chocolate,4,7.91,31.64,12.17,5.61,13.86,UberEats,UPI
O00627,13-11-2025,November,2025,Beverage,Hot Drinks,https://i.ibb.co/mFCQYCrw/hot.png,Espresso,2,4.06,8.12,3.39,1.12,3.61,Swiggy,UPI
O00628,04-05-2025,May,2025,Beverage,Juice,https://i.ibb.co/bM9d4qvH/juice.png,Orange Juice,1,8.02,8.02,2.67,1.06,4.29,UberEats,Online
O00629,17-07-2025,July,2025,Appetizer,French Fries,https://i.ibb.co/23d8CKt3/fries.png,Cheese Fries,3,11.83,35.49,12,4.42,19.07,Swiggy,UPI
O00630,18-09-2025,September,2025,Appetizer,Macaroni,https://i.ibb.co/zVLCV731/macaroni.png,Classic Mac,1,13.16,13.16,4.18,1.7,7.28,UberEats,Card
O00631,21-09-2025,September,2025,Main Menu,Veg Mania,https://i.ibb.co/svfg0hg2/vegmania.png,Mushroom Magic,3,19.2,57.6,21.55,8.71,27.34,Swiggy,Cash
O00632,10-12-2025,December,2025,Beverage,Juice,https://i.ibb.co/bM9d4qvH/juice.png,Mixed Fruit Juice,4,7.18,28.72,11.87,5.51,11.34,Swiggy,Card
O00633,26-12-2025,December,2025,Beverage,Hot Drinks,https://i.ibb.co/mFCQYCrw/hot.png,Espresso,2,6.89,13.78,5.42,2.75,5.61,Zomato,Cash
O00634,19-06-2025,June,2025,Main Menu,Veg Mania,https://i.ibb.co/svfg0hg2/vegmania.png,Paneer Delight,2,15.74,31.48,12.54,3.9,15.04,Swiggy,Card
O00635,13-10-2025,October,2025,Main Menu,Sandwich,https://i.ibb.co/fzhvYTxp/sandwich.png,Paneer Tikka,4,19.18,76.72,23.33,14.12,39.27,In-Store,Online
O00636,19-11-2025,November,2025,Appetizer,Macaroni,https://i.ibb.co/zVLCV731/macaroni.png,Veg Loaded Mac,1,7.83,7.83,2.55,1.46,3.82,Swiggy,Online
O00637,02-03-2025,March,2025,Beverage,Juice,https://i.ibb.co/bM9d4qvH/juice.png,Orange Juice,1,8.75,8.75,3.57,1.37,3.81,Swiggy,Cash
O00638,15-09-2025,September,2025,Main Menu,Club Veg,https://i.ibb.co/7tVrrcM1/clubveg.png,Spicy Club,3,13.26,39.78,13.62,5.38,20.78,Swiggy,UPI
O00639,15-07-2025,July,2025,Appetizer,French Fries,https://i.ibb.co/23d8CKt3/fries.png,Salted Fries,4,13.57,54.28,19.55,9.57,25.16,In-Store,Card
O00640,23-04-2025,April,2025,Main Menu,Pizza,https://i.ibb.co/vx6T9K8X/pizza-1.png,Peppy Paneer,2,18.89,37.78,12.49,6.01,19.28,Zomato,UPI
O00641,28-11-2025,November,2025,Appetizer,Burger,https://i.ibb.co/KjvbDYc5/burger.png,Veg Cheese Burger,3,8.65,25.95,7.91,4.25,13.79,Swiggy,Cash
O00642,21-10-2025,October,2025,Beverage,Hot Drinks,https://i.ibb.co/mFCQYCrw/hot.png,Espresso,3,5.48,16.44,6.18,2.32,7.94,UberEats,Card
O00643,26-06-2025,June,2025,Main Menu,Pizza,https://i.ibb.co/vx6T9K8X/pizza-1.png,Farmhouse,1,18.36,18.36,7.51,3.26,7.59,Zomato,Card
O00644,12-11-2025,November,2025,Appetizer,Burger,https://i.ibb.co/KjvbDYc5/burger.png,Aloo Tikki Burger,2,12.6,25.2,10.87,3.88,10.45,Zomato,Cash
O00645,25-08-2025,August,2025,Beverage,Juice,https://i.ibb.co/bM9d4qvH/juice.png,Watermelon Juice,1,6.13,6.13,2.2,0.95,2.98,Swiggy,UPI
O00646,12-04-2025,April,2025,Beverage,Hot Drinks,https://i.ibb.co/mFCQYCrw/hot.png,Hot Chocolate,4,6.95,27.8,10.52,2.93,14.35,UberEats,Card
O00647,02-12-2025,December,2025,Main Menu,Veg Mania,https://i.ibb.co/svfg0hg2/vegmania.png,Corn Supreme,2,12.26,24.52,7.39,3.52,13.61,Swiggy,Card
O00648,06-09-2025,September,2025,Appetizer,Macaroni,https://i.ibb.co/zVLCV731/macaroni.png,Veg Loaded Mac,4,6.42,25.68,11.43,3.14,11.11,Zomato,UPI
O00649,08-08-2025,August,2025,Main Menu,Veg Mania,https://i.ibb.co/svfg0hg2/vegmania.png,Corn Supreme,1,17.42,17.42,7.21,2.8,7.41,Zomato,Card
O00650,25-11-2025,November,2025,Appetizer,Macaroni,https://i.ibb.co/zVLCV731/macaroni.png,Veg Loaded Mac,4,12.54,50.16,21.19,5.93,23.04,Zomato,UPI
O00651,25-08-2025,August,2025,Appetizer,Macaroni,https://i.ibb.co/zVLCV731/macaroni.png,Veg Loaded Mac,2,13.22,26.44,9.54,3.23,13.67,In-Store,Cash
O00652,27-11-2025,November,2025,Beverage,Juice,https://i.ibb.co/bM9d4qvH/juice.png,Watermelon Juice,4,6.71,26.84,10.71,2.89,13.24,Zomato,Card
O00653,17-11-2025,November,2025,Main Menu,Veg Mania,https://i.ibb.co/svfg0hg2/vegmania.png,Paneer Delight,3,17.09,51.27,17.45,7.78,26.04,Swiggy,Online
O00654,19-04-2025,April,2025,Main Menu,Club Veg,https://i.ibb.co/7tVrrcM1/clubveg.png,Corn & Mayo Club,2,16.28,32.56,11.06,5.21,16.29,Zomato,UPI
O00655,25-04-2025,April,2025,Beverage,Hot Drinks,https://i.ibb.co/mFCQYCrw/hot.png,Cappuccino,1,7.57,7.57,2.91,1.35,3.31,In-Store,Cash
O00656,06-07-2025,July,2025,Beverage,Juice,https://i.ibb.co/bM9d4qvH/juice.png,Mango Juice,1,4.86,4.86,2.14,0.89,1.83,Zomato,Card
O00657,23-03-2025,March,2025,Main Menu,Sandwich,https://i.ibb.co/fzhvYTxp/sandwich.png,Classic Veg,3,17.14,51.42,21.62,5.77,24.03,UberEats,Cash
O00658,07-09-2025,September,2025,Main Menu,Veg Mania,https://i.ibb.co/svfg0hg2/vegmania.png,Corn Supreme,1,18.5,18.5,6.31,3.34,8.85,UberEats,Card
O00659,09-12-2025,December,2025,Main Menu,Club Veg,https://i.ibb.co/7tVrrcM1/clubveg.png,Corn & Mayo Club,2,13.45,26.9,10.75,3.11,13.04,In-Store,Online
O00660,21-01-2025,January,2025,Beverage,Hot Drinks,https://i.ibb.co/mFCQYCrw/hot.png,Espresso,4,7.82,31.28,12.02,6.09,13.17,UberEats,UPI
O00661,06-10-2025,October,2025,Beverage,Juice,https://i.ibb.co/bM9d4qvH/juice.png,Mixed Fruit Juice,3,5.9,17.7,6.66,2.46,8.58,In-Store,UPI
O00662,01-12-2025,December,2025,Main Menu,Club Veg,https://i.ibb.co/7tVrrcM1/clubveg.png,Corn & Mayo Club,3,10.16,30.48,12.98,3.08,14.42,Zomato,Online
O00663,26-06-2025,June,2025,Appetizer,Macaroni,https://i.ibb.co/zVLCV731/macaroni.png,Classic Mac,1,13.76,13.76,4.33,2.15,7.28,Zomato,Online
O00664,28-04-2025,April,2025,Main Menu,Club Veg,https://i.ibb.co/7tVrrcM1/clubveg.png,Veggie Club Special,1,17.06,17.06,7.59,1.79,7.68,Zomato,Card
O00665,05-07-2025,July,2025,Beverage,Juice,https://i.ibb.co/bM9d4qvH/juice.png,Mango Juice,2,7.59,15.18,4.82,2.98,7.38,In-Store,UPI
O00666,28-02-2025,February,2025,Appetizer,French Fries,https://i.ibb.co/23d8CKt3/fries.png,Loaded Fries,4,13.62,54.48,17.42,10.16,26.9,In-Store,Card
O00667,24-03-2025,March,2025,Beverage,Hot Drinks,https://i.ibb.co/mFCQYCrw/hot.png,Espresso,3,5.55,16.65,5.79,3.02,7.84,Zomato,Cash
O00668,21-10-2025,October,2025,Beverage,Juice,https://i.ibb.co/bM9d4qvH/juice.png,Mango Juice,2,4.35,8.7,3.43,1.37,3.9,Swiggy,Card
O00669,27-03-2025,March,2025,Appetizer,Burger,https://i.ibb.co/KjvbDYc5/burger.png,Spicy Bean Burger,2,13.25,26.5,8.93,3.08,14.49,Swiggy,UPI
O00670,21-04-2025,April,2025,Appetizer,French Fries,https://i.ibb.co/23d8CKt3/fries.png,Loaded Fries,1,6.16,6.16,2.13,0.83,3.2,In-Store,Card
O00671,30-07-2025,July,2025,Beverage,Juice,https://i.ibb.co/bM9d4qvH/juice.png,Mango Juice,1,5.67,5.67,2.45,0.91,2.31,UberEats,Card
O00672,18-12-2025,December,2025,Appetizer,Macaroni,https://i.ibb.co/zVLCV731/macaroni.png,Classic Mac,2,8.85,17.7,6.46,2.98,8.26,Zomato,Online
O00673,09-03-2025,March,2025,Main Menu,Veg Mania,https://i.ibb.co/svfg0hg2/vegmania.png,Mushroom Magic,3,10.57,31.71,11.33,6.29,14.09,In-Store,Card
O00674,19-02-2025,February,2025,Main Menu,Pizza,https://i.ibb.co/vx6T9K8X/pizza-1.png,Margherita,3,17.33,51.99,17.15,7.37,27.47,Swiggy,Cash
O00675,04-12-2025,December,2025,Main Menu,Veg Mania,https://i.ibb.co/svfg0hg2/vegmania.png,Veg Overload,1,11.01,11.01,3.84,2.14,5.03,In-Store,UPI
O00676,24-12-2025,December,2025,Beverage,Hot Drinks,https://i.ibb.co/mFCQYCrw/hot.png,Cappuccino,2,4.06,8.12,3.07,0.96,4.09,In-Store,Online
O00677,29-10-2025,October,2025,Beverage,Juice,https://i.ibb.co/bM9d4qvH/juice.png,Mixed Fruit Juice,2,4.57,9.14,3.5,1.09,4.55,Zomato,UPI
O00678,30-04-2025,April,2025,Main Menu,Club Veg,https://i.ibb.co/7tVrrcM1/clubveg.png,Corn & Mayo Club,1,12.04,12.04,4.33,1.52,6.19,UberEats,Card
O00679,30-12-2025,December,2025,Beverage,Juice,https://i.ibb.co/bM9d4qvH/juice.png,Orange Juice,4,6.42,25.68,10.13,3.98,11.57,Swiggy,Online
O00680,16-04-2025,April,2025,Beverage,Hot Drinks,https://i.ibb.co/mFCQYCrw/hot.png,Green Tea,3,4.72,14.16,4.41,1.52,8.23,UberEats,Cash
O00681,07-08-2025,August,2025,Beverage,Hot Drinks,https://i.ibb.co/mFCQYCrw/hot.png,Hot Chocolate,2,5.49,10.98,4.44,1.6,4.94,In-Store,UPI
O00682,22-05-2025,May,2025,Beverage,Hot Drinks,https://i.ibb.co/mFCQYCrw/hot.png,Cappuccino,1,6.77,6.77,2.05,1.33,3.39,In-Store,Online
O00683,09-07-2025,July,2025,Beverage,Hot Drinks,https://i.ibb.co/mFCQYCrw/hot.png,Hot Chocolate,1,7.38,7.38,2.96,1.17,3.25,UberEats,UPI
O00684,23-07-2025,July,2025,Beverage,Juice,https://i.ibb.co/bM9d4qvH/juice.png,Orange Juice,2,5.25,10.5,4.51,2.04,3.95,Zomato,Online
O00685,24-03-2025,March,2025,Main Menu,Sandwich,https://i.ibb.co/fzhvYTxp/sandwich.png,Classic Veg,3,11.55,34.65,11.5,6.72,16.43,UberEats,Cash
O00686,19-07-2025,July,2025,Beverage,Juice,https://i.ibb.co/bM9d4qvH/juice.png,Orange Juice,4,7.86,31.44,12.74,5.28,13.42,Zomato,Online
O00687,11-08-2025,August,2025,Main Menu,Veg Mania,https://i.ibb.co/svfg0hg2/vegmania.png,Corn Supreme,4,10.15,40.6,17.88,6.26,16.46,Zomato,UPI
O00688,08-11-2025,November,2025,Main Menu,Pizza,https://i.ibb.co/vx6T9K8X/pizza-1.png,Veggie Paradise,1,12.2,12.2,5.2,1.45,5.55,UberEats,Cash
O00689,24-11-2025,November,2025,Appetizer,Macaroni,https://i.ibb.co/zVLCV731/macaroni.png,Classic Mac,1,13.82,13.82,5.18,2.41,6.23,Zomato,UPI
O00690,18-01-2025,January,2025,Beverage,Juice,https://i.ibb.co/bM9d4qvH/juice.png,Mango Juice,1,8.45,8.45,3.69,1.21,3.55,Swiggy,UPI
O00691,02-12-2025,December,2025,Main Menu,Sandwich,https://i.ibb.co/fzhvYTxp/sandwich.png,Grilled Veg,1,14.34,14.34,5.24,2.86,6.24,UberEats,Online
O00692,09-12-2025,December,2025,Appetizer,Macaroni,https://i.ibb.co/zVLCV731/macaroni.png,Cheese Mac,1,10.38,10.38,3.49,1.78,5.11,Swiggy,Cash
O00693,09-10-2025,October,2025,Appetizer,French Fries,https://i.ibb.co/23d8CKt3/fries.png,Cheese Fries,3,7.59,22.77,7,4.35,11.42,UberEats,UPI
O00694,07-11-2025,November,2025,Main Menu,Pizza,https://i.ibb.co/vx6T9K8X/pizza-1.png,Veggie Paradise,2,13.56,27.12,9.24,3.38,14.5,Swiggy,UPI
O00695,28-07-2025,July,2025,Beverage,Juice,https://i.ibb.co/bM9d4qvH/juice.png,Orange Juice,3,6.29,18.87,6.27,3.01,9.59,UberEats,UPI
O00696,20-09-2025,September,2025,Appetizer,French Fries,https://i.ibb.co/23d8CKt3/fries.png,Cheese Fries,3,8.98,26.94,11.47,4.86,10.61,In-Store,Online
O00697,05-09-2025,September,2025,Main Menu,Club Veg,https://i.ibb.co/7tVrrcM1/clubveg.png,Corn & Mayo Club,1,19.33,19.33,8.08,2.7,8.55,In-Store,Cash
O00698,01-03-2025,March,2025,Appetizer,Burger,https://i.ibb.co/KjvbDYc5/burger.png,Spicy Bean Burger,3,8.03,24.09,9.11,2.57,12.41,Zomato,Card
O00699,31-07-2025,July,2025,Appetizer,French Fries,https://i.ibb.co/23d8CKt3/fries.png,Salted Fries,2,13.37,26.74,11.23,3.57,11.94,UberEats,Card
O00700,17-02-2025,February,2025,Appetizer,French Fries,https://i.ibb.co/23d8CKt3/fries.png,Cheese Fries,1,13.32,13.32,5.33,2.38,5.61,Swiggy,Card
O00701,10-06-2025,June,2025,Appetizer,Burger,https://i.ibb.co/KjvbDYc5/burger.png,Paneer Burger,3,11.04,33.12,13.11,6.07,13.94,Zomato,Card
O00702,13-04-2025,April,2025,Main Menu,Sandwich,https://i.ibb.co/fzhvYTxp/sandwich.png,Paneer Tikka,3,15.35,46.05,20.28,4.9,20.87,Zomato,Card
O00703,08-05-2025,May,2025,Beverage,Hot Drinks,https://i.ibb.co/mFCQYCrw/hot.png,Cappuccino,3,5.46,16.38,6.39,1.97,8.02,Swiggy,Cash
O00704,13-12-2025,December,2025,Beverage,Hot Drinks,https://i.ibb.co/mFCQYCrw/hot.png,Espresso,3,6.04,18.12,6.77,3.49,7.86,Swiggy,Online
O00705,14-11-2025,November,2025,Appetizer,Macaroni,https://i.ibb.co/zVLCV731/macaroni.png,Veg Loaded Mac,2,12.12,24.24,7.31,3.41,13.52,In-Store,Card
O00706,24-05-2025,May,2025,Appetizer,Burger,https://i.ibb.co/KjvbDYc5/burger.png,Veg Cheese Burger,1,6.9,6.9,2.14,0.82,3.94,Swiggy,Online
O00707,04-10-2025,October,2025,Main Menu,Club Veg,https://i.ibb.co/7tVrrcM1/clubveg.png,Corn & Mayo Club,1,18.82,18.82,7.98,2.72,8.12,Zomato,Online
O00708,24-12-2025,December,2025,Beverage,Hot Drinks,https://i.ibb.co/mFCQYCrw/hot.png,Hot Chocolate,4,4.04,16.16,5.45,2.45,8.26,Swiggy,Cash
O00709,18-04-2025,April,2025,Appetizer,French Fries,https://i.ibb.co/23d8CKt3/fries.png,Salted Fries,3,8.86,26.58,8.28,4.98,13.32,UberEats,UPI
O00710,13-05-2025,May,2025,Main Menu,Club Veg,https://i.ibb.co/7tVrrcM1/clubveg.png,Veggie Club Special,3,12.16,36.48,16.16,4.84,15.48,UberEats,Online
O00711,25-06-2025,June,2025,Appetizer,Burger,https://i.ibb.co/KjvbDYc5/burger.png,Spicy Bean Burger,3,10.05,30.15,10.09,3.98,16.08,In-Store,Card
O00712,25-12-2025,December,2025,Appetizer,Macaroni,https://i.ibb.co/zVLCV731/macaroni.png,Spicy Mac,1,6.62,6.62,2.49,0.79,3.34,UberEats,Online
O00713,20-10-2025,October,2025,Main Menu,Sandwich,https://i.ibb.co/fzhvYTxp/sandwich.png,Grilled Veg,1,16.77,16.77,5.9,2.45,8.42,UberEats,Card
O00714,10-08-2025,August,2025,Appetizer,Burger,https://i.ibb.co/KjvbDYc5/burger.png,Veg Cheese Burger,1,6.11,6.11,1.98,1.02,3.11,Zomato,Online
O00715,01-04-2025,April,2025,Appetizer,Macaroni,https://i.ibb.co/zVLCV731/macaroni.png,Cheese Mac,3,11.55,34.65,12.94,4.95,16.76,UberEats,Online
O00716,09-05-2025,May,2025,Beverage,Juice,https://i.ibb.co/bM9d4qvH/juice.png,Mixed Fruit Juice,1,8.31,8.31,3.41,1.26,3.64,Swiggy,Card
O00717,21-04-2025,April,2025,Appetizer,Macaroni,https://i.ibb.co/zVLCV731/macaroni.png,Classic Mac,1,6.67,6.67,2.42,1.16,3.09,In-Store,UPI
O00718,04-07-2025,July,2025,Appetizer,French Fries,https://i.ibb.co/23d8CKt3/fries.png,Cheese Fries,3,6.97,20.91,6.6,2.56,11.75,UberEats,Cash
O00719,04-03-2025,March,2025,Appetizer,French Fries,https://i.ibb.co/23d8CKt3/fries.png,Peri Peri Fries,2,10.86,21.72,7.06,2.7,11.96,Zomato,UPI
O00720,16-06-2025,June,2025,Beverage,Hot Drinks,https://i.ibb.co/mFCQYCrw/hot.png,Green Tea,2,5.68,11.36,5.04,1.84,4.48,Swiggy,Online
O00721,27-05-2025,May,2025,Appetizer,French Fries,https://i.ibb.co/23d8CKt3/fries.png,Peri Peri Fries,2,9.33,18.66,8.04,3.13,7.49,Zomato,UPI
O00722,20-11-2025,November,2025,Beverage,Hot Drinks,https://i.ibb.co/mFCQYCrw/hot.png,Espresso,1,7.77,7.77,2.91,1.1,3.76,Swiggy,Card
O00723,27-04-2025,April,2025,Appetizer,Macaroni,https://i.ibb.co/zVLCV731/macaroni.png,Veg Loaded Mac,4,11.05,44.2,19.53,7.5,17.17,UberEats,Online
O00724,16-08-2025,August,2025,Appetizer,French Fries,https://i.ibb.co/23d8CKt3/fries.png,Loaded Fries,3,13.47,40.41,12.99,6.84,20.58,In-Store,Card
O00725,12-01-2025,January,2025,Main Menu,Sandwich,https://i.ibb.co/fzhvYTxp/sandwich.png,Paneer Tikka,1,13.92,13.92,5.59,2.47,5.86,Swiggy,Card
O00726,23-07-2025,July,2025,Main Menu,Veg Mania,https://i.ibb.co/svfg0hg2/vegmania.png,Paneer Delight,2,17.76,35.52,14.88,3.8,16.84,In-Store,Cash
O00727,23-07-2025,July,2025,Beverage,Juice,https://i.ibb.co/bM9d4qvH/juice.png,Orange Juice,1,6.8,6.8,2.27,1.17,3.36,UberEats,Card
O00728,02-12-2025,December,2025,Appetizer,Macaroni,https://i.ibb.co/zVLCV731/macaroni.png,Cheese Mac,1,11.85,11.85,4.51,2.18,5.16,Zomato,UPI
O00729,17-11-2025,November,2025,Main Menu,Sandwich,https://i.ibb.co/fzhvYTxp/sandwich.png,Cheese Chilli,3,18.43,55.29,17.64,7.11,30.54,Swiggy,Cash
O00730,02-07-2025,July,2025,Appetizer,Macaroni,https://i.ibb.co/zVLCV731/macaroni.png,Spicy Mac,3,10.08,30.24,12.95,5.69,11.6,UberEats,Online
O00731,24-12-2025,December,2025,Beverage,Juice,https://i.ibb.co/bM9d4qvH/juice.png,Mixed Fruit Juice,2,4.38,8.76,3.48,0.89,4.39,In-Store,UPI
O00732,04-09-2025,September,2025,Beverage,Juice,https://i.ibb.co/bM9d4qvH/juice.png,Orange Juice,4,5.04,20.16,8.7,2.8,8.66,In-Store,UPI
O00733,31-07-2025,July,2025,Appetizer,Burger,https://i.ibb.co/KjvbDYc5/burger.png,Paneer Burger,4,13.74,54.96,20.99,10.89,23.08,Swiggy,Cash
O00734,11-03-2025,March,2025,Appetizer,Macaroni,https://i.ibb.co/zVLCV731/macaroni.png,Spicy Mac,2,10.11,20.22,7.38,4.04,8.8,Swiggy,Online
O00735,03-06-2025,June,2025,Main Menu,Pizza,https://i.ibb.co/vx6T9K8X/pizza-1.png,Peppy Paneer,3,13.21,39.63,12.31,6.85,20.47,Zomato,Cash
O00736,11-07-2025,July,2025,Main Menu,Pizza,https://i.ibb.co/vx6T9K8X/pizza-1.png,Veggie Paradise,4,17.07,68.28,25.24,11.76,31.28,In-Store,Card
O00737,27-11-2025,November,2025,Appetizer,Macaroni,https://i.ibb.co/zVLCV731/macaroni.png,Cheese Mac,3,11.67,35.01,12.49,6.41,16.11,UberEats,Cash
O00738,17-11-2025,November,2025,Main Menu,Club Veg,https://i.ibb.co/7tVrrcM1/clubveg.png,Spicy Club,3,13.73,41.19,17.33,7.3,16.56,UberEats,Online
O00739,05-02-2025,February,2025,Main Menu,Sandwich,https://i.ibb.co/fzhvYTxp/sandwich.png,Paneer Tikka,4,10.66,42.64,15.52,6.6,20.52,Swiggy,Online
O00740,20-08-2025,August,2025,Appetizer,French Fries,https://i.ibb.co/23d8CKt3/fries.png,Loaded Fries,4,8.8,35.2,13.3,4.01,17.89,Zomato,UPI
O00741,19-03-2025,March,2025,Main Menu,Veg Mania,https://i.ibb.co/svfg0hg2/vegmania.png,Mushroom Magic,1,16.2,16.2,5.8,2.69,7.71,Swiggy,UPI
O00742,06-03-2025,March,2025,Beverage,Hot Drinks,https://i.ibb.co/mFCQYCrw/hot.png,Espresso,2,5.95,11.9,5.19,2.09,4.62,Zomato,Cash
O00743,08-01-2025,January,2025,Appetizer,Burger,https://i.ibb.co/KjvbDYc5/burger.png,Paneer Burger,4,11.23,44.92,19.22,6.93,18.77,In-Store,UPI
O00744,10-07-2025,July,2025,Appetizer,French Fries,https://i.ibb.co/23d8CKt3/fries.png,Salted Fries,1,8.46,8.46,3.45,1.08,3.93,UberEats,Cash
O00745,29-01-2025,January,2025,Appetizer,Macaroni,https://i.ibb.co/zVLCV731/macaroni.png,Classic Mac,4,8.51,34.04,13.27,6.34,14.43,In-Store,Card
O00746,09-05-2025,May,2025,Appetizer,Burger,https://i.ibb.co/KjvbDYc5/burger.png,Aloo Tikki Burger,3,11.79,35.37,11.61,3.81,19.95,Zomato,Online
O00747,07-05-2025,May,2025,Beverage,Juice,https://i.ibb.co/bM9d4qvH/juice.png,Mango Juice,2,5.91,11.82,4.35,2.31,5.16,In-Store,Cash
O00748,07-12-2025,December,2025,Main Menu,Pizza,https://i.ibb.co/vx6T9K8X/pizza-1.png,Veggie Paradise,1,15.49,15.49,5.26,3,7.23,UberEats,UPI
O00749,19-11-2025,November,2025,Beverage,Juice,https://i.ibb.co/bM9d4qvH/juice.png,Orange Juice,1,5.62,5.62,2.38,0.82,2.42,UberEats,Online
O00750,02-06-2025,June,2025,Main Menu,Club Veg,https://i.ibb.co/7tVrrcM1/clubveg.png,Triple Cheese Club,3,16.55,49.65,16.87,8.25,24.53,Zomato,Cash
O00751,21-11-2025,November,2025,Appetizer,Macaroni,https://i.ibb.co/zVLCV731/macaroni.png,Classic Mac,3,12.22,36.66,16.41,6.55,13.7,Zomato,UPI
O00752,03-03-2025,March,2025,Appetizer,Burger,https://i.ibb.co/KjvbDYc5/burger.png,Aloo Tikki Burger,1,11.98,11.98,4.37,1.24,6.37,Swiggy,Online
O00753,02-11-2025,November,2025,Main Menu,Club Veg,https://i.ibb.co/7tVrrcM1/clubveg.png,Triple Cheese Club,1,10.34,10.34,4.48,1.89,3.97,Zomato,Card
O00754,16-02-2025,February,2025,Beverage,Hot Drinks,https://i.ibb.co/mFCQYCrw/hot.png,Espresso,4,8.29,33.16,11.55,6.29,15.32,Swiggy,UPI
O00755,20-03-2025,March,2025,Beverage,Juice,https://i.ibb.co/bM9d4qvH/juice.png,Mango Juice,1,5.63,5.63,2.06,0.94,2.63,In-Store,Card
O00756,13-10-2025,October,2025,Beverage,Hot Drinks,https://i.ibb.co/mFCQYCrw/hot.png,Green Tea,1,7.74,7.74,2.99,0.83,3.92,Zomato,Cash
O00757,13-07-2025,July,2025,Appetizer,French Fries,https://i.ibb.co/23d8CKt3/fries.png,Peri Peri Fries,3,13.99,41.97,18.47,7.56,15.94,UberEats,Cash
O00758,28-12-2025,December,2025,Appetizer,French Fries,https://i.ibb.co/23d8CKt3/fries.png,Cheese Fries,3,6.05,18.15,6.1,1.89,10.16,In-Store,Card
O00759,06-04-2025,April,2025,Beverage,Hot Drinks,https://i.ibb.co/mFCQYCrw/hot.png,Hot Chocolate,4,4.65,18.6,8.07,3.44,7.09,In-Store,UPI
O00760,11-10-2025,October,2025,Main Menu,Veg Mania,https://i.ibb.co/svfg0hg2/vegmania.png,Mushroom Magic,4,10.14,40.56,16.15,5,19.41,In-Store,UPI
O00761,05-10-2025,October,2025,Appetizer,Macaroni,https://i.ibb.co/zVLCV731/macaroni.png,Classic Mac,2,12.11,24.22,9.83,3.17,11.22,In-Store,Card
O00762,14-11-2025,November,2025,Appetizer,French Fries,https://i.ibb.co/23d8CKt3/fries.png,Peri Peri Fries,2,10.09,20.18,7.76,3.28,9.14,UberEats,Cash
O00763,03-10-2025,October,2025,Appetizer,Burger,https://i.ibb.co/KjvbDYc5/burger.png,Spicy Bean Burger,1,10.7,10.7,3.32,1.75,5.63,Zomato,UPI
O00764,29-07-2025,July,2025,Beverage,Hot Drinks,https://i.ibb.co/mFCQYCrw/hot.png,Espresso,1,7.38,7.38,2.64,0.91,3.83,Swiggy,Cash
O00765,08-03-2025,March,2025,Main Menu,Veg Mania,https://i.ibb.co/svfg0hg2/vegmania.png,Mushroom Magic,2,19.28,38.56,13.72,6.24,18.6,Swiggy,Online
O00766,20-02-2025,February,2025,Main Menu,Pizza,https://i.ibb.co/vx6T9K8X/pizza-1.png,Veggie Paradise,1,14.69,14.69,6.57,2.42,5.7,UberEats,Cash
O00767,24-04-2025,April,2025,Beverage,Juice,https://i.ibb.co/bM9d4qvH/juice.png,Orange Juice,1,7.58,7.58,2.85,1.48,3.25,Zomato,Online
O00768,28-08-2025,August,2025,Beverage,Juice,https://i.ibb.co/bM9d4qvH/juice.png,Watermelon Juice,2,5.81,11.62,4.14,2.26,5.22,In-Store,UPI
O00769,30-01-2025,January,2025,Beverage,Hot Drinks,https://i.ibb.co/mFCQYCrw/hot.png,Espresso,1,6.5,6.5,2.58,1.28,2.64,Swiggy,UPI
O00770,21-04-2025,April,2025,Beverage,Juice,https://i.ibb.co/bM9d4qvH/juice.png,Orange Juice,1,6.77,6.77,2.68,1.08,3.01,Zomato,Online
O00771,09-04-2025,April,2025,Beverage,Juice,https://i.ibb.co/bM9d4qvH/juice.png,Mango Juice,2,7.53,15.06,5.83,2.19,7.04,In-Store,Cash
O00772,23-10-2025,October,2025,Appetizer,French Fries,https://i.ibb.co/23d8CKt3/fries.png,Loaded Fries,2,6.48,12.96,5.4,2.09,5.47,In-Store,Cash
O00773,03-04-2025,April,2025,Beverage,Hot Drinks,https://i.ibb.co/mFCQYCrw/hot.png,Hot Chocolate,2,8.19,16.38,6.6,3.13,6.65,Zomato,Online
O00774,11-06-2025,June,2025,Beverage,Hot Drinks,https://i.ibb.co/mFCQYCrw/hot.png,Hot Chocolate,1,8.77,8.77,2.83,1.38,4.56,In-Store,Online
O00775,15-06-2025,June,2025,Beverage,Juice,https://i.ibb.co/bM9d4qvH/juice.png,Mango Juice,2,8.61,17.22,7.08,1.89,8.25,In-Store,UPI
O00776,20-08-2025,August,2025,Appetizer,Macaroni,https://i.ibb.co/zVLCV731/macaroni.png,Classic Mac,1,11.62,11.62,4.22,1.26,6.14,Swiggy,UPI
O00777,09-01-2025,January,2025,Beverage,Juice,https://i.ibb.co/bM9d4qvH/juice.png,Watermelon Juice,4,8.4,33.6,13.56,5.37,14.67,Swiggy,UPI
O00778,20-04-2025,April,2025,Appetizer,Burger,https://i.ibb.co/KjvbDYc5/burger.png,Paneer Burger,4,13.81,55.24,18.2,9.6,27.44,Zomato,Cash
O00779,24-08-2025,August,2025,Appetizer,Burger,https://i.ibb.co/KjvbDYc5/burger.png,Veg Cheese Burger,3,12.42,37.26,12.3,4.53,20.43,UberEats,UPI
O00780,08-05-2025,May,2025,Main Menu,Club Veg,https://i.ibb.co/7tVrrcM1/clubveg.png,Spicy Club,1,16.03,16.03,5.93,2.96,7.14,Swiggy,Online
O00781,22-04-2025,April,2025,Beverage,Juice,https://i.ibb.co/bM9d4qvH/juice.png,Watermelon Juice,3,5.68,17.04,6.22,2.38,8.44,In-Store,Card
O00782,20-12-2025,December,2025,Beverage,Juice,https://i.ibb.co/bM9d4qvH/juice.png,Watermelon Juice,1,8.46,8.46,2.65,1.17,4.64,Swiggy,Online
O00783,29-01-2025,January,2025,Appetizer,Macaroni,https://i.ibb.co/zVLCV731/macaroni.png,Spicy Mac,2,7.69,15.38,5.71,1.62,8.05,In-Store,Cash
O00784,01-12-2025,December,2025,Beverage,Juice,https://i.ibb.co/bM9d4qvH/juice.png,Mixed Fruit Juice,3,4.37,13.11,4.22,2.59,6.3,Swiggy,UPI
O00785,22-01-2025,January,2025,Appetizer,French Fries,https://i.ibb.co/23d8CKt3/fries.png,Peri Peri Fries,4,13.74,54.96,16.56,6.35,32.05,UberEats,Card
O00786,26-01-2025,January,2025,Beverage,Hot Drinks,https://i.ibb.co/mFCQYCrw/hot.png,Green Tea,1,7.15,7.15,2.39,0.81,3.95,Swiggy,Card
O00787,29-05-2025,May,2025,Appetizer,Burger,https://i.ibb.co/KjvbDYc5/burger.png,Veg Cheese Burger,1,8.84,8.84,3.05,1.75,4.04,UberEats,Cash
O00788,20-10-2025,October,2025,Beverage,Juice,https://i.ibb.co/bM9d4qvH/juice.png,Mixed Fruit Juice,2,8.49,16.98,5.97,3.17,7.84,UberEats,Cash
O00789,14-09-2025,September,2025,Appetizer,French Fries,https://i.ibb.co/23d8CKt3/fries.png,Peri Peri Fries,2,6.66,13.32,5.65,2.27,5.4,Zomato,Online
O00790,12-04-2025,April,2025,Appetizer,Macaroni,https://i.ibb.co/zVLCV731/macaroni.png,Cheese Mac,4,7.25,29,11.23,4.37,13.4,Zomato,Card
O00791,17-05-2025,May,2025,Appetizer,Macaroni,https://i.ibb.co/zVLCV731/macaroni.png,Classic Mac,4,10.99,43.96,14.34,8.24,21.38,Swiggy,Online
O00792,07-07-2025,July,2025,Appetizer,Burger,https://i.ibb.co/KjvbDYc5/burger.png,Paneer Burger,2,13.87,27.74,11.74,2.93,13.07,UberEats,Cash
O00793,28-03-2025,March,2025,Appetizer,French Fries,https://i.ibb.co/23d8CKt3/fries.png,Loaded Fries,1,9.67,9.67,3.4,1.5,4.77,Zomato,Online
O00794,30-04-2025,April,2025,Main Menu,Club Veg,https://i.ibb.co/7tVrrcM1/clubveg.png,Veggie Club Special,2,16.64,33.28,11.55,5.12,16.61,Swiggy,Cash
O00795,28-01-2025,January,2025,Main Menu,Sandwich,https://i.ibb.co/fzhvYTxp/sandwich.png,Paneer Tikka,1,19.89,19.89,8.77,2.02,9.1,Swiggy,UPI
O00796,26-02-2025,February,2025,Appetizer,Macaroni,https://i.ibb.co/zVLCV731/macaroni.png,Spicy Mac,1,9.77,9.77,3.65,1.45,4.67,Swiggy,UPI
O00797,03-10-2025,October,2025,Main Menu,Sandwich,https://i.ibb.co/fzhvYTxp/sandwich.png,Paneer Tikka,3,13.61,40.83,17.15,4.59,19.09,In-Store,Card
O00798,24-12-2025,December,2025,Beverage,Juice,https://i.ibb.co/bM9d4qvH/juice.png,Mixed Fruit Juice,4,6.08,24.32,7.76,2.91,13.65,Swiggy,UPI
O00799,31-01-2025,January,2025,Appetizer,Burger,https://i.ibb.co/KjvbDYc5/burger.png,Paneer Burger,3,7.4,22.2,9.11,3.36,9.73,Swiggy,Online
O00800,05-01-2025,January,2025,Main Menu,Pizza,https://i.ibb.co/vx6T9K8X/pizza-1.png,Peppy Paneer,4,14.03,56.12,21.49,7.7,26.93,UberEats,Cash
O00801,30-05-2025,May,2025,Beverage,Hot Drinks,https://i.ibb.co/mFCQYCrw/hot.png,Cappuccino,2,4.71,9.42,4.03,1.1,4.29,In-Store,Cash
O00802,06-09-2025,September,2025,Beverage,Juice,https://i.ibb.co/bM9d4qvH/juice.png,Mango Juice,2,6.45,12.9,5.47,1.66,5.77,Zomato,Online
O00803,31-12-2025,December,2025,Main Menu,Veg Mania,https://i.ibb.co/svfg0hg2/vegmania.png,Mushroom Magic,4,19.7,78.8,28.03,14.07,36.7,UberEats,UPI
O00804,21-07-2025,July,2025,Beverage,Juice,https://i.ibb.co/bM9d4qvH/juice.png,Orange Juice,4,8.69,34.76,10.88,5.41,18.47,UberEats,UPI
O00805,17-11-2025,November,2025,Appetizer,Burger,https://i.ibb.co/KjvbDYc5/burger.png,Paneer Burger,2,12.37,24.74,11.09,2.54,11.11,Swiggy,UPI
O00806,16-01-2025,January,2025,Beverage,Hot Drinks,https://i.ibb.co/mFCQYCrw/hot.png,Cappuccino,4,6.6,26.4,8.91,3.33,14.16,Zomato,UPI
O00807,03-12-2025,December,2025,Main Menu,Veg Mania,https://i.ibb.co/svfg0hg2/vegmania.png,Veg Overload,2,18.71,37.42,11.53,5.15,20.74,Zomato,Online
O00808,21-10-2025,October,2025,Main Menu,Pizza,https://i.ibb.co/vx6T9K8X/pizza-1.png,Peppy Paneer,1,12.65,12.65,4.46,1.38,6.81,UberEats,Online
O00809,09-03-2025,March,2025,Main Menu,Sandwich,https://i.ibb.co/fzhvYTxp/sandwich.png,Cheese Chilli,1,19.21,19.21,8.49,3.09,7.63,Zomato,UPI
O00810,28-12-2025,December,2025,Beverage,Juice,https://i.ibb.co/bM9d4qvH/juice.png,Mixed Fruit Juice,1,7.93,7.93,2.94,1.16,3.83,Zomato,Card
O00811,04-02-2025,February,2025,Beverage,Juice,https://i.ibb.co/bM9d4qvH/juice.png,Mango Juice,2,4.77,9.54,3.95,1.44,4.15,UberEats,Card
O00812,16-01-2025,January,2025,Appetizer,Macaroni,https://i.ibb.co/zVLCV731/macaroni.png,Spicy Mac,2,13.48,26.96,9.7,4.93,12.33,UberEats,Online
O00813,23-11-2025,November,2025,Beverage,Hot Drinks,https://i.ibb.co/mFCQYCrw/hot.png,Cappuccino,1,4.15,4.15,1.27,0.68,2.2,Zomato,Cash
O00814,05-04-2025,April,2025,Main Menu,Club Veg,https://i.ibb.co/7tVrrcM1/clubveg.png,Veggie Club Special,4,16.7,66.8,25.15,10.03,31.62,Zomato,Card
O00815,14-01-2025,January,2025,Appetizer,Burger,https://i.ibb.co/KjvbDYc5/burger.png,Spicy Bean Burger,1,6.28,6.28,2.69,1.21,2.38,Zomato,Online
O00816,29-11-2025,November,2025,Appetizer,Burger,https://i.ibb.co/KjvbDYc5/burger.png,Spicy Bean Burger,3,12.37,37.11,13.63,4.59,18.89,In-Store,Online
O00817,25-03-2025,March,2025,Main Menu,Sandwich,https://i.ibb.co/fzhvYTxp/sandwich.png,Grilled Veg,2,17.25,34.5,15.08,4.1,15.32,In-Store,Cash
O00818,31-07-2025,July,2025,Main Menu,Sandwich,https://i.ibb.co/fzhvYTxp/sandwich.png,Cheese Chilli,3,16.96,50.88,21.38,7.08,22.42,Swiggy,Card
O00819,12-11-2025,November,2025,Appetizer,French Fries,https://i.ibb.co/23d8CKt3/fries.png,Cheese Fries,1,7,7,2.32,1.09,3.59,In-Store,Card
O00820,27-07-2025,July,2025,Main Menu,Pizza,https://i.ibb.co/vx6T9K8X/pizza-1.png,Peppy Paneer,4,18.35,73.4,26.28,7.83,39.29,In-Store,Cash
O00821,25-02-2025,February,2025,Appetizer,Macaroni,https://i.ibb.co/zVLCV731/macaroni.png,Classic Mac,2,12.61,25.22,7.9,3.24,14.08,Zomato,Online
O00822,21-01-2025,January,2025,Beverage,Hot Drinks,https://i.ibb.co/mFCQYCrw/hot.png,Espresso,1,5.46,5.46,2.43,0.91,2.12,Zomato,UPI
O00823,23-07-2025,July,2025,Appetizer,Macaroni,https://i.ibb.co/zVLCV731/macaroni.png,Spicy Mac,1,8.12,8.12,3.23,0.97,3.92,Zomato,Online
O00824,10-11-2025,November,2025,Main Menu,Sandwich,https://i.ibb.co/fzhvYTxp/sandwich.png,Classic Veg,1,16.2,16.2,7.01,2.82,6.37,In-Store,Cash
O00825,14-09-2025,September,2025,Main Menu,Sandwich,https://i.ibb.co/fzhvYTxp/sandwich.png,Cheese Chilli,2,12.82,25.64,9.44,4.3,11.9,In-Store,Online
O00826,19-08-2025,August,2025,Main Menu,Sandwich,https://i.ibb.co/fzhvYTxp/sandwich.png,Classic Veg,4,13.47,53.88,24.17,7.07,22.64,Zomato,Online
O00827,09-05-2025,May,2025,Appetizer,French Fries,https://i.ibb.co/23d8CKt3/fries.png,Peri Peri Fries,3,6.63,19.89,8.5,2.17,9.22,Swiggy,Cash
O00828,28-12-2025,December,2025,Appetizer,French Fries,https://i.ibb.co/23d8CKt3/fries.png,Cheese Fries,4,10.33,41.32,13.55,5.67,22.1,Swiggy,Online
O00829,19-09-2025,September,2025,Beverage,Juice,https://i.ibb.co/bM9d4qvH/juice.png,Mixed Fruit Juice,1,4.31,4.31,1.45,0.74,2.12,In-Store,Cash
O00830,21-06-2025,June,2025,Beverage,Juice,https://i.ibb.co/bM9d4qvH/juice.png,Mango Juice,1,5.71,5.71,2.1,0.86,2.75,Zomato,Card
O00831,27-01-2025,January,2025,Appetizer,Macaroni,https://i.ibb.co/zVLCV731/macaroni.png,Veg Loaded Mac,2,9.77,19.54,8.51,3.22,7.81,In-Store,UPI
O00832,03-04-2025,April,2025,Main Menu,Sandwich,https://i.ibb.co/fzhvYTxp/sandwich.png,Cheese Chilli,4,11.77,47.08,19.9,8.27,18.91,Swiggy,UPI
O00833,23-08-2025,August,2025,Appetizer,Macaroni,https://i.ibb.co/zVLCV731/macaroni.png,Classic Mac,4,6.06,24.24,10.42,3.03,10.79,In-Store,Card
O00834,29-10-2025,October,2025,Beverage,Hot Drinks,https://i.ibb.co/mFCQYCrw/hot.png,Green Tea,2,8.28,16.56,7.19,3.16,6.21,In-Store,Online
O00835,04-11-2025,November,2025,Beverage,Juice,https://i.ibb.co/bM9d4qvH/juice.png,Mango Juice,1,7.46,7.46,2.73,1.29,3.44,UberEats,Card
O00836,05-04-2025,April,2025,Main Menu,Veg Mania,https://i.ibb.co/svfg0hg2/vegmania.png,Corn Supreme,4,16.04,64.16,27.25,7.19,29.72,Swiggy,Card
O00837,08-12-2025,December,2025,Beverage,Hot Drinks,https://i.ibb.co/mFCQYCrw/hot.png,Hot Chocolate,2,6.66,13.32,5.36,2.6,5.36,Swiggy,Cash
O00838,02-08-2025,August,2025,Main Menu,Sandwich,https://i.ibb.co/fzhvYTxp/sandwich.png,Paneer Tikka,1,17.34,17.34,5.63,1.94,9.77,Zomato,Online
O00839,24-10-2025,October,2025,Appetizer,Burger,https://i.ibb.co/KjvbDYc5/burger.png,Aloo Tikki Burger,4,13.22,52.88,17.59,5.37,29.92,UberEats,UPI
O00840,14-07-2025,July,2025,Main Menu,Pizza,https://i.ibb.co/vx6T9K8X/pizza-1.png,Margherita,3,11.06,33.18,12.77,5.5,14.91,UberEats,Online
O00841,04-03-2025,March,2025,Beverage,Hot Drinks,https://i.ibb.co/mFCQYCrw/hot.png,Hot Chocolate,1,6,6,2.65,0.65,2.7,In-Store,Card
O00842,18-04-2025,April,2025,Beverage,Juice,https://i.ibb.co/bM9d4qvH/juice.png,Orange Juice,2,7.9,15.8,6.11,2.31,7.38,Swiggy,Online
O00843,19-12-2025,December,2025,Beverage,Hot Drinks,https://i.ibb.co/mFCQYCrw/hot.png,Green Tea,1,8.9,8.9,2.97,1.69,4.24,UberEats,UPI
O00844,22-10-2025,October,2025,Beverage,Hot Drinks,https://i.ibb.co/mFCQYCrw/hot.png,Cappuccino,3,7.5,22.5,8.97,3.45,10.08,In-Store,Online
O00845,03-04-2025,April,2025,Beverage,Juice,https://i.ibb.co/bM9d4qvH/juice.png,Watermelon Juice,3,4.86,14.58,6.01,2.28,6.29,Zomato,Cash
O00846,13-01-2025,January,2025,Appetizer,French Fries,https://i.ibb.co/23d8CKt3/fries.png,Salted Fries,2,9.39,18.78,6.37,3.7,8.71,Zomato,Online
O00847,24-01-2025,January,2025,Appetizer,Macaroni,https://i.ibb.co/zVLCV731/macaroni.png,Cheese Mac,3,8.78,26.34,8.36,2.71,15.27,Swiggy,Card
O00848,25-05-2025,May,2025,Appetizer,Burger,https://i.ibb.co/KjvbDYc5/burger.png,Paneer Burger,1,7.75,7.75,3.04,0.97,3.74,UberEats,UPI
O00849,28-02-2025,February,2025,Beverage,Hot Drinks,https://i.ibb.co/mFCQYCrw/hot.png,Hot Chocolate,1,5.8,5.8,2.39,0.62,2.79,In-Store,Cash
O00850,10-04-2025,April,2025,Appetizer,Macaroni,https://i.ibb.co/zVLCV731/macaroni.png,Spicy Mac,2,12.35,24.7,10.4,3.28,11.02,In-Store,Cash
O00851,11-03-2025,March,2025,Appetizer,Burger,https://i.ibb.co/KjvbDYc5/burger.png,Spicy Bean Burger,1,6.68,6.68,2.36,1.28,3.04,UberEats,Online
O00852,29-01-2025,January,2025,Beverage,Hot Drinks,https://i.ibb.co/mFCQYCrw/hot.png,Hot Chocolate,4,4.91,19.64,8.27,3.58,7.79,Swiggy,Card
O00853,17-12-2025,December,2025,Appetizer,Macaroni,https://i.ibb.co/zVLCV731/macaroni.png,Classic Mac,1,9.67,9.67,3.2,0.98,5.49,Zomato,UPI
O00854,23-06-2025,June,2025,Appetizer,French Fries,https://i.ibb.co/23d8CKt3/fries.png,Peri Peri Fries,3,6.61,19.83,7.53,2.05,10.25,In-Store,Card
O00855,01-03-2025,March,2025,Appetizer,French Fries,https://i.ibb.co/23d8CKt3/fries.png,Cheese Fries,2,9.26,18.52,7.37,3,8.15,Swiggy,UPI
O00856,14-02-2025,February,2025,Appetizer,Burger,https://i.ibb.co/KjvbDYc5/burger.png,Paneer Burger,2,13.42,26.84,8.33,3.81,14.7,In-Store,UPI
O00857,26-09-2025,September,2025,Appetizer,Burger,https://i.ibb.co/KjvbDYc5/burger.png,Aloo Tikki Burger,3,10.9,32.7,10.03,5.54,17.13,UberEats,Cash
O00858,17-02-2025,February,2025,Appetizer,French Fries,https://i.ibb.co/23d8CKt3/fries.png,Salted Fries,3,7.85,23.55,8.49,4.32,10.74,In-Store,Card
O00859,24-06-2025,June,2025,Appetizer,French Fries,https://i.ibb.co/23d8CKt3/fries.png,Cheese Fries,1,10.89,10.89,4.74,2.14,4.01,UberEats,Card
O00860,22-09-2025,September,2025,Beverage,Juice,https://i.ibb.co/bM9d4qvH/juice.png,Mango Juice,2,7.75,15.5,6.22,2.57,6.71,Swiggy,Online
O00861,25-09-2025,September,2025,Main Menu,Veg Mania,https://i.ibb.co/svfg0hg2/vegmania.png,Corn Supreme,4,13.95,55.8,21.4,5.74,28.66,Swiggy,Cash
O00862,28-08-2025,August,2025,Main Menu,Veg Mania,https://i.ibb.co/svfg0hg2/vegmania.png,Corn Supreme,2,11.56,23.12,7.52,4.35,11.25,Swiggy,UPI
O00863,18-04-2025,April,2025,Appetizer,Burger,https://i.ibb.co/KjvbDYc5/burger.png,Veg Cheese Burger,4,7.85,31.4,13.98,3.96,13.46,UberEats,UPI
O00864,13-06-2025,June,2025,Appetizer,French Fries,https://i.ibb.co/23d8CKt3/fries.png,Salted Fries,3,12.69,38.07,16.76,7.3,14.01,UberEats,Card
O00865,21-05-2025,May,2025,Main Menu,Veg Mania,https://i.ibb.co/svfg0hg2/vegmania.png,Paneer Delight,3,16.3,48.9,15.34,6.43,27.13,Zomato,UPI
O00866,13-06-2025,June,2025,Appetizer,Burger,https://i.ibb.co/KjvbDYc5/burger.png,Paneer Burger,3,12.25,36.75,15.06,6.7,14.99,Zomato,Card
O00867,09-06-2025,June,2025,Beverage,Hot Drinks,https://i.ibb.co/mFCQYCrw/hot.png,Green Tea,2,8.16,16.32,7.2,2.02,7.1,Swiggy,Card
O00868,30-08-2025,August,2025,Beverage,Juice,https://i.ibb.co/bM9d4qvH/juice.png,Orange Juice,2,7.84,15.68,5.29,2.89,7.5,In-Store,Cash
O00869,07-08-2025,August,2025,Appetizer,Burger,https://i.ibb.co/KjvbDYc5/burger.png,Spicy Bean Burger,1,10.11,10.11,4.4,1.23,4.48,UberEats,UPI
O00870,12-04-2025,April,2025,Beverage,Juice,https://i.ibb.co/bM9d4qvH/juice.png,Mixed Fruit Juice,2,6.8,13.6,4.09,2.69,6.82,Zomato,Cash
O00871,28-08-2025,August,2025,Main Menu,Pizza,https://i.ibb.co/vx6T9K8X/pizza-1.png,Peppy Paneer,1,13.95,13.95,4.63,2.59,6.73,In-Store,Online
O00872,25-04-2025,April,2025,Main Menu,Club Veg,https://i.ibb.co/7tVrrcM1/clubveg.png,Spicy Club,1,14.41,14.41,5.19,2.57,6.65,In-Store,Card
O00873,07-12-2025,December,2025,Appetizer,Macaroni,https://i.ibb.co/zVLCV731/macaroni.png,Spicy Mac,3,13.92,41.76,18.78,4.97,18.01,In-Store,Cash
O00874,01-09-2025,September,2025,Main Menu,Club Veg,https://i.ibb.co/7tVrrcM1/clubveg.png,Corn & Mayo Club,3,14.31,42.93,18.92,5.07,18.94,In-Store,Card
O00875,28-06-2025,June,2025,Beverage,Juice,https://i.ibb.co/bM9d4qvH/juice.png,Orange Juice,3,5.11,15.33,5.74,2.94,6.65,In-Store,Cash
O00876,12-10-2025,October,2025,Beverage,Juice,https://i.ibb.co/bM9d4qvH/juice.png,Watermelon Juice,4,4.65,18.6,6.75,3.27,8.58,In-Store,Online
O00877,31-07-2025,July,2025,Main Menu,Sandwich,https://i.ibb.co/fzhvYTxp/sandwich.png,Cheese Chilli,2,10.84,21.68,7.61,3.91,10.16,In-Store,Online
O00878,24-06-2025,June,2025,Main Menu,Pizza,https://i.ibb.co/vx6T9K8X/pizza-1.png,Veggie Paradise,4,11.6,46.4,15.05,5.72,25.63,UberEats,Card
O00879,06-12-2025,December,2025,Beverage,Juice,https://i.ibb.co/bM9d4qvH/juice.png,Mixed Fruit Juice,1,8.17,8.17,2.82,1.03,4.32,Swiggy,Online
O00880,12-10-2025,October,2025,Main Menu,Pizza,https://i.ibb.co/vx6T9K8X/pizza-1.png,Farmhouse,1,12.78,12.78,4.64,1.34,6.8,UberEats,Online
O00881,03-11-2025,November,2025,Main Menu,Pizza,https://i.ibb.co/vx6T9K8X/pizza-1.png,Peppy Paneer,2,15.74,31.48,13.5,5.45,12.53,In-Store,Cash
O00882,22-04-2025,April,2025,Main Menu,Veg Mania,https://i.ibb.co/svfg0hg2/vegmania.png,Mushroom Magic,3,17.82,53.46,18.5,5.56,29.4,Zomato,Online
O00883,30-05-2025,May,2025,Appetizer,French Fries,https://i.ibb.co/23d8CKt3/fries.png,Loaded Fries,3,9.18,27.54,8.29,2.92,16.33,Zomato,Card
O00884,12-06-2025,June,2025,Appetizer,French Fries,https://i.ibb.co/23d8CKt3/fries.png,Cheese Fries,4,10.53,42.12,18.35,5.79,17.98,In-Store,UPI
O00885,26-10-2025,October,2025,Main Menu,Pizza,https://i.ibb.co/vx6T9K8X/pizza-1.png,Farmhouse,4,10.51,42.04,15.2,4.89,21.95,UberEats,Cash
O00886,09-10-2025,October,2025,Main Menu,Veg Mania,https://i.ibb.co/svfg0hg2/vegmania.png,Corn Supreme,4,13.18,52.72,22.28,10.18,20.26,Swiggy,UPI
O00887,01-05-2025,May,2025,Appetizer,French Fries,https://i.ibb.co/23d8CKt3/fries.png,Loaded Fries,1,9.6,9.6,3.78,1.24,4.58,UberEats,Online
O00888,15-07-2025,July,2025,Appetizer,French Fries,https://i.ibb.co/23d8CKt3/fries.png,Peri Peri Fries,3,8.66,25.98,7.99,3.88,14.11,Zomato,Online
O00889,07-04-2025,April,2025,Beverage,Hot Drinks,https://i.ibb.co/mFCQYCrw/hot.png,Hot Chocolate,4,5.67,22.68,9.16,3.52,10,In-Store,Card
O00890,10-12-2025,December,2025,Main Menu,Sandwich,https://i.ibb.co/fzhvYTxp/sandwich.png,Grilled Veg,1,12.09,12.09,5.01,1.4,5.68,Swiggy,Cash
O00891,07-09-2025,September,2025,Beverage,Hot Drinks,https://i.ibb.co/mFCQYCrw/hot.png,Cappuccino,4,5.34,21.36,7.71,2.4,11.25,Swiggy,Card
O00892,01-08-2025,August,2025,Appetizer,French Fries,https://i.ibb.co/23d8CKt3/fries.png,Loaded Fries,2,12.62,25.24,9.06,4.28,11.9,Zomato,Online
O00893,06-08-2025,August,2025,Beverage,Hot Drinks,https://i.ibb.co/mFCQYCrw/hot.png,Green Tea,1,7.21,7.21,2.54,0.96,3.71,UberEats,Card
O00894,06-08-2025,August,2025,Beverage,Juice,https://i.ibb.co/bM9d4qvH/juice.png,Mixed Fruit Juice,3,4.61,13.83,5,1.72,7.11,Zomato,UPI
O00895,07-10-2025,October,2025,Beverage,Hot Drinks,https://i.ibb.co/mFCQYCrw/hot.png,Espresso,1,8.13,8.13,3.1,0.9,4.13,Swiggy,Online
O00896,08-07-2025,July,2025,Main Menu,Pizza,https://i.ibb.co/vx6T9K8X/pizza-1.png,Margherita,3,16.56,49.68,17.59,8.3,23.79,Zomato,UPI
O00897,22-09-2025,September,2025,Main Menu,Veg Mania,https://i.ibb.co/svfg0hg2/vegmania.png,Mushroom Magic,2,10.81,21.62,7.93,3.25,10.44,In-Store,Cash
O00898,21-11-2025,November,2025,Beverage,Hot Drinks,https://i.ibb.co/mFCQYCrw/hot.png,Espresso,3,4.85,14.55,5.8,2.3,6.45,UberEats,Cash
O00899,21-08-2025,August,2025,Beverage,Hot Drinks,https://i.ibb.co/mFCQYCrw/hot.png,Hot Chocolate,1,5.45,5.45,2.26,0.78,2.41,In-Store,UPI
O00900,29-05-2025,May,2025,Main Menu,Veg Mania,https://i.ibb.co/svfg0hg2/vegmania.png,Corn Supreme,4,16.19,64.76,24.91,11.98,27.87,UberEats,Cash
O00901,31-08-2025,August,2025,Beverage,Juice,https://i.ibb.co/bM9d4qvH/juice.png,Orange Juice,3,8.67,26.01,8.89,2.94,14.18,UberEats,Cash
O00902,06-09-2025,September,2025,Main Menu,Sandwich,https://i.ibb.co/fzhvYTxp/sandwich.png,Grilled Veg,3,16.03,48.09,20.33,5,22.76,UberEats,UPI
O00903,12-11-2025,November,2025,Appetizer,Macaroni,https://i.ibb.co/zVLCV731/macaroni.png,Veg Loaded Mac,1,13.94,13.94,5.55,2.48,5.91,Swiggy,Cash
O00904,31-03-2025,March,2025,Beverage,Juice,https://i.ibb.co/bM9d4qvH/juice.png,Mixed Fruit Juice,4,7.01,28.04,8.84,3.16,16.04,UberEats,Card
O00905,25-12-2025,December,2025,Main Menu,Pizza,https://i.ibb.co/vx6T9K8X/pizza-1.png,Farmhouse,1,16.74,16.74,5.36,1.93,9.45,Swiggy,UPI
O00906,16-03-2025,March,2025,Beverage,Juice,https://i.ibb.co/bM9d4qvH/juice.png,Mixed Fruit Juice,1,8.72,8.72,3.51,1.37,3.84,In-Store,Online
O00907,05-12-2025,December,2025,Appetizer,French Fries,https://i.ibb.co/23d8CKt3/fries.png,Peri Peri Fries,1,8.21,8.21,2.49,1.2,4.52,Zomato,UPI
O00908,25-11-2025,November,2025,Appetizer,Burger,https://i.ibb.co/KjvbDYc5/burger.png,Aloo Tikki Burger,4,8.59,34.36,14.16,4.19,16.01,Zomato,Online
O00909,01-09-2025,September,2025,Appetizer,Macaroni,https://i.ibb.co/zVLCV731/macaroni.png,Cheese Mac,2,7.05,14.1,4.49,2.4,7.21,In-Store,Online
O00910,15-05-2025,May,2025,Main Menu,Pizza,https://i.ibb.co/vx6T9K8X/pizza-1.png,Margherita,4,19.97,79.88,29.7,15.41,34.77,UberEats,Online
O00911,14-12-2025,December,2025,Appetizer,French Fries,https://i.ibb.co/23d8CKt3/fries.png,Salted Fries,1,9.72,9.72,3.82,1.76,4.14,Swiggy,UPI
O00912,09-11-2025,November,2025,Beverage,Hot Drinks,https://i.ibb.co/mFCQYCrw/hot.png,Hot Chocolate,2,6.41,12.82,4.67,1.98,6.17,UberEats,UPI
O00913,11-05-2025,May,2025,Beverage,Hot Drinks,https://i.ibb.co/mFCQYCrw/hot.png,Green Tea,3,5.48,16.44,6.92,2.3,7.22,Zomato,Card
O00914,22-06-2025,June,2025,Beverage,Juice,https://i.ibb.co/bM9d4qvH/juice.png,Watermelon Juice,4,6.96,27.84,10.71,4.18,12.95,Swiggy,Cash
O00915,07-01-2025,January,2025,Appetizer,Burger,https://i.ibb.co/KjvbDYc5/burger.png,Aloo Tikki Burger,2,6.72,13.44,4.29,2.42,6.73,In-Store,UPI
O00916,26-05-2025,May,2025,Appetizer,Burger,https://i.ibb.co/KjvbDYc5/burger.png,Aloo Tikki Burger,2,7.21,14.42,5.87,1.87,6.68,Swiggy,Cash
O00917,01-11-2025,November,2025,Beverage,Juice,https://i.ibb.co/bM9d4qvH/juice.png,Orange Juice,4,7.49,29.96,11.71,3.92,14.33,Swiggy,Cash
O00918,08-03-2025,March,2025,Appetizer,French Fries,https://i.ibb.co/23d8CKt3/fries.png,Peri Peri Fries,2,10.92,21.84,7.52,2.19,12.13,Swiggy,Card
O00919,31-05-2025,May,2025,Appetizer,French Fries,https://i.ibb.co/23d8CKt3/fries.png,Salted Fries,4,7.74,30.96,10.8,3.49,16.67,In-Store,UPI
O00920,21-12-2025,December,2025,Beverage,Hot Drinks,https://i.ibb.co/mFCQYCrw/hot.png,Hot Chocolate,4,4.21,16.84,5.87,2.8,8.17,Zomato,Cash
O00921,01-02-2025,February,2025,Appetizer,Macaroni,https://i.ibb.co/zVLCV731/macaroni.png,Veg Loaded Mac,4,8.74,34.96,14.75,6.73,13.48,Swiggy,UPI
O00922,02-04-2025,April,2025,Appetizer,Burger,https://i.ibb.co/KjvbDYc5/burger.png,Spicy Bean Burger,1,9.99,9.99,3.15,1.4,5.44,Zomato,Online
O00923,27-11-2025,November,2025,Appetizer,Burger,https://i.ibb.co/KjvbDYc5/burger.png,Veg Cheese Burger,3,12.24,36.72,15.92,3.72,17.08,In-Store,Card
O00924,26-11-2025,November,2025,Main Menu,Pizza,https://i.ibb.co/vx6T9K8X/pizza-1.png,Peppy Paneer,2,15.54,31.08,9.38,4.79,16.91,Swiggy,Cash
O00925,06-02-2025,February,2025,Beverage,Hot Drinks,https://i.ibb.co/mFCQYCrw/hot.png,Green Tea,3,8.79,26.37,11.47,4.1,10.8,Swiggy,Online
O00926,01-12-2025,December,2025,Beverage,Juice,https://i.ibb.co/bM9d4qvH/juice.png,Orange Juice,2,5.92,11.84,4.63,1.64,5.57,In-Store,UPI
O00927,25-12-2025,December,2025,Appetizer,Macaroni,https://i.ibb.co/zVLCV731/macaroni.png,Classic Mac,4,6.76,27.04,8.67,2.92,15.45,In-Store,Online
O00928,26-07-2025,July,2025,Beverage,Juice,https://i.ibb.co/bM9d4qvH/juice.png,Mango Juice,3,8.88,26.64,10.12,4.99,11.53,Swiggy,Online
O00929,04-09-2025,September,2025,Main Menu,Club Veg,https://i.ibb.co/7tVrrcM1/clubveg.png,Spicy Club,1,15.83,15.83,5.51,2.34,7.98,UberEats,Online
O00930,20-11-2025,November,2025,Beverage,Juice,https://i.ibb.co/bM9d4qvH/juice.png,Watermelon Juice,4,6.45,25.8,10.38,3.39,12.03,UberEats,Cash
O00931,29-05-2025,May,2025,Beverage,Juice,https://i.ibb.co/bM9d4qvH/juice.png,Mango Juice,3,7.16,21.48,8.59,2.4,10.49,Swiggy,Online
O00932,08-04-2025,April,2025,Appetizer,French Fries,https://i.ibb.co/23d8CKt3/fries.png,Loaded Fries,3,8.05,24.15,10.41,3.62,10.12,Swiggy,UPI
O00933,13-02-2025,February,2025,Beverage,Hot Drinks,https://i.ibb.co/mFCQYCrw/hot.png,Cappuccino,1,7.1,7.1,2.85,1.25,3,Zomato,Cash
O00934,13-01-2025,January,2025,Beverage,Juice,https://i.ibb.co/bM9d4qvH/juice.png,Mixed Fruit Juice,1,6.46,6.46,2.76,0.77,2.93,In-Store,Cash
O00935,26-11-2025,November,2025,Appetizer,Macaroni,https://i.ibb.co/zVLCV731/macaroni.png,Spicy Mac,4,13.71,54.84,18.77,7.12,28.95,Swiggy,Cash
O00936,29-01-2025,January,2025,Appetizer,French Fries,https://i.ibb.co/23d8CKt3/fries.png,Salted Fries,4,12.17,48.68,15.02,5.38,28.28,In-Store,Cash
O00937,01-12-2025,December,2025,Beverage,Hot Drinks,https://i.ibb.co/mFCQYCrw/hot.png,Cappuccino,2,6.72,13.44,4.13,1.74,7.57,Zomato,Cash
O00938,14-03-2025,March,2025,Appetizer,French Fries,https://i.ibb.co/23d8CKt3/fries.png,Salted Fries,3,10.19,30.57,12.33,3.83,14.41,In-Store,Cash
O00939,26-12-2025,December,2025,Beverage,Juice,https://i.ibb.co/bM9d4qvH/juice.png,Orange Juice,1,7.07,7.07,3.16,1.09,2.82,Zomato,Cash
O00940,19-02-2025,February,2025,Appetizer,French Fries,https://i.ibb.co/23d8CKt3/fries.png,Peri Peri Fries,3,13.15,39.45,15.63,5.78,18.04,Swiggy,Cash
O00941,12-09-2025,September,2025,Beverage,Juice,https://i.ibb.co/bM9d4qvH/juice.png,Orange Juice,2,7.51,15.02,5.27,2.92,6.83,Zomato,Online
O00942,14-12-2025,December,2025,Appetizer,Macaroni,https://i.ibb.co/zVLCV731/macaroni.png,Classic Mac,4,11.86,47.44,14.64,8.38,24.42,Zomato,UPI
O00943,24-01-2025,January,2025,Beverage,Juice,https://i.ibb.co/bM9d4qvH/juice.png,Watermelon Juice,2,5.66,11.32,4.46,2.19,4.67,Swiggy,Cash
O00944,14-03-2025,March,2025,Appetizer,Burger,https://i.ibb.co/KjvbDYc5/burger.png,Paneer Burger,4,8.46,33.84,14.9,4.23,14.71,Zomato,Online
O00945,25-10-2025,October,2025,Main Menu,Sandwich,https://i.ibb.co/fzhvYTxp/sandwich.png,Grilled Veg,3,15.85,47.55,16.73,8.63,22.19,In-Store,Card
O00946,07-09-2025,September,2025,Main Menu,Veg Mania,https://i.ibb.co/svfg0hg2/vegmania.png,Paneer Delight,2,10.77,21.54,6.99,3.57,10.98,Zomato,Cash
O00947,30-11-2025,November,2025,Beverage,Hot Drinks,https://i.ibb.co/mFCQYCrw/hot.png,Green Tea,2,6.26,12.52,5.52,2.34,4.66,In-Store,Card
O00948,15-03-2025,March,2025,Beverage,Hot Drinks,https://i.ibb.co/mFCQYCrw/hot.png,Green Tea,2,8.93,17.86,6.4,2.96,8.5,In-Store,Card
O00949,09-11-2025,November,2025,Beverage,Juice,https://i.ibb.co/bM9d4qvH/juice.png,Mango Juice,2,7.24,14.48,5.33,2.05,7.1,In-Store,Cash
O00950,04-06-2025,June,2025,Appetizer,Macaroni,https://i.ibb.co/zVLCV731/macaroni.png,Classic Mac,1,7.08,7.08,2.28,1.05,3.75,Zomato,Card
O00951,29-09-2025,September,2025,Main Menu,Club Veg,https://i.ibb.co/7tVrrcM1/clubveg.png,Veggie Club Special,2,15.82,31.64,13.61,4.1,13.93,In-Store,Card
O00952,28-01-2025,January,2025,Main Menu,Veg Mania,https://i.ibb.co/svfg0hg2/vegmania.png,Mushroom Magic,4,16.76,67.04,27.5,8.1,31.44,In-Store,Online
O00953,23-03-2025,March,2025,Beverage,Juice,https://i.ibb.co/bM9d4qvH/juice.png,Orange Juice,2,6.76,13.52,4.79,1.49,7.24,UberEats,UPI
O00954,11-08-2025,August,2025,Appetizer,Macaroni,https://i.ibb.co/zVLCV731/macaroni.png,Spicy Mac,4,8.03,32.12,12.24,3.47,16.41,Swiggy,Cash
O00955,27-01-2025,January,2025,Beverage,Juice,https://i.ibb.co/bM9d4qvH/juice.png,Mango Juice,2,8.54,17.08,5.56,3.21,8.31,Swiggy,Online
O00956,01-03-2025,March,2025,Main Menu,Sandwich,https://i.ibb.co/fzhvYTxp/sandwich.png,Classic Veg,3,18.7,56.1,21.84,6.06,28.2,UberEats,Online
O00957,13-12-2025,December,2025,Appetizer,Burger,https://i.ibb.co/KjvbDYc5/burger.png,Aloo Tikki Burger,3,12.04,36.12,13.56,4.34,18.22,UberEats,Card
O00958,02-05-2025,May,2025,Beverage,Hot Drinks,https://i.ibb.co/mFCQYCrw/hot.png,Cappuccino,4,7.96,31.84,13.51,5.68,12.65,In-Store,Card
O00959,30-08-2025,August,2025,Beverage,Hot Drinks,https://i.ibb.co/mFCQYCrw/hot.png,Espresso,1,8.7,8.7,3.03,1.73,3.94,In-Store,Card
O00960,09-11-2025,November,2025,Appetizer,Burger,https://i.ibb.co/KjvbDYc5/burger.png,Spicy Bean Burger,4,9.15,36.6,11.2,5.14,20.26,UberEats,Card
O00961,10-04-2025,April,2025,Beverage,Hot Drinks,https://i.ibb.co/mFCQYCrw/hot.png,Hot Chocolate,1,6.9,6.9,2.08,1.31,3.51,Zomato,UPI
O00962,17-01-2025,January,2025,Beverage,Juice,https://i.ibb.co/bM9d4qvH/juice.png,Watermelon Juice,2,7.93,15.86,4.81,3.14,7.91,Zomato,Cash
O00963,23-08-2025,August,2025,Appetizer,Burger,https://i.ibb.co/KjvbDYc5/burger.png,Paneer Burger,1,12.52,12.52,4.82,1.69,6.01,Zomato,UPI
O00964,22-03-2025,March,2025,Beverage,Juice,https://i.ibb.co/bM9d4qvH/juice.png,Mango Juice,4,4.12,16.48,5.08,2.64,8.76,Swiggy,Online
O00965,08-09-2025,September,2025,Main Menu,Pizza,https://i.ibb.co/vx6T9K8X/pizza-1.png,Veggie Paradise,1,13.83,13.83,6.03,2.54,5.26,UberEats,Cash
O00966,08-08-2025,August,2025,Beverage,Juice,https://i.ibb.co/bM9d4qvH/juice.png,Mango Juice,3,6.21,18.63,7.23,2.52,8.88,UberEats,Online
O00967,24-04-2025,April,2025,Beverage,Juice,https://i.ibb.co/bM9d4qvH/juice.png,Orange Juice,4,6.77,27.08,11.92,3.97,11.19,In-Store,Cash
O00968,29-08-2025,August,2025,Beverage,Juice,https://i.ibb.co/bM9d4qvH/juice.png,Mixed Fruit Juice,3,4.07,12.21,5.42,1.88,4.91,In-Store,Online
O00969,20-02-2025,February,2025,Appetizer,Macaroni,https://i.ibb.co/zVLCV731/macaroni.png,Cheese Mac,3,7.76,23.28,8.65,2.38,12.25,Swiggy,Cash
O00970,28-07-2025,July,2025,Main Menu,Sandwich,https://i.ibb.co/fzhvYTxp/sandwich.png,Paneer Tikka,1,18.25,18.25,7.57,2.78,7.9,UberEats,Card
O00971,16-02-2025,February,2025,Main Menu,Pizza,https://i.ibb.co/vx6T9K8X/pizza-1.png,Peppy Paneer,3,16.67,50.01,19.69,5.06,25.26,Zomato,Online
O00972,26-10-2025,October,2025,Main Menu,Pizza,https://i.ibb.co/vx6T9K8X/pizza-1.png,Veggie Paradise,1,17.42,17.42,6.24,1.83,9.35,Zomato,Online
O00973,09-07-2025,July,2025,Beverage,Hot Drinks,https://i.ibb.co/mFCQYCrw/hot.png,Espresso,3,6.56,19.68,8.51,2.5,8.67,Swiggy,Online
O00974,20-06-2025,June,2025,Beverage,Juice,https://i.ibb.co/bM9d4qvH/juice.png,Watermelon Juice,3,6.37,19.11,5.91,2.05,11.15,In-Store,UPI
O00975,10-11-2025,November,2025,Beverage,Juice,https://i.ibb.co/bM9d4qvH/juice.png,Orange Juice,4,6.83,27.32,9.02,3.44,14.86,UberEats,Cash
O00976,12-12-2025,December,2025,Appetizer,Burger,https://i.ibb.co/KjvbDYc5/burger.png,Aloo Tikki Burger,3,13.34,40.02,12.27,4.74,23.01,In-Store,UPI
O00977,13-11-2025,November,2025,Main Menu,Club Veg,https://i.ibb.co/7tVrrcM1/clubveg.png,Spicy Club,1,16.46,16.46,5.75,2.62,8.09,Zomato,Cash
O00978,30-12-2025,December,2025,Main Menu,Sandwich,https://i.ibb.co/fzhvYTxp/sandwich.png,Paneer Tikka,2,14.52,29.04,9.45,3.27,16.32,Zomato,Cash
O00979,02-09-2025,September,2025,Beverage,Juice,https://i.ibb.co/bM9d4qvH/juice.png,Mango Juice,1,6.59,6.59,2.14,0.7,3.75,UberEats,UPI
O00980,15-09-2025,September,2025,Beverage,Hot Drinks,https://i.ibb.co/mFCQYCrw/hot.png,Hot Chocolate,1,7.64,7.64,2.46,1.06,4.12,Swiggy,Cash
O00981,26-06-2025,June,2025,Appetizer,Macaroni,https://i.ibb.co/zVLCV731/macaroni.png,Classic Mac,4,6.61,26.44,8.61,2.79,15.04,In-Store,UPI
O00982,14-11-2025,November,2025,Appetizer,French Fries,https://i.ibb.co/23d8CKt3/fries.png,Salted Fries,1,12.13,12.13,4.39,1.24,6.5,Zomato,Online
O00983,11-02-2025,February,2025,Appetizer,Burger,https://i.ibb.co/KjvbDYc5/burger.png,Paneer Burger,2,7.42,14.84,4.54,2.92,7.38,Swiggy,Cash
O00984,22-05-2025,May,2025,Main Menu,Sandwich,https://i.ibb.co/fzhvYTxp/sandwich.png,Classic Veg,3,19.63,58.89,21.14,7.28,30.47,Zomato,Card
O00985,18-11-2025,November,2025,Main Menu,Club Veg,https://i.ibb.co/7tVrrcM1/clubveg.png,Corn & Mayo Club,3,11.79,35.37,11.71,5.62,18.04,Zomato,Online
O00986,04-08-2025,August,2025,Appetizer,French Fries,https://i.ibb.co/23d8CKt3/fries.png,Salted Fries,4,8.66,34.64,10.77,4.44,19.43,UberEats,Card
O00987,12-01-2025,January,2025,Main Menu,Club Veg,https://i.ibb.co/7tVrrcM1/clubveg.png,Corn & Mayo Club,3,17.82,53.46,18.64,9.02,25.8,UberEats,UPI
O00988,31-10-2025,October,2025,Beverage,Hot Drinks,https://i.ibb.co/mFCQYCrw/hot.png,Green Tea,4,7.65,30.6,11.01,4.31,15.28,UberEats,Card
O00989,29-03-2025,March,2025,Appetizer,Burger,https://i.ibb.co/KjvbDYc5/burger.png,Spicy Bean Burger,2,7.45,14.9,4.91,2.7,7.29,UberEats,UPI
O00990,17-03-2025,March,2025,Appetizer,Macaroni,https://i.ibb.co/zVLCV731/macaroni.png,Spicy Mac,1,11.85,11.85,5.03,2.14,4.68,Zomato,Card
O00991,02-10-2025,October,2025,Appetizer,Burger,https://i.ibb.co/KjvbDYc5/burger.png,Veg Cheese Burger,2,6.48,12.96,5.62,2.14,5.2,Zomato,Card
O00992,01-03-2025,March,2025,Main Menu,Club Veg,https://i.ibb.co/7tVrrcM1/clubveg.png,Veggie Club Special,2,16.76,33.52,12.67,6.69,14.16,In-Store,UPI
O00993,05-04-2025,April,2025,Main Menu,Veg Mania,https://i.ibb.co/svfg0hg2/vegmania.png,Corn Supreme,4,16.75,67,30.09,6.77,30.14,UberEats,Card
O00994,18-08-2025,August,2025,Beverage,Juice,https://i.ibb.co/bM9d4qvH/juice.png,Watermelon Juice,2,6.86,13.72,5.98,2.73,5.01,Swiggy,Cash
O00995,13-09-2025,September,2025,Main Menu,Pizza,https://i.ibb.co/vx6T9K8X/pizza-1.png,Peppy Paneer,4,13.55,54.2,22.2,9.22,22.78,Zomato,Cash
O00996,07-10-2025,October,2025,Beverage,Hot Drinks,https://i.ibb.co/mFCQYCrw/hot.png,Hot Chocolate,2,8.69,17.38,6.71,2.02,8.65,In-Store,UPI
O00997,08-12-2025,December,2025,Main Menu,Pizza,https://i.ibb.co/vx6T9K8X/pizza-1.png,Peppy Paneer,1,15.53,15.53,5.18,1.66,8.69,Swiggy,Online
O00998,13-03-2025,March,2025,Beverage,Juice,https://i.ibb.co/bM9d4qvH/juice.png,Watermelon Juice,3,5.27,15.81,6.59,2.47,6.75,Swiggy,Online
O00999,23-04-2025,April,2025,Appetizer,Macaroni,https://i.ibb.co/zVLCV731/macaroni.png,Classic Mac,1,11.56,11.56,4.18,1.38,6,UberEats,Cash
O01000,25-11-2025,November,2025,Main Menu,Sandwich,https://i.ibb.co/fzhvYTxp/sandwich.png,Paneer Tikka,1,11.31,11.31,3.62,1.43,6.26,Zomato,Cash
O01001,03-10-2025,October,2025,Appetizer,French Fries,https://i.ibb.co/23d8CKt3/fries.png,Salted Fries,1,10.79,10.79,3.53,1.42,5.84,In-Store,Card
O01002,12-06-2025,June,2025,Beverage,Juice,https://i.ibb.co/bM9d4qvH/juice.png,Watermelon Juice,1,8.54,8.54,3.5,0.87,4.17,In-Store,Card
O01003,07-08-2025,August,2025,Appetizer,Macaroni,https://i.ibb.co/zVLCV731/macaroni.png,Veg Loaded Mac,3,13.53,40.59,15.67,4.31,20.61,Swiggy,UPI
O01004,29-06-2025,June,2025,Appetizer,Macaroni,https://i.ibb.co/zVLCV731/macaroni.png,Classic Mac,4,11.72,46.88,16.93,7.13,22.82,Zomato,Online
O01005,01-08-2025,August,2025,Appetizer,Macaroni,https://i.ibb.co/zVLCV731/macaroni.png,Cheese Mac,1,7.57,7.57,2.83,0.85,3.89,In-Store,Online
O01006,28-10-2025,October,2025,Beverage,Juice,https://i.ibb.co/bM9d4qvH/juice.png,Mango Juice,1,5.58,5.58,2.35,0.8,2.43,Zomato,UPI
O01007,26-09-2025,September,2025,Appetizer,Burger,https://i.ibb.co/KjvbDYc5/burger.png,Spicy Bean Burger,1,13.3,13.3,4.64,1.55,7.11,Swiggy,Cash
O01008,24-11-2025,November,2025,Appetizer,Macaroni,https://i.ibb.co/zVLCV731/macaroni.png,Cheese Mac,2,12.33,24.66,8.53,3.83,12.3,In-Store,Card
O01009,06-04-2025,April,2025,Appetizer,Macaroni,https://i.ibb.co/zVLCV731/macaroni.png,Spicy Mac,4,9.41,37.64,15.99,4.43,17.22,Swiggy,UPI
O01010,05-06-2025,June,2025,Appetizer,French Fries,https://i.ibb.co/23d8CKt3/fries.png,Loaded Fries,1,12.18,12.18,4.04,1.56,6.58,Zomato,Cash
O01011,20-03-2025,March,2025,Appetizer,Macaroni,https://i.ibb.co/zVLCV731/macaroni.png,Spicy Mac,3,12.49,37.47,13.42,6.98,17.07,Swiggy,UPI
O01012,02-04-2025,April,2025,Appetizer,French Fries,https://i.ibb.co/23d8CKt3/fries.png,Peri Peri Fries,1,8.35,8.35,2.53,0.96,4.86,Swiggy,Cash
O01013,10-09-2025,September,2025,Main Menu,Club Veg,https://i.ibb.co/7tVrrcM1/clubveg.png,Corn & Mayo Club,4,14.59,58.36,24.58,11.01,22.77,In-Store,UPI
O01014,18-12-2025,December,2025,Appetizer,French Fries,https://i.ibb.co/23d8CKt3/fries.png,Salted Fries,1,6.15,6.15,2.51,0.79,2.85,UberEats,Cash
O01015,25-03-2025,March,2025,Beverage,Juice,https://i.ibb.co/bM9d4qvH/juice.png,Mango Juice,2,4.25,8.5,2.62,0.97,4.91,UberEats,Online
O01016,11-03-2025,March,2025,Appetizer,Burger,https://i.ibb.co/KjvbDYc5/burger.png,Aloo Tikki Burger,2,13.23,26.46,11.35,3.97,11.14,UberEats,UPI
O01017,22-11-2025,November,2025,Appetizer,Burger,https://i.ibb.co/KjvbDYc5/burger.png,Paneer Burger,4,7.91,31.64,9.68,4.78,17.18,UberEats,Cash
O01018,10-04-2025,April,2025,Beverage,Juice,https://i.ibb.co/bM9d4qvH/juice.png,Orange Juice,3,8.66,25.98,11.6,4.28,10.1,Zomato,UPI
O01019,17-12-2025,December,2025,Appetizer,Macaroni,https://i.ibb.co/zVLCV731/macaroni.png,Veg Loaded Mac,3,8.43,25.29,10.95,2.91,11.43,Swiggy,UPI
O01020,07-01-2025,January,2025,Main Menu,Club Veg,https://i.ibb.co/7tVrrcM1/clubveg.png,Spicy Club,3,13.29,39.87,12.74,6.67,20.46,In-Store,Online
O01021,25-03-2025,March,2025,Main Menu,Sandwich,https://i.ibb.co/fzhvYTxp/sandwich.png,Cheese Chilli,2,15.75,31.5,12.88,4.31,14.31,Zomato,Card
O01022,11-11-2025,November,2025,Beverage,Juice,https://i.ibb.co/bM9d4qvH/juice.png,Mixed Fruit Juice,4,5.03,20.12,8.29,2.48,9.35,In-Store,Cash
O01023,09-03-2025,March,2025,Main Menu,Pizza,https://i.ibb.co/vx6T9K8X/pizza-1.png,Peppy Paneer,3,12.69,38.07,16.68,6.9,14.49,UberEats,UPI
O01024,15-08-2025,August,2025,Beverage,Hot Drinks,https://i.ibb.co/mFCQYCrw/hot.png,Cappuccino,4,7.98,31.92,13.87,5.89,12.16,UberEats,Cash
O01025,02-03-2025,March,2025,Main Menu,Sandwich,https://i.ibb.co/fzhvYTxp/sandwich.png,Cheese Chilli,3,19.56,58.68,17.83,10.49,30.36,Zomato,UPI
O01026,18-04-2025,April,2025,Main Menu,Veg Mania,https://i.ibb.co/svfg0hg2/vegmania.png,Veg Overload,3,12.67,38.01,12.82,5.01,20.18,Swiggy,Cash
O01027,05-09-2025,September,2025,Appetizer,Burger,https://i.ibb.co/KjvbDYc5/burger.png,Veg Cheese Burger,3,13,39,17.12,7.3,14.58,Swiggy,Cash
O01028,20-09-2025,September,2025,Beverage,Juice,https://i.ibb.co/bM9d4qvH/juice.png,Mixed Fruit Juice,2,5.37,10.74,4.33,2.09,4.32,Swiggy,UPI
O01029,03-02-2025,February,2025,Appetizer,French Fries,https://i.ibb.co/23d8CKt3/fries.png,Salted Fries,1,8.65,8.65,3.46,1.07,4.12,Swiggy,Cash
O01030,16-04-2025,April,2025,Beverage,Juice,https://i.ibb.co/bM9d4qvH/juice.png,Mango Juice,4,5.53,22.12,9.3,4.12,8.7,UberEats,Cash
O01031,16-03-2025,March,2025,Beverage,Hot Drinks,https://i.ibb.co/mFCQYCrw/hot.png,Hot Chocolate,1,8.76,8.76,3.53,1.08,4.15,UberEats,Card
O01032,10-11-2025,November,2025,Main Menu,Veg Mania,https://i.ibb.co/svfg0hg2/vegmania.png,Paneer Delight,4,18.71,74.84,25.96,13.91,34.97,Swiggy,Card
O01033,09-04-2025,April,2025,Appetizer,Burger,https://i.ibb.co/KjvbDYc5/burger.png,Aloo Tikki Burger,3,11.64,34.92,10.91,5.75,18.26,Swiggy,Card
O01034,29-12-2025,December,2025,Appetizer,Macaroni,https://i.ibb.co/zVLCV731/macaroni.png,Cheese Mac,1,11.11,11.11,3.42,1.91,5.78,In-Store,Cash
O01035,01-07-2025,July,2025,Appetizer,Macaroni,https://i.ibb.co/zVLCV731/macaroni.png,Cheese Mac,4,12.79,51.16,16.84,9.31,25.01,Zomato,Online
O01036,10-06-2025,June,2025,Main Menu,Pizza,https://i.ibb.co/vx6T9K8X/pizza-1.png,Margherita,3,16.36,49.08,20.03,7.42,21.63,Zomato,Online
O01037,27-12-2025,December,2025,Appetizer,French Fries,https://i.ibb.co/23d8CKt3/fries.png,Salted Fries,1,9.69,9.69,4.33,1.87,3.49,Swiggy,UPI
O01038,01-03-2025,March,2025,Appetizer,Macaroni,https://i.ibb.co/zVLCV731/macaroni.png,Spicy Mac,2,9.22,18.44,7.39,3.13,7.92,UberEats,Online
O01039,11-10-2025,October,2025,Appetizer,Macaroni,https://i.ibb.co/zVLCV731/macaroni.png,Spicy Mac,4,13.03,52.12,16.72,8.4,27,Zomato,Cash
O01040,14-12-2025,December,2025,Appetizer,Burger,https://i.ibb.co/KjvbDYc5/burger.png,Aloo Tikki Burger,3,8.61,25.83,11.47,4.34,10.02,In-Store,Cash
O01041,13-08-2025,August,2025,Beverage,Juice,https://i.ibb.co/bM9d4qvH/juice.png,Orange Juice,3,5.35,16.05,6.33,2.99,6.73,Zomato,Online
O01042,22-12-2025,December,2025,Beverage,Juice,https://i.ibb.co/bM9d4qvH/juice.png,Mango Juice,1,8.89,8.89,2.85,0.9,5.14,Swiggy,UPI
O01043,23-06-2025,June,2025,Main Menu,Pizza,https://i.ibb.co/vx6T9K8X/pizza-1.png,Margherita,2,19.76,39.52,13.37,6.04,20.11,Zomato,Online
O01044,13-09-2025,September,2025,Appetizer,French Fries,https://i.ibb.co/23d8CKt3/fries.png,Cheese Fries,3,7.34,22.02,9.51,3.32,9.19,In-Store,UPI
O01045,08-12-2025,December,2025,Beverage,Hot Drinks,https://i.ibb.co/mFCQYCrw/hot.png,Green Tea,4,4.69,18.76,6.74,2.77,9.25,UberEats,Card
O01046,25-02-2025,February,2025,Main Menu,Club Veg,https://i.ibb.co/7tVrrcM1/clubveg.png,Corn & Mayo Club,2,18.69,37.38,13.54,5.32,18.52,In-Store,Card
O01047,10-03-2025,March,2025,Main Menu,Veg Mania,https://i.ibb.co/svfg0hg2/vegmania.png,Paneer Delight,4,11.96,47.84,20.47,8.01,19.36,Swiggy,Online
O01048,14-01-2025,January,2025,Main Menu,Pizza,https://i.ibb.co/vx6T9K8X/pizza-1.png,Peppy Paneer,3,12.77,38.31,15.82,5.8,16.69,Zomato,UPI
O01049,16-11-2025,November,2025,Main Menu,Veg Mania,https://i.ibb.co/svfg0hg2/vegmania.png,Veg Overload,3,15.96,47.88,20.44,6.03,21.41,In-Store,Card
O01050,05-12-2025,December,2025,Appetizer,Macaroni,https://i.ibb.co/zVLCV731/macaroni.png,Veg Loaded Mac,1,9.01,9.01,2.98,1.28,4.75,UberEats,Cash
O01051,09-08-2025,August,2025,Main Menu,Pizza,https://i.ibb.co/vx6T9K8X/pizza-1.png,Veggie Paradise,4,10,40,15.08,5.13,19.79,UberEats,Online
O01052,24-08-2025,August,2025,Main Menu,Veg Mania,https://i.ibb.co/svfg0hg2/vegmania.png,Mushroom Magic,3,17.53,52.59,16.31,9.07,27.21,UberEats,Card
O01053,09-08-2025,August,2025,Main Menu,Club Veg,https://i.ibb.co/7tVrrcM1/clubveg.png,Corn & Mayo Club,4,14.31,57.24,19.81,7.11,30.32,In-Store,Cash
O01054,12-12-2025,December,2025,Appetizer,French Fries,https://i.ibb.co/23d8CKt3/fries.png,Loaded Fries,1,11.95,11.95,4.87,1.33,5.75,In-Store,Card
O01055,29-01-2025,January,2025,Appetizer,Macaroni,https://i.ibb.co/zVLCV731/macaroni.png,Spicy Mac,4,13.95,55.8,18.69,9.77,27.34,In-Store,UPI
O01056,14-06-2025,June,2025,Main Menu,Veg Mania,https://i.ibb.co/svfg0hg2/vegmania.png,Paneer Delight,4,16.25,65,27.32,8.72,28.96,Zomato,UPI
O01057,26-10-2025,October,2025,Main Menu,Club Veg,https://i.ibb.co/7tVrrcM1/clubveg.png,Corn & Mayo Club,2,16.76,33.52,14.47,5.94,13.11,Swiggy,Online
O01058,02-07-2025,July,2025,Appetizer,Macaroni,https://i.ibb.co/zVLCV731/macaroni.png,Classic Mac,2,6.25,12.5,4.61,2.49,5.4,Zomato,Card
O01059,28-11-2025,November,2025,Appetizer,French Fries,https://i.ibb.co/23d8CKt3/fries.png,Salted Fries,4,13.9,55.6,19.01,9.91,26.68,Swiggy,UPI
O01060,22-06-2025,June,2025,Main Menu,Veg Mania,https://i.ibb.co/svfg0hg2/vegmania.png,Corn Supreme,2,13.99,27.98,8.8,4.77,14.41,Swiggy,Online
O01061,05-08-2025,August,2025,Beverage,Hot Drinks,https://i.ibb.co/mFCQYCrw/hot.png,Hot Chocolate,4,4.03,16.12,7.14,1.81,7.17,Swiggy,Online
O01062,12-01-2025,January,2025,Appetizer,Macaroni,https://i.ibb.co/zVLCV731/macaroni.png,Spicy Mac,3,13.23,39.69,11.91,5.19,22.59,UberEats,Cash
O01063,21-02-2025,February,2025,Beverage,Juice,https://i.ibb.co/bM9d4qvH/juice.png,Watermelon Juice,3,5.17,15.51,5.08,2.22,8.21,In-Store,UPI
O01064,11-11-2025,November,2025,Appetizer,Macaroni,https://i.ibb.co/zVLCV731/macaroni.png,Spicy Mac,2,7.79,15.58,5.55,2.92,7.11,Zomato,Online
O01065,08-02-2025,February,2025,Beverage,Juice,https://i.ibb.co/bM9d4qvH/juice.png,Watermelon Juice,1,6.46,6.46,2.46,1.19,2.81,UberEats,Cash
O01066,21-10-2025,October,2025,Appetizer,Burger,https://i.ibb.co/KjvbDYc5/burger.png,Aloo Tikki Burger,2,11.67,23.34,8.05,3.08,12.21,Swiggy,UPI
O01067,04-02-2025,February,2025,Beverage,Hot Drinks,https://i.ibb.co/mFCQYCrw/hot.png,Green Tea,2,7.92,15.84,6.46,2.03,7.35,Zomato,UPI
O01068,30-11-2025,November,2025,Appetizer,French Fries,https://i.ibb.co/23d8CKt3/fries.png,Cheese Fries,2,6.17,12.34,4.05,2.25,6.04,In-Store,UPI
O01069,01-08-2025,August,2025,Appetizer,Macaroni,https://i.ibb.co/zVLCV731/macaroni.png,Spicy Mac,3,6.62,19.86,7.38,3.45,9.03,Zomato,Cash
O01070,27-12-2025,December,2025,Beverage,Juice,https://i.ibb.co/bM9d4qvH/juice.png,Mixed Fruit Juice,2,6.2,12.4,3.74,1.87,6.79,Zomato,Online
O01071,23-11-2025,November,2025,Beverage,Hot Drinks,https://i.ibb.co/mFCQYCrw/hot.png,Espresso,3,8.67,26.01,7.86,4.69,13.46,Zomato,UPI
O01072,17-03-2025,March,2025,Main Menu,Sandwich,https://i.ibb.co/fzhvYTxp/sandwich.png,Paneer Tikka,4,16.06,64.24,22.06,8.85,33.33,In-Store,Online
O01073,02-02-2025,February,2025,Beverage,Juice,https://i.ibb.co/bM9d4qvH/juice.png,Mixed Fruit Juice,3,6.72,20.16,7.84,3.43,8.89,UberEats,UPI
O01074,24-03-2025,March,2025,Appetizer,French Fries,https://i.ibb.co/23d8CKt3/fries.png,Peri Peri Fries,4,9.58,38.32,16.07,6.67,15.58,In-Store,Card
O01075,18-03-2025,March,2025,Main Menu,Veg Mania,https://i.ibb.co/svfg0hg2/vegmania.png,Mushroom Magic,1,11.56,11.56,4.16,2.07,5.33,UberEats,Online
O01076,14-10-2025,October,2025,Appetizer,Macaroni,https://i.ibb.co/zVLCV731/macaroni.png,Classic Mac,3,7.49,22.47,7.66,4.39,10.42,Zomato,Card
O01077,11-03-2025,March,2025,Main Menu,Club Veg,https://i.ibb.co/7tVrrcM1/clubveg.png,Spicy Club,3,13.52,40.56,16.42,7.52,16.62,Zomato,Cash
O01078,06-09-2025,September,2025,Main Menu,Veg Mania,https://i.ibb.co/svfg0hg2/vegmania.png,Paneer Delight,2,17.06,34.12,14.14,3.78,16.2,UberEats,UPI
O01079,28-07-2025,July,2025,Appetizer,French Fries,https://i.ibb.co/23d8CKt3/fries.png,Salted Fries,2,9.05,18.1,6.73,3.2,8.17,In-Store,Card
O01080,27-02-2025,February,2025,Beverage,Juice,https://i.ibb.co/bM9d4qvH/juice.png,Watermelon Juice,1,7.17,7.17,3.16,1.37,2.64,In-Store,Cash
O01081,04-11-2025,November,2025,Main Menu,Club Veg,https://i.ibb.co/7tVrrcM1/clubveg.png,Spicy Club,2,16.25,32.5,14.25,5.92,12.33,In-Store,Card
O01082,22-04-2025,April,2025,Main Menu,Veg Mania,https://i.ibb.co/svfg0hg2/vegmania.png,Mushroom Magic,2,16.71,33.42,11.81,3.84,17.77,Zomato,UPI
O01083,29-07-2025,July,2025,Appetizer,French Fries,https://i.ibb.co/23d8CKt3/fries.png,Salted Fries,2,12.52,25.04,8.42,3.57,13.05,In-Store,UPI
O01084,27-02-2025,February,2025,Appetizer,French Fries,https://i.ibb.co/23d8CKt3/fries.png,Loaded Fries,3,11.26,33.78,13.39,5.41,14.98,In-Store,Card
O01085,16-03-2025,March,2025,Appetizer,Macaroni,https://i.ibb.co/zVLCV731/macaroni.png,Veg Loaded Mac,3,8.9,26.7,10.86,3.19,12.65,UberEats,Cash
O01086,07-11-2025,November,2025,Main Menu,Veg Mania,https://i.ibb.co/svfg0hg2/vegmania.png,Mushroom Magic,3,14.73,44.19,13.99,8.32,21.88,UberEats,Online
O01087,24-11-2025,November,2025,Beverage,Hot Drinks,https://i.ibb.co/mFCQYCrw/hot.png,Espresso,2,7.42,14.84,4.61,2.34,7.89,Zomato,Online
O01088,05-01-2025,January,2025,Appetizer,Macaroni,https://i.ibb.co/zVLCV731/macaroni.png,Veg Loaded Mac,4,11.8,47.2,15.86,6.55,24.79,Swiggy,Card
O01089,18-04-2025,April,2025,Main Menu,Pizza,https://i.ibb.co/vx6T9K8X/pizza-1.png,Peppy Paneer,4,11.47,45.88,17.51,5.65,22.72,In-Store,Cash
O01090,11-02-2025,February,2025,Appetizer,Macaroni,https://i.ibb.co/zVLCV731/macaroni.png,Spicy Mac,4,9.18,36.72,11.69,4.8,20.23,UberEats,Online
O01091,24-03-2025,March,2025,Beverage,Hot Drinks,https://i.ibb.co/mFCQYCrw/hot.png,Espresso,4,4.81,19.24,7.45,3.3,8.49,UberEats,Online
O01092,08-10-2025,October,2025,Beverage,Hot Drinks,https://i.ibb.co/mFCQYCrw/hot.png,Green Tea,1,6.22,6.22,2.38,0.95,2.89,Swiggy,Cash
O01093,25-11-2025,November,2025,Main Menu,Pizza,https://i.ibb.co/vx6T9K8X/pizza-1.png,Farmhouse,1,11.66,11.66,4.55,1.4,5.71,Swiggy,Online
O01094,18-11-2025,November,2025,Appetizer,Macaroni,https://i.ibb.co/zVLCV731/macaroni.png,Classic Mac,4,6.92,27.68,12.26,4.81,10.61,Swiggy,Card
O01095,22-09-2025,September,2025,Beverage,Juice,https://i.ibb.co/bM9d4qvH/juice.png,Mixed Fruit Juice,1,8.4,8.4,2.92,1.26,4.22,UberEats,Online
O01096,10-03-2025,March,2025,Appetizer,Burger,https://i.ibb.co/KjvbDYc5/burger.png,Paneer Burger,2,12.98,25.96,11.37,3.7,10.89,UberEats,Card
O01097,01-08-2025,August,2025,Appetizer,Burger,https://i.ibb.co/KjvbDYc5/burger.png,Spicy Bean Burger,2,13.69,27.38,11.62,3.26,12.5,In-Store,Card
O01098,12-01-2025,January,2025,Beverage,Juice,https://i.ibb.co/bM9d4qvH/juice.png,Orange Juice,4,6.77,27.08,11.22,4.91,10.95,In-Store,Card
O01099,26-12-2025,December,2025,Main Menu,Veg Mania,https://i.ibb.co/svfg0hg2/vegmania.png,Veg Overload,3,14.34,43.02,18.28,8.54,16.2,In-Store,UPI
O01100,15-02-2025,February,2025,Appetizer,Burger,https://i.ibb.co/KjvbDYc5/burger.png,Aloo Tikki Burger,2,10.81,21.62,8.89,3.9,8.83,Swiggy,Online
O01101,11-12-2025,December,2025,Appetizer,Burger,https://i.ibb.co/KjvbDYc5/burger.png,Veg Cheese Burger,1,9.16,9.16,2.78,0.97,5.41,Zomato,Card
O01102,28-05-2025,May,2025,Beverage,Hot Drinks,https://i.ibb.co/mFCQYCrw/hot.png,Green Tea,3,6.92,20.76,7.34,3.39,10.03,Zomato,Online
O01103,04-11-2025,November,2025,Main Menu,Club Veg,https://i.ibb.co/7tVrrcM1/clubveg.png,Veggie Club Special,3,17.49,52.47,16.63,8.38,27.46,In-Store,Card
O01104,16-03-2025,March,2025,Main Menu,Club Veg,https://i.ibb.co/7tVrrcM1/clubveg.png,Spicy Club,4,10.27,41.08,13.66,8.08,19.34,Zomato,Online
O01105,09-07-2025,July,2025,Beverage,Hot Drinks,https://i.ibb.co/mFCQYCrw/hot.png,Espresso,2,8.79,17.58,7.4,2.28,7.9,Swiggy,Online
O01106,15-06-2025,June,2025,Beverage,Hot Drinks,https://i.ibb.co/mFCQYCrw/hot.png,Cappuccino,2,6.68,13.36,4.51,1.93,6.92,In-Store,Online
O01107,02-11-2025,November,2025,Appetizer,Burger,https://i.ibb.co/KjvbDYc5/burger.png,Aloo Tikki Burger,4,7.65,30.6,9.43,3.13,18.04,Swiggy,Cash
O01108,01-05-2025,May,2025,Appetizer,Macaroni,https://i.ibb.co/zVLCV731/macaroni.png,Classic Mac,1,8.67,8.67,3.69,1.34,3.64,Swiggy,UPI
O01109,14-11-2025,November,2025,Appetizer,Macaroni,https://i.ibb.co/zVLCV731/macaroni.png,Spicy Mac,3,11.82,35.46,13.26,6.03,16.17,UberEats,Card
O01110,22-01-2025,January,2025,Beverage,Juice,https://i.ibb.co/bM9d4qvH/juice.png,Watermelon Juice,3,6.09,18.27,6.42,3.01,8.84,Zomato,Online
O01111,28-08-2025,August,2025,Main Menu,Veg Mania,https://i.ibb.co/svfg0hg2/vegmania.png,Corn Supreme,2,18.97,37.94,12,6.99,18.95,In-Store,Card
O01112,01-03-2025,March,2025,Appetizer,Burger,https://i.ibb.co/KjvbDYc5/burger.png,Veg Cheese Burger,4,8.61,34.44,12.78,6.39,15.27,In-Store,UPI
O01113,04-07-2025,July,2025,Appetizer,Macaroni,https://i.ibb.co/zVLCV731/macaroni.png,Veg Loaded Mac,3,12.96,38.88,12.16,5.27,21.45,UberEats,UPI
O01114,26-03-2025,March,2025,Appetizer,French Fries,https://i.ibb.co/23d8CKt3/fries.png,Loaded Fries,3,8.19,24.57,7.98,4.19,12.4,Zomato,Online
O01115,07-04-2025,April,2025,Main Menu,Veg Mania,https://i.ibb.co/svfg0hg2/vegmania.png,Mushroom Magic,1,16.35,16.35,5.61,2.48,8.26,Zomato,Cash
O01116,14-05-2025,May,2025,Main Menu,Pizza,https://i.ibb.co/vx6T9K8X/pizza-1.png,Veggie Paradise,2,18.37,36.74,15.75,6.12,14.87,Swiggy,Online
O01117,15-08-2025,August,2025,Appetizer,French Fries,https://i.ibb.co/23d8CKt3/fries.png,Loaded Fries,2,13.62,27.24,11.02,3.25,12.97,In-Store,Online
O01118,17-03-2025,March,2025,Main Menu,Club Veg,https://i.ibb.co/7tVrrcM1/clubveg.png,Triple Cheese Club,2,15.32,30.64,12.53,3.44,14.67,Zomato,UPI
O01119,28-03-2025,March,2025,Beverage,Hot Drinks,https://i.ibb.co/mFCQYCrw/hot.png,Cappuccino,4,6.66,26.64,8.22,3.13,15.29,Swiggy,Card
O01120,09-02-2025,February,2025,Main Menu,Pizza,https://i.ibb.co/vx6T9K8X/pizza-1.png,Margherita,1,17.12,17.12,7.63,2.96,6.53,UberEats,Cash
O01121,15-12-2025,December,2025,Beverage,Juice,https://i.ibb.co/bM9d4qvH/juice.png,Mixed Fruit Juice,2,7.81,15.62,5.12,2.07,8.43,UberEats,Cash
O01122,20-03-2025,March,2025,Main Menu,Veg Mania,https://i.ibb.co/svfg0hg2/vegmania.png,Veg Overload,4,10.25,41,15.31,6.27,19.42,In-Store,Online
O01123,18-05-2025,May,2025,Beverage,Juice,https://i.ibb.co/bM9d4qvH/juice.png,Watermelon Juice,2,6.6,13.2,5.57,1.66,5.97,Swiggy,Online
O01124,19-10-2025,October,2025,Main Menu,Sandwich,https://i.ibb.co/fzhvYTxp/sandwich.png,Grilled Veg,1,13.86,13.86,5.53,1.99,6.34,UberEats,UPI
O01125,06-02-2025,February,2025,Beverage,Hot Drinks,https://i.ibb.co/mFCQYCrw/hot.png,Espresso,2,6.79,13.58,4.22,2.57,6.79,In-Store,UPI
O01126,03-05-2025,May,2025,Appetizer,Burger,https://i.ibb.co/KjvbDYc5/burger.png,Aloo Tikki Burger,2,8.3,16.6,6.82,1.72,8.06,Zomato,Card
O01127,26-07-2025,July,2025,Appetizer,French Fries,https://i.ibb.co/23d8CKt3/fries.png,Peri Peri Fries,3,8.69,26.07,7.98,2.74,15.35,Swiggy,UPI
O01128,10-08-2025,August,2025,Beverage,Hot Drinks,https://i.ibb.co/mFCQYCrw/hot.png,Cappuccino,3,4.32,12.96,4.05,2.56,6.35,UberEats,Cash
O01129,20-09-2025,September,2025,Main Menu,Pizza,https://i.ibb.co/vx6T9K8X/pizza-1.png,Veggie Paradise,2,16.14,32.28,11.9,4.76,15.62,In-Store,Online
O01130,16-10-2025,October,2025,Beverage,Hot Drinks,https://i.ibb.co/mFCQYCrw/hot.png,Espresso,4,7.75,31,13.19,3.84,13.97,In-Store,UPI
O01131,06-04-2025,April,2025,Appetizer,French Fries,https://i.ibb.co/23d8CKt3/fries.png,Loaded Fries,4,10.04,40.16,14.33,7.96,17.87,Swiggy,Cash
O01132,24-06-2025,June,2025,Appetizer,French Fries,https://i.ibb.co/23d8CKt3/fries.png,Peri Peri Fries,1,12.34,12.34,3.8,2.26,6.28,Zomato,Online
O01133,19-11-2025,November,2025,Beverage,Juice,https://i.ibb.co/bM9d4qvH/juice.png,Watermelon Juice,4,4.23,16.92,7.47,2.12,7.33,In-Store,Online
O01134,02-09-2025,September,2025,Appetizer,Burger,https://i.ibb.co/KjvbDYc5/burger.png,Veg Cheese Burger,4,9.15,36.6,13.45,5.77,17.38,UberEats,Card
O01135,07-08-2025,August,2025,Appetizer,French Fries,https://i.ibb.co/23d8CKt3/fries.png,Salted Fries,4,8.66,34.64,13.6,6.53,14.51,Swiggy,Cash
O01136,25-02-2025,February,2025,Beverage,Hot Drinks,https://i.ibb.co/mFCQYCrw/hot.png,Green Tea,1,6.02,6.02,2.68,1.19,2.15,Swiggy,Online
O01137,19-10-2025,October,2025,Appetizer,Macaroni,https://i.ibb.co/zVLCV731/macaroni.png,Veg Loaded Mac,4,10.81,43.24,16.33,7.99,18.92,Swiggy,Cash
O01138,05-12-2025,December,2025,Appetizer,Burger,https://i.ibb.co/KjvbDYc5/burger.png,Veg Cheese Burger,2,8.32,16.64,6.88,2.13,7.63,In-Store,Cash
O01139,02-08-2025,August,2025,Beverage,Hot Drinks,https://i.ibb.co/mFCQYCrw/hot.png,Hot Chocolate,1,8.62,8.62,2.73,1.01,4.88,In-Store,Online
O01140,16-05-2025,May,2025,Appetizer,Burger,https://i.ibb.co/KjvbDYc5/burger.png,Veg Cheese Burger,2,7.32,14.64,4.94,1.97,7.73,Zomato,Cash
O01141,06-11-2025,November,2025,Appetizer,French Fries,https://i.ibb.co/23d8CKt3/fries.png,Salted Fries,2,10.47,20.94,8.64,3.99,8.31,In-Store,Cash
O01142,22-07-2025,July,2025,Main Menu,Veg Mania,https://i.ibb.co/svfg0hg2/vegmania.png,Mushroom Magic,1,15.33,15.33,5.99,1.66,7.68,In-Store,Online
O01143,27-07-2025,July,2025,Beverage,Hot Drinks,https://i.ibb.co/mFCQYCrw/hot.png,Hot Chocolate,4,8.66,34.64,12.19,3.59,18.86,UberEats,Online
O01144,14-02-2025,February,2025,Main Menu,Sandwich,https://i.ibb.co/fzhvYTxp/sandwich.png,Grilled Veg,3,18.02,54.06,23.35,8.91,21.8,Zomato,Cash
O01145,23-12-2025,December,2025,Main Menu,Veg Mania,https://i.ibb.co/svfg0hg2/vegmania.png,Mushroom Magic,1,16.24,16.24,5.64,3,7.6,In-Store,Card
O01146,04-05-2025,May,2025,Appetizer,French Fries,https://i.ibb.co/23d8CKt3/fries.png,Peri Peri Fries,4,11.36,45.44,18.24,5.91,21.29,Swiggy,UPI
O01147,17-03-2025,March,2025,Appetizer,Macaroni,https://i.ibb.co/zVLCV731/macaroni.png,Classic Mac,1,12.05,12.05,3.99,2.04,6.02,Swiggy,Card
O01148,26-12-2025,December,2025,Appetizer,Macaroni,https://i.ibb.co/zVLCV731/macaroni.png,Spicy Mac,1,13.96,13.96,5.17,1.6,7.19,Swiggy,Online
O01149,05-05-2025,May,2025,Main Menu,Club Veg,https://i.ibb.co/7tVrrcM1/clubveg.png,Corn & Mayo Club,3,12.09,36.27,16.06,4.87,15.34,Swiggy,UPI
O01150,22-02-2025,February,2025,Beverage,Hot Drinks,https://i.ibb.co/mFCQYCrw/hot.png,Green Tea,3,8.19,24.57,7.45,2.54,14.58,In-Store,UPI
O01151,07-09-2025,September,2025,Appetizer,Macaroni,https://i.ibb.co/zVLCV731/macaroni.png,Spicy Mac,4,12.53,50.12,15.32,7.54,27.26,Zomato,Cash
O01152,10-01-2025,January,2025,Appetizer,French Fries,https://i.ibb.co/23d8CKt3/fries.png,Cheese Fries,4,11.08,44.32,18.81,5.02,20.49,Swiggy,UPI
O01153,02-08-2025,August,2025,Appetizer,Burger,https://i.ibb.co/KjvbDYc5/burger.png,Spicy Bean Burger,2,12.01,24.02,8.96,4.35,10.71,UberEats,Online
O01154,12-08-2025,August,2025,Main Menu,Sandwich,https://i.ibb.co/fzhvYTxp/sandwich.png,Paneer Tikka,1,14.29,14.29,5,2.43,6.86,Zomato,Online
O01155,13-08-2025,August,2025,Main Menu,Sandwich,https://i.ibb.co/fzhvYTxp/sandwich.png,Paneer Tikka,2,19.29,38.58,11.76,4.77,22.05,In-Store,Card
O01156,31-12-2025,December,2025,Appetizer,Macaroni,https://i.ibb.co/zVLCV731/macaroni.png,Veg Loaded Mac,2,9.19,18.38,6.29,2.4,9.69,In-Store,Card
O01157,17-04-2025,April,2025,Appetizer,French Fries,https://i.ibb.co/23d8CKt3/fries.png,Salted Fries,4,11.14,44.56,15.63,6.26,22.67,In-Store,Card
O01158,13-04-2025,April,2025,Main Menu,Pizza,https://i.ibb.co/vx6T9K8X/pizza-1.png,Margherita,1,16.29,16.29,7.01,1.92,7.36,In-Store,Online
O01159,01-05-2025,May,2025,Main Menu,Veg Mania,https://i.ibb.co/svfg0hg2/vegmania.png,Paneer Delight,3,12.19,36.57,12.47,5.83,18.27,UberEats,UPI
O01160,13-12-2025,December,2025,Main Menu,Sandwich,https://i.ibb.co/fzhvYTxp/sandwich.png,Grilled Veg,2,11.33,22.66,9.32,2.78,10.56,Swiggy,UPI
O01161,28-02-2025,February,2025,Beverage,Juice,https://i.ibb.co/bM9d4qvH/juice.png,Orange Juice,2,5.5,11,3.91,1.83,5.26,Zomato,Online
O01162,24-06-2025,June,2025,Appetizer,Burger,https://i.ibb.co/KjvbDYc5/burger.png,Paneer Burger,4,13.63,54.52,21.13,10.27,23.12,Zomato,Cash
O01163,26-01-2025,January,2025,Appetizer,Macaroni,https://i.ibb.co/zVLCV731/macaroni.png,Classic Mac,2,10.78,21.56,9.04,2.32,10.2,Swiggy,Cash
O01164,22-01-2025,January,2025,Beverage,Juice,https://i.ibb.co/bM9d4qvH/juice.png,Mango Juice,3,6.93,20.79,6.26,3.52,11.01,Swiggy,Card
O01165,22-03-2025,March,2025,Beverage,Hot Drinks,https://i.ibb.co/mFCQYCrw/hot.png,Green Tea,3,4.19,12.57,5.19,1.65,5.73,In-Store,Cash
O01166,28-11-2025,November,2025,Appetizer,Macaroni,https://i.ibb.co/zVLCV731/macaroni.png,Cheese Mac,1,12.85,12.85,5.24,2.03,5.58,Swiggy,Card
O01167,01-08-2025,August,2025,Main Menu,Sandwich,https://i.ibb.co/fzhvYTxp/sandwich.png,Classic Veg,4,18.64,74.56,32.87,9.66,32.03,UberEats,UPI
O01168,29-03-2025,March,2025,Main Menu,Club Veg,https://i.ibb.co/7tVrrcM1/clubveg.png,Spicy Club,1,17.57,17.57,5.49,3.27,8.81,In-Store,UPI
O01169,07-12-2025,December,2025,Main Menu,Sandwich,https://i.ibb.co/fzhvYTxp/sandwich.png,Classic Veg,3,10.69,32.07,9.77,5.54,16.76,Zomato,Card
O01170,31-07-2025,July,2025,Appetizer,Macaroni,https://i.ibb.co/zVLCV731/macaroni.png,Veg Loaded Mac,2,7.77,15.54,5.96,1.64,7.94,Swiggy,Online
O01171,06-01-2025,January,2025,Beverage,Juice,https://i.ibb.co/bM9d4qvH/juice.png,Orange Juice,3,6.56,19.68,7.39,3.62,8.67,UberEats,UPI
O01172,26-03-2025,March,2025,Appetizer,Burger,https://i.ibb.co/KjvbDYc5/burger.png,Spicy Bean Burger,2,10.92,21.84,6.97,2.83,12.04,Swiggy,Card
O01173,30-01-2025,January,2025,Beverage,Hot Drinks,https://i.ibb.co/mFCQYCrw/hot.png,Green Tea,3,6.36,19.08,5.75,2.05,11.28,In-Store,UPI
O01174,10-06-2025,June,2025,Appetizer,Burger,https://i.ibb.co/KjvbDYc5/burger.png,Paneer Burger,3,12.56,37.68,16.89,5.6,15.19,Zomato,Online
O01175,26-11-2025,November,2025,Main Menu,Pizza,https://i.ibb.co/vx6T9K8X/pizza-1.png,Peppy Paneer,2,18.91,37.82,12.79,5.11,19.92,In-Store,Card
O01176,13-02-2025,February,2025,Main Menu,Club Veg,https://i.ibb.co/7tVrrcM1/clubveg.png,Corn & Mayo Club,1,15.22,15.22,6.21,1.95,7.06,Zomato,UPI
O01177,17-02-2025,February,2025,Beverage,Hot Drinks,https://i.ibb.co/mFCQYCrw/hot.png,Hot Chocolate,1,4.2,4.2,1.29,0.43,2.48,Zomato,Cash
O01178,04-10-2025,October,2025,Beverage,Hot Drinks,https://i.ibb.co/mFCQYCrw/hot.png,Cappuccino,4,6.07,24.28,8.84,2.49,12.95,UberEats,Online
O01179,26-02-2025,February,2025,Beverage,Juice,https://i.ibb.co/bM9d4qvH/juice.png,Watermelon Juice,2,4.05,8.1,3.17,1.27,3.66,UberEats,UPI
O01180,25-01-2025,January,2025,Beverage,Juice,https://i.ibb.co/bM9d4qvH/juice.png,Mixed Fruit Juice,4,8.93,35.72,12.8,6.74,16.18,UberEats,Cash
O01181,23-06-2025,June,2025,Main Menu,Sandwich,https://i.ibb.co/fzhvYTxp/sandwich.png,Paneer Tikka,1,13.36,13.36,5.9,1.41,6.05,UberEats,UPI
O01182,21-10-2025,October,2025,Beverage,Juice,https://i.ibb.co/bM9d4qvH/juice.png,Mixed Fruit Juice,2,4.25,8.5,2.91,1.67,3.92,Zomato,Cash
O01183,22-09-2025,September,2025,Beverage,Juice,https://i.ibb.co/bM9d4qvH/juice.png,Watermelon Juice,2,6.9,13.8,6.11,2.52,5.17,In-Store,Cash
O01184,31-12-2025,December,2025,Appetizer,Macaroni,https://i.ibb.co/zVLCV731/macaroni.png,Classic Mac,2,10.7,21.4,8.28,2.32,10.8,Swiggy,Cash
O01185,08-03-2025,March,2025,Appetizer,Burger,https://i.ibb.co/KjvbDYc5/burger.png,Spicy Bean Burger,2,9.52,19.04,5.89,2.05,11.1,Swiggy,UPI
O01186,27-09-2025,September,2025,Appetizer,French Fries,https://i.ibb.co/23d8CKt3/fries.png,Loaded Fries,4,12.96,51.84,23.07,10.08,18.69,UberEats,Online
O01187,05-08-2025,August,2025,Appetizer,French Fries,https://i.ibb.co/23d8CKt3/fries.png,Loaded Fries,3,10.57,31.71,13.29,5.15,13.27,In-Store,Card
O01188,16-09-2025,September,2025,Main Menu,Pizza,https://i.ibb.co/vx6T9K8X/pizza-1.png,Veggie Paradise,2,16.8,33.6,10.89,6.59,16.12,Zomato,Cash
O01189,19-04-2025,April,2025,Appetizer,Macaroni,https://i.ibb.co/zVLCV731/macaroni.png,Classic Mac,3,6.11,18.33,6.97,3.09,8.27,Zomato,UPI
O01190,05-11-2025,November,2025,Appetizer,Burger,https://i.ibb.co/KjvbDYc5/burger.png,Aloo Tikki Burger,2,7.71,15.42,5.29,2.37,7.76,UberEats,UPI
O01191,25-09-2025,September,2025,Main Menu,Veg Mania,https://i.ibb.co/svfg0hg2/vegmania.png,Corn Supreme,1,14.06,14.06,4.34,1.59,8.13,UberEats,UPI
O01192,31-05-2025,May,2025,Appetizer,Burger,https://i.ibb.co/KjvbDYc5/burger.png,Veg Cheese Burger,1,12.76,12.76,4.26,1.97,6.53,Zomato,Online
O01193,06-06-2025,June,2025,Appetizer,Burger,https://i.ibb.co/KjvbDYc5/burger.png,Veg Cheese Burger,1,10.12,10.12,4.05,1.15,4.92,In-Store,Cash
O01194,08-10-2025,October,2025,Appetizer,Burger,https://i.ibb.co/KjvbDYc5/burger.png,Aloo Tikki Burger,3,12.54,37.62,13.46,5.07,19.09,In-Store,Online
O01195,08-06-2025,June,2025,Beverage,Hot Drinks,https://i.ibb.co/mFCQYCrw/hot.png,Hot Chocolate,4,7.91,31.64,11.09,4.79,15.76,In-Store,Online
O01196,07-11-2025,November,2025,Main Menu,Sandwich,https://i.ibb.co/fzhvYTxp/sandwich.png,Classic Veg,4,13.38,53.52,17.97,6.55,29,In-Store,Online
O01197,16-06-2025,June,2025,Main Menu,Pizza,https://i.ibb.co/vx6T9K8X/pizza-1.png,Veggie Paradise,3,12.61,37.83,12.4,4.47,20.96,Zomato,Online
O01198,04-10-2025,October,2025,Main Menu,Pizza,https://i.ibb.co/vx6T9K8X/pizza-1.png,Peppy Paneer,4,18.45,73.8,28.46,13.75,31.59,Swiggy,Card
O01199,13-01-2025,January,2025,Beverage,Hot Drinks,https://i.ibb.co/mFCQYCrw/hot.png,Espresso,4,6.85,27.4,10.07,5.28,12.05,Swiggy,Card
O01200,05-10-2025,October,2025,Beverage,Juice,https://i.ibb.co/bM9d4qvH/juice.png,Mango Juice,4,5.94,23.76,8.76,3.31,11.69,In-Store,Cash
O01201,04-12-2025,December,2025,Beverage,Juice,https://i.ibb.co/bM9d4qvH/juice.png,Orange Juice,3,5.22,15.66,6.11,2.43,7.12,UberEats,Card
O01202,28-12-2025,December,2025,Beverage,Hot Drinks,https://i.ibb.co/mFCQYCrw/hot.png,Espresso,3,7.45,22.35,9.95,3.23,9.17,UberEats,Online
O01203,24-01-2025,January,2025,Appetizer,Burger,https://i.ibb.co/KjvbDYc5/burger.png,Paneer Burger,2,10.21,20.42,6.94,2.29,11.19,In-Store,Card
O01204,13-01-2025,January,2025,Beverage,Hot Drinks,https://i.ibb.co/mFCQYCrw/hot.png,Green Tea,3,4.53,13.59,4.86,1.84,6.89,UberEats,Cash
O01205,20-02-2025,February,2025,Beverage,Juice,https://i.ibb.co/bM9d4qvH/juice.png,Watermelon Juice,1,6.46,6.46,2.63,0.65,3.18,Zomato,Card
O01206,15-02-2025,February,2025,Main Menu,Club Veg,https://i.ibb.co/7tVrrcM1/clubveg.png,Corn & Mayo Club,2,15.14,30.28,11.1,4.77,14.41,Zomato,Cash
O01207,16-06-2025,June,2025,Main Menu,Veg Mania,https://i.ibb.co/svfg0hg2/vegmania.png,Paneer Delight,2,12.42,24.84,7.46,4.6,12.78,UberEats,Online
O01208,13-06-2025,June,2025,Main Menu,Pizza,https://i.ibb.co/vx6T9K8X/pizza-1.png,Peppy Paneer,2,14.96,29.92,9.26,4.78,15.88,UberEats,Online
O01209,27-01-2025,January,2025,Main Menu,Sandwich,https://i.ibb.co/fzhvYTxp/sandwich.png,Cheese Chilli,4,12.11,48.44,19.53,8.79,20.12,In-Store,Online
O01210,18-05-2025,May,2025,Main Menu,Club Veg,https://i.ibb.co/7tVrrcM1/clubveg.png,Corn & Mayo Club,3,13.1,39.3,12.58,7.68,19.04,In-Store,Cash
O01211,15-01-2025,January,2025,Appetizer,French Fries,https://i.ibb.co/23d8CKt3/fries.png,Peri Peri Fries,4,7.59,30.36,10.11,3.81,16.44,Swiggy,UPI
O01212,28-10-2025,October,2025,Beverage,Juice,https://i.ibb.co/bM9d4qvH/juice.png,Mango Juice,4,4.45,17.8,5.98,2.16,9.66,Zomato,UPI
O01213,28-07-2025,July,2025,Appetizer,Burger,https://i.ibb.co/KjvbDYc5/burger.png,Veg Cheese Burger,3,11.63,34.89,13.13,3.98,17.78,Zomato,UPI
O01214,28-03-2025,March,2025,Main Menu,Pizza,https://i.ibb.co/vx6T9K8X/pizza-1.png,Veggie Paradise,3,18.72,56.16,23.59,6.97,25.6,Swiggy,Cash
O01215,14-11-2025,November,2025,Appetizer,French Fries,https://i.ibb.co/23d8CKt3/fries.png,Peri Peri Fries,3,8.54,25.62,8.72,3.67,13.23,Swiggy,Cash
O01216,20-05-2025,May,2025,Beverage,Hot Drinks,https://i.ibb.co/mFCQYCrw/hot.png,Green Tea,1,7.73,7.73,2.74,1.3,3.69,UberEats,Card
O01217,19-09-2025,September,2025,Appetizer,Burger,https://i.ibb.co/KjvbDYc5/burger.png,Veg Cheese Burger,1,6.49,6.49,2.91,1.15,2.43,Swiggy,UPI
O01218,22-07-2025,July,2025,Beverage,Juice,https://i.ibb.co/bM9d4qvH/juice.png,Mango Juice,3,4.88,14.64,6.07,1.91,6.66,UberEats,Online
O01219,09-11-2025,November,2025,Beverage,Hot Drinks,https://i.ibb.co/mFCQYCrw/hot.png,Hot Chocolate,2,5.47,10.94,4.9,2.09,3.95,UberEats,Online
O01220,06-05-2025,May,2025,Beverage,Hot Drinks,https://i.ibb.co/mFCQYCrw/hot.png,Hot Chocolate,1,4.26,4.26,1.7,0.69,1.87,Zomato,Online
O01221,18-06-2025,June,2025,Main Menu,Sandwich,https://i.ibb.co/fzhvYTxp/sandwich.png,Grilled Veg,4,11.56,46.24,16.86,7.26,22.12,In-Store,Cash
O01222,11-12-2025,December,2025,Main Menu,Pizza,https://i.ibb.co/vx6T9K8X/pizza-1.png,Veggie Paradise,2,12.61,25.22,9.76,4.76,10.7,In-Store,Cash
O01223,30-11-2025,November,2025,Main Menu,Veg Mania,https://i.ibb.co/svfg0hg2/vegmania.png,Veg Overload,2,16.32,32.64,11.97,3.35,17.32,Swiggy,UPI
O01224,04-11-2025,November,2025,Appetizer,Macaroni,https://i.ibb.co/zVLCV731/macaroni.png,Cheese Mac,2,8.37,16.74,5.48,2.52,8.74,Swiggy,Cash
O01225,09-07-2025,July,2025,Main Menu,Pizza,https://i.ibb.co/vx6T9K8X/pizza-1.png,Margherita,1,12.58,12.58,4.82,1.63,6.13,Zomato,Cash
O01226,15-12-2025,December,2025,Beverage,Hot Drinks,https://i.ibb.co/mFCQYCrw/hot.png,Cappuccino,3,4.82,14.46,4.57,2.57,7.32,Swiggy,UPI
O01227,24-04-2025,April,2025,Main Menu,Pizza,https://i.ibb.co/vx6T9K8X/pizza-1.png,Peppy Paneer,1,17.68,17.68,6.47,1.84,9.37,Swiggy,UPI
O01228,27-12-2025,December,2025,Beverage,Juice,https://i.ibb.co/bM9d4qvH/juice.png,Orange Juice,1,7.82,7.82,2.88,1.2,3.74,Zomato,Online
O01229,23-05-2025,May,2025,Beverage,Hot Drinks,https://i.ibb.co/mFCQYCrw/hot.png,Cappuccino,1,7.19,7.19,3.09,1.08,3.02,Zomato,Card
O01230,29-10-2025,October,2025,Main Menu,Veg Mania,https://i.ibb.co/svfg0hg2/vegmania.png,Mushroom Magic,3,12.65,37.95,15.32,6.81,15.82,UberEats,Card
O01231,21-05-2025,May,2025,Main Menu,Veg Mania,https://i.ibb.co/svfg0hg2/vegmania.png,Corn Supreme,3,11.04,33.12,12.36,5.05,15.71,In-Store,Cash
O01232,25-11-2025,November,2025,Beverage,Juice,https://i.ibb.co/bM9d4qvH/juice.png,Watermelon Juice,1,5.34,5.34,2.12,1,2.22,In-Store,Online
O01233,04-03-2025,March,2025,Beverage,Hot Drinks,https://i.ibb.co/mFCQYCrw/hot.png,Green Tea,3,7.13,21.39,7.43,3.47,10.49,UberEats,Cash
O01234,25-04-2025,April,2025,Main Menu,Club Veg,https://i.ibb.co/7tVrrcM1/clubveg.png,Corn & Mayo Club,3,14.45,43.35,14.7,6,22.65,In-Store,UPI
O01235,20-07-2025,July,2025,Main Menu,Club Veg,https://i.ibb.co/7tVrrcM1/clubveg.png,Triple Cheese Club,3,16.1,48.3,17.78,7.28,23.24,Swiggy,Card
O01236,05-08-2025,August,2025,Main Menu,Sandwich,https://i.ibb.co/fzhvYTxp/sandwich.png,Cheese Chilli,2,19.32,38.64,15.3,5.18,18.16,Zomato,UPI
O01237,02-02-2025,February,2025,Beverage,Juice,https://i.ibb.co/bM9d4qvH/juice.png,Orange Juice,4,5.32,21.28,8.31,3.52,9.45,In-Store,Online
O01238,31-10-2025,October,2025,Beverage,Hot Drinks,https://i.ibb.co/mFCQYCrw/hot.png,Hot Chocolate,1,4.37,4.37,1.86,0.86,1.65,Zomato,Cash
O01239,03-05-2025,May,2025,Appetizer,Burger,https://i.ibb.co/KjvbDYc5/burger.png,Paneer Burger,3,6.52,19.56,7.87,3.68,8.01,Zomato,Cash
O01240,14-11-2025,November,2025,Appetizer,Burger,https://i.ibb.co/KjvbDYc5/burger.png,Spicy Bean Burger,4,10.31,41.24,18.45,7.88,14.91,Swiggy,Cash
O01241,18-01-2025,January,2025,Appetizer,Macaroni,https://i.ibb.co/zVLCV731/macaroni.png,Classic Mac,3,6.32,18.96,5.96,2.02,10.98,Zomato,Cash
O01242,29-01-2025,January,2025,Appetizer,French Fries,https://i.ibb.co/23d8CKt3/fries.png,Loaded Fries,1,12.6,12.6,4.59,1.85,6.16,Swiggy,Cash
O01243,29-01-2025,January,2025,Beverage,Juice,https://i.ibb.co/bM9d4qvH/juice.png,Watermelon Juice,4,7.21,28.84,10.37,5.57,12.9,In-Store,Online
O01244,13-11-2025,November,2025,Appetizer,Burger,https://i.ibb.co/KjvbDYc5/burger.png,Aloo Tikki Burger,3,13.31,39.93,14.84,5.41,19.68,In-Store,Online
O01245,08-08-2025,August,2025,Beverage,Juice,https://i.ibb.co/bM9d4qvH/juice.png,Watermelon Juice,2,7.31,14.62,5.06,1.55,8.01,Swiggy,Online
O01246,18-06-2025,June,2025,Beverage,Juice,https://i.ibb.co/bM9d4qvH/juice.png,Orange Juice,4,7.33,29.32,8.97,4.68,15.67,Swiggy,Cash
O01247,04-02-2025,February,2025,Beverage,Juice,https://i.ibb.co/bM9d4qvH/juice.png,Mango Juice,4,8.45,33.8,15.12,5.05,13.63,UberEats,UPI
O01248,04-09-2025,September,2025,Beverage,Hot Drinks,https://i.ibb.co/mFCQYCrw/hot.png,Cappuccino,2,7.68,15.36,5.17,2.18,8.01,Zomato,Card
O01249,31-01-2025,January,2025,Main Menu,Club Veg,https://i.ibb.co/7tVrrcM1/clubveg.png,Corn & Mayo Club,4,18.77,75.08,27.55,12.55,34.98,UberEats,UPI
O01250,05-10-2025,October,2025,Main Menu,Sandwich,https://i.ibb.co/fzhvYTxp/sandwich.png,Classic Veg,2,12.54,25.08,10.61,4.41,10.06,UberEats,UPI
O01251,08-07-2025,July,2025,Main Menu,Sandwich,https://i.ibb.co/fzhvYTxp/sandwich.png,Grilled Veg,3,18.44,55.32,21.84,8.45,25.03,Zomato,Cash
O01252,26-06-2025,June,2025,Main Menu,Sandwich,https://i.ibb.co/fzhvYTxp/sandwich.png,Cheese Chilli,2,16.84,33.68,13.05,4,16.63,Swiggy,UPI
O01253,08-12-2025,December,2025,Appetizer,French Fries,https://i.ibb.co/23d8CKt3/fries.png,Loaded Fries,2,7.47,14.94,6.61,2.09,6.24,UberEats,UPI
O01254,03-06-2025,June,2025,Appetizer,Macaroni,https://i.ibb.co/zVLCV731/macaroni.png,Cheese Mac,4,10.2,40.8,15.75,7.42,17.63,Swiggy,Online
O01255,11-09-2025,September,2025,Main Menu,Veg Mania,https://i.ibb.co/svfg0hg2/vegmania.png,Mushroom Magic,3,13.5,40.5,18.19,7.96,14.35,Zomato,Online
O01256,20-04-2025,April,2025,Main Menu,Pizza,https://i.ibb.co/vx6T9K8X/pizza-1.png,Peppy Paneer,4,12.6,50.4,19.51,8.78,22.11,In-Store,Card
O01257,05-04-2025,April,2025,Main Menu,Club Veg,https://i.ibb.co/7tVrrcM1/clubveg.png,Triple Cheese Club,4,12.06,48.24,16.53,8.17,23.54,Swiggy,UPI
O01258,12-10-2025,October,2025,Main Menu,Sandwich,https://i.ibb.co/fzhvYTxp/sandwich.png,Paneer Tikka,3,17.59,52.77,23.45,8.59,20.73,In-Store,Card
O01259,27-10-2025,October,2025,Appetizer,Burger,https://i.ibb.co/KjvbDYc5/burger.png,Aloo Tikki Burger,3,6.85,20.55,8.02,2.72,9.81,Zomato,Card
O01260,31-03-2025,March,2025,Main Menu,Club Veg,https://i.ibb.co/7tVrrcM1/clubveg.png,Veggie Club Special,2,10.71,21.42,9.11,2.26,10.05,UberEats,Card
O01261,11-04-2025,April,2025,Main Menu,Sandwich,https://i.ibb.co/fzhvYTxp/sandwich.png,Paneer Tikka,4,18.51,74.04,25.54,7.55,40.95,Swiggy,Cash
O01262,12-03-2025,March,2025,Appetizer,French Fries,https://i.ibb.co/23d8CKt3/fries.png,Salted Fries,1,6.26,6.26,2.42,0.73,3.11,UberEats,Card
O01263,22-08-2025,August,2025,Main Menu,Club Veg,https://i.ibb.co/7tVrrcM1/clubveg.png,Spicy Club,2,11.76,23.52,9.25,2.47,11.8,Zomato,Online
O01264,03-02-2025,February,2025,Main Menu,Sandwich,https://i.ibb.co/fzhvYTxp/sandwich.png,Cheese Chilli,2,10.15,20.3,8.4,3.05,8.85,Zomato,Card
O01265,13-07-2025,July,2025,Beverage,Hot Drinks,https://i.ibb.co/mFCQYCrw/hot.png,Hot Chocolate,1,4.73,4.73,1.6,0.9,2.23,In-Store,Card
O01266,12-11-2025,November,2025,Beverage,Juice,https://i.ibb.co/bM9d4qvH/juice.png,Watermelon Juice,1,5.75,5.75,2.38,0.75,2.62,Zomato,UPI
O01267,28-01-2025,January,2025,Beverage,Hot Drinks,https://i.ibb.co/mFCQYCrw/hot.png,Cappuccino,2,6.03,12.06,3.62,2.39,6.05,In-Store,Card
O01268,11-02-2025,February,2025,Appetizer,French Fries,https://i.ibb.co/23d8CKt3/fries.png,Salted Fries,3,6.44,19.32,6.53,3.7,9.09,Zomato,Online
O01269,18-09-2025,September,2025,Appetizer,Macaroni,https://i.ibb.co/zVLCV731/macaroni.png,Spicy Mac,1,13.17,13.17,5.82,1.59,5.76,Zomato,UPI
O01270,11-07-2025,July,2025,Beverage,Hot Drinks,https://i.ibb.co/mFCQYCrw/hot.png,Green Tea,4,5.12,20.48,7.54,3.98,8.96,In-Store,UPI
O01271,25-07-2025,July,2025,Beverage,Juice,https://i.ibb.co/bM9d4qvH/juice.png,Mango Juice,4,5.51,22.04,6.85,4.01,11.18,Zomato,Card
O01272,01-05-2025,May,2025,Appetizer,Burger,https://i.ibb.co/KjvbDYc5/burger.png,Paneer Burger,4,10.6,42.4,15.41,7.61,19.38,In-Store,Online
O01273,22-03-2025,March,2025,Appetizer,Macaroni,https://i.ibb.co/zVLCV731/macaroni.png,Classic Mac,3,7.04,21.12,8.66,3.89,8.57,Zomato,Cash
O01274,16-08-2025,August,2025,Beverage,Hot Drinks,https://i.ibb.co/mFCQYCrw/hot.png,Cappuccino,4,4.43,17.72,7.5,2.4,7.82,Swiggy,Online
O01275,15-11-2025,November,2025,Appetizer,Macaroni,https://i.ibb.co/zVLCV731/macaroni.png,Spicy Mac,1,10.3,10.3,3.43,1.09,5.78,In-Store,Online
O01276,08-07-2025,July,2025,Appetizer,Macaroni,https://i.ibb.co/zVLCV731/macaroni.png,Veg Loaded Mac,2,6.82,13.64,5.02,2.58,6.04,In-Store,Cash
O01277,15-08-2025,August,2025,Main Menu,Club Veg,https://i.ibb.co/7tVrrcM1/clubveg.png,Triple Cheese Club,2,18.32,36.64,12.87,4.34,19.43,UberEats,Cash
O01278,14-09-2025,September,2025,Beverage,Juice,https://i.ibb.co/bM9d4qvH/juice.png,Watermelon Juice,1,6.34,6.34,2.84,1.07,2.43,Zomato,Cash
O01279,06-02-2025,February,2025,Appetizer,Burger,https://i.ibb.co/KjvbDYc5/burger.png,Veg Cheese Burger,3,12.39,37.17,12.4,6.9,17.87,UberEats,Card
O01280,18-06-2025,June,2025,Appetizer,Macaroni,https://i.ibb.co/zVLCV731/macaroni.png,Veg Loaded Mac,1,9.59,9.59,3.5,1.38,4.71,Zomato,Card
O01281,06-10-2025,October,2025,Appetizer,Burger,https://i.ibb.co/KjvbDYc5/burger.png,Paneer Burger,2,12.1,24.2,8.89,4.7,10.61,UberEats,UPI
O01282,27-07-2025,July,2025,Beverage,Juice,https://i.ibb.co/bM9d4qvH/juice.png,Mixed Fruit Juice,1,5.2,5.2,1.76,0.55,2.89,Zomato,Online
O01283,27-04-2025,April,2025,Beverage,Juice,https://i.ibb.co/bM9d4qvH/juice.png,Mixed Fruit Juice,1,8.56,8.56,2.78,1.16,4.62,Zomato,Online
O01284,25-08-2025,August,2025,Appetizer,Burger,https://i.ibb.co/KjvbDYc5/burger.png,Paneer Burger,3,12.33,36.99,13.18,6.02,17.79,Zomato,Online
O01285,02-08-2025,August,2025,Main Menu,Pizza,https://i.ibb.co/vx6T9K8X/pizza-1.png,Veggie Paradise,4,18.23,72.92,32.11,14.44,26.37,Swiggy,UPI
O01286,23-10-2025,October,2025,Main Menu,Club Veg,https://i.ibb.co/7tVrrcM1/clubveg.png,Triple Cheese Club,2,11.74,23.48,7.1,4.48,11.9,In-Store,UPI
O01287,26-04-2025,April,2025,Appetizer,Macaroni,https://i.ibb.co/zVLCV731/macaroni.png,Spicy Mac,1,12.56,12.56,5.29,1.35,5.92,UberEats,UPI
O01288,12-01-2025,January,2025,Beverage,Juice,https://i.ibb.co/bM9d4qvH/juice.png,Mango Juice,4,7.39,29.56,12.93,4.44,12.19,Zomato,UPI
O01289,19-11-2025,November,2025,Beverage,Hot Drinks,https://i.ibb.co/mFCQYCrw/hot.png,Green Tea,3,4.68,14.04,4.94,1.49,7.61,Zomato,Online
O01290,01-10-2025,October,2025,Appetizer,Burger,https://i.ibb.co/KjvbDYc5/burger.png,Spicy Bean Burger,2,10.17,20.34,6.93,3.69,9.72,Swiggy,UPI
O01291,20-08-2025,August,2025,Beverage,Hot Drinks,https://i.ibb.co/mFCQYCrw/hot.png,Espresso,2,4.44,8.88,3.2,1.26,4.42,Zomato,Cash
O01292,11-10-2025,October,2025,Main Menu,Veg Mania,https://i.ibb.co/svfg0hg2/vegmania.png,Veg Overload,3,17.09,51.27,22.97,9.34,18.96,Swiggy,Card
O01293,05-02-2025,February,2025,Appetizer,Macaroni,https://i.ibb.co/zVLCV731/macaroni.png,Cheese Mac,1,6.56,6.56,2.62,1.13,2.81,Zomato,UPI
O01294,26-09-2025,September,2025,Main Menu,Pizza,https://i.ibb.co/vx6T9K8X/pizza-1.png,Margherita,1,12.44,12.44,5.3,1.8,5.34,UberEats,Cash
O01295,17-06-2025,June,2025,Appetizer,Macaroni,https://i.ibb.co/zVLCV731/macaroni.png,Cheese Mac,3,11.85,35.55,12.59,6.23,16.73,Swiggy,Card
O01296,03-08-2025,August,2025,Appetizer,French Fries,https://i.ibb.co/23d8CKt3/fries.png,Salted Fries,2,7.02,14.04,5.34,2.8,5.9,In-Store,Card
O01297,16-04-2025,April,2025,Appetizer,Macaroni,https://i.ibb.co/zVLCV731/macaroni.png,Spicy Mac,1,12.53,12.53,4.41,1.74,6.38,Zomato,UPI
O01298,14-04-2025,April,2025,Beverage,Hot Drinks,https://i.ibb.co/mFCQYCrw/hot.png,Hot Chocolate,4,8.07,32.28,12.61,5.26,14.41,Zomato,Cash
O01299,17-08-2025,August,2025,Main Menu,Pizza,https://i.ibb.co/vx6T9K8X/pizza-1.png,Farmhouse,4,11.44,45.76,13.93,7.52,24.31,UberEats,Online
O01300,25-08-2025,August,2025,Beverage,Juice,https://i.ibb.co/bM9d4qvH/juice.png,Orange Juice,3,6.25,18.75,7.7,2.48,8.57,UberEats,Online
O01301,25-12-2025,December,2025,Beverage,Hot Drinks,https://i.ibb.co/mFCQYCrw/hot.png,Green Tea,1,4.81,4.81,1.58,0.83,2.4,Zomato,Online
O01302,02-04-2025,April,2025,Beverage,Hot Drinks,https://i.ibb.co/mFCQYCrw/hot.png,Green Tea,4,5.72,22.88,7.36,2.31,13.21,In-Store,Card
O01303,19-10-2025,October,2025,Main Menu,Pizza,https://i.ibb.co/vx6T9K8X/pizza-1.png,Margherita,2,15.87,31.74,12.02,3.81,15.91,Zomato,Card
O01304,18-11-2025,November,2025,Beverage,Hot Drinks,https://i.ibb.co/mFCQYCrw/hot.png,Espresso,1,7.73,7.73,2.83,1.34,3.56,Zomato,Online
O01305,11-10-2025,October,2025,Main Menu,Club Veg,https://i.ibb.co/7tVrrcM1/clubveg.png,Triple Cheese Club,2,18.13,36.26,11.85,4.9,19.51,Swiggy,UPI
O01306,19-08-2025,August,2025,Main Menu,Club Veg,https://i.ibb.co/7tVrrcM1/clubveg.png,Veggie Club Special,1,10.69,10.69,3.87,1.35,5.47,Swiggy,Online
O01307,07-02-2025,February,2025,Beverage,Hot Drinks,https://i.ibb.co/mFCQYCrw/hot.png,Green Tea,3,7.35,22.05,6.79,3.75,11.51,UberEats,Online
O01308,23-07-2025,July,2025,Main Menu,Veg Mania,https://i.ibb.co/svfg0hg2/vegmania.png,Corn Supreme,1,19.12,19.12,8.59,2.83,7.7,Swiggy,Card
O01309,10-12-2025,December,2025,Beverage,Hot Drinks,https://i.ibb.co/mFCQYCrw/hot.png,Green Tea,1,6.83,6.83,2.94,1.3,2.59,In-Store,Cash
O01310,08-10-2025,October,2025,Beverage,Juice,https://i.ibb.co/bM9d4qvH/juice.png,Mixed Fruit Juice,1,6.97,6.97,2.61,0.83,3.53,Zomato,Online
O01311,24-03-2025,March,2025,Main Menu,Veg Mania,https://i.ibb.co/svfg0hg2/vegmania.png,Paneer Delight,2,12.46,24.92,10.58,3.65,10.69,Zomato,UPI
O01312,01-10-2025,October,2025,Beverage,Hot Drinks,https://i.ibb.co/mFCQYCrw/hot.png,Cappuccino,2,8.67,17.34,6.61,1.96,8.77,Swiggy,Cash
O01313,20-05-2025,May,2025,Main Menu,Pizza,https://i.ibb.co/vx6T9K8X/pizza-1.png,Peppy Paneer,1,10.99,10.99,4.05,1.3,5.64,Zomato,Card
O01314,18-01-2025,January,2025,Beverage,Juice,https://i.ibb.co/bM9d4qvH/juice.png,Mixed Fruit Juice,4,4.25,17,6.14,3.28,7.58,Swiggy,Cash
O01315,20-12-2025,December,2025,Appetizer,Macaroni,https://i.ibb.co/zVLCV731/macaroni.png,Classic Mac,2,9.35,18.7,6.68,1.92,10.1,Swiggy,Cash
O01316,14-04-2025,April,2025,Main Menu,Club Veg,https://i.ibb.co/7tVrrcM1/clubveg.png,Veggie Club Special,4,13.59,54.36,21.08,6.03,27.25,Zomato,Cash
O01317,04-08-2025,August,2025,Main Menu,Veg Mania,https://i.ibb.co/svfg0hg2/vegmania.png,Corn Supreme,1,11.75,11.75,5.22,1.52,5.01,Zomato,Cash
O01318,19-02-2025,February,2025,Beverage,Juice,https://i.ibb.co/bM9d4qvH/juice.png,Mango Juice,4,8.86,35.44,13.9,6.71,14.83,Swiggy,Online
O01319,25-02-2025,February,2025,Appetizer,Macaroni,https://i.ibb.co/zVLCV731/macaroni.png,Cheese Mac,1,8.65,8.65,3.12,1.06,4.47,Zomato,Online
O01320,03-03-2025,March,2025,Main Menu,Sandwich,https://i.ibb.co/fzhvYTxp/sandwich.png,Grilled Veg,2,19.96,39.92,13.25,4.95,21.72,UberEats,UPI
O01321,08-01-2025,January,2025,Appetizer,French Fries,https://i.ibb.co/23d8CKt3/fries.png,Cheese Fries,2,9.29,18.58,8.15,2.54,7.89,Swiggy,Online
O01322,23-08-2025,August,2025,Main Menu,Veg Mania,https://i.ibb.co/svfg0hg2/vegmania.png,Corn Supreme,3,17.02,51.06,17.91,5.14,28.01,UberEats,Cash
O01323,22-04-2025,April,2025,Appetizer,Macaroni,https://i.ibb.co/zVLCV731/macaroni.png,Spicy Mac,2,12.6,25.2,11.27,4.16,9.77,Swiggy,Card
O01324,18-02-2025,February,2025,Beverage,Hot Drinks,https://i.ibb.co/mFCQYCrw/hot.png,Green Tea,1,4.16,4.16,1.64,0.54,1.98,Zomato,UPI
O01325,22-11-2025,November,2025,Beverage,Hot Drinks,https://i.ibb.co/mFCQYCrw/hot.png,Green Tea,1,7.85,7.85,2.49,1.45,3.91,Swiggy,UPI
O01326,08-11-2025,November,2025,Beverage,Hot Drinks,https://i.ibb.co/mFCQYCrw/hot.png,Green Tea,4,6.6,26.4,9.84,5.01,11.55,Zomato,Cash
O01327,11-01-2025,January,2025,Beverage,Juice,https://i.ibb.co/bM9d4qvH/juice.png,Watermelon Juice,4,4.44,17.76,5.9,3.22,8.64,Zomato,Online
O01328,14-11-2025,November,2025,Main Menu,Veg Mania,https://i.ibb.co/svfg0hg2/vegmania.png,Mushroom Magic,3,15.42,46.26,19.78,5.96,20.52,UberEats,Online
O01329,14-04-2025,April,2025,Main Menu,Pizza,https://i.ibb.co/vx6T9K8X/pizza-1.png,Farmhouse,1,10.5,10.5,3.74,2.06,4.7,Swiggy,Card
O01330,03-11-2025,November,2025,Appetizer,French Fries,https://i.ibb.co/23d8CKt3/fries.png,Cheese Fries,3,9.2,27.6,12.26,2.88,12.46,Zomato,UPI
O01331,26-11-2025,November,2025,Main Menu,Pizza,https://i.ibb.co/vx6T9K8X/pizza-1.png,Peppy Paneer,1,10.14,10.14,3.06,1.06,6.02,Swiggy,Card
O01332,19-06-2025,June,2025,Appetizer,Burger,https://i.ibb.co/KjvbDYc5/burger.png,Veg Cheese Burger,4,8.73,34.92,13.32,5.1,16.5,Swiggy,Card
O01333,23-12-2025,December,2025,Beverage,Juice,https://i.ibb.co/bM9d4qvH/juice.png,Mixed Fruit Juice,2,4.36,8.72,2.78,1.54,4.4,UberEats,Card
O01334,19-11-2025,November,2025,Main Menu,Veg Mania,https://i.ibb.co/svfg0hg2/vegmania.png,Veg Overload,3,13.23,39.69,15.77,4.65,19.27,Swiggy,Card
O01335,21-11-2025,November,2025,Main Menu,Sandwich,https://i.ibb.co/fzhvYTxp/sandwich.png,Cheese Chilli,1,16.13,16.13,5.04,2.65,8.44,Swiggy,Card
O01336,09-10-2025,October,2025,Main Menu,Sandwich,https://i.ibb.co/fzhvYTxp/sandwich.png,Grilled Veg,3,15.85,47.55,16.07,8.58,22.9,In-Store,Online
O01337,26-03-2025,March,2025,Beverage,Juice,https://i.ibb.co/bM9d4qvH/juice.png,Mango Juice,3,8.89,26.67,8.83,4.63,13.21,In-Store,Card
O01338,08-05-2025,May,2025,Appetizer,Macaroni,https://i.ibb.co/zVLCV731/macaroni.png,Spicy Mac,4,10.17,40.68,15.54,4.43,20.71,Zomato,UPI
O01339,10-02-2025,February,2025,Appetizer,Macaroni,https://i.ibb.co/zVLCV731/macaroni.png,Spicy Mac,3,12.83,38.49,17.11,7.38,14,Zomato,Online
O01340,05-08-2025,August,2025,Beverage,Hot Drinks,https://i.ibb.co/mFCQYCrw/hot.png,Cappuccino,4,4.4,17.6,5.62,3.03,8.95,In-Store,Cash
O01341,07-08-2025,August,2025,Main Menu,Club Veg,https://i.ibb.co/7tVrrcM1/clubveg.png,Veggie Club Special,3,16.23,48.69,21.2,8.26,19.23,Zomato,UPI
O01342,26-08-2025,August,2025,Appetizer,Macaroni,https://i.ibb.co/zVLCV731/macaroni.png,Veg Loaded Mac,4,8.19,32.76,13.33,6.14,13.29,In-Store,Online
O01343,20-06-2025,June,2025,Main Menu,Pizza,https://i.ibb.co/vx6T9K8X/pizza-1.png,Farmhouse,2,18.67,37.34,11.45,4.81,21.08,Zomato,Card
O01344,07-01-2025,January,2025,Beverage,Hot Drinks,https://i.ibb.co/mFCQYCrw/hot.png,Green Tea,1,4.58,4.58,1.9,0.51,2.17,In-Store,Online
O01345,11-07-2025,July,2025,Appetizer,Macaroni,https://i.ibb.co/zVLCV731/macaroni.png,Veg Loaded Mac,1,12.52,12.52,4.65,1.7,6.17,Swiggy,Online
O01346,05-03-2025,March,2025,Appetizer,French Fries,https://i.ibb.co/23d8CKt3/fries.png,Peri Peri Fries,2,10.23,20.46,8.74,3.05,8.67,Zomato,Online
O01347,28-06-2025,June,2025,Beverage,Hot Drinks,https://i.ibb.co/mFCQYCrw/hot.png,Hot Chocolate,2,6.45,12.9,3.98,2,6.92,Swiggy,Online
O01348,07-05-2025,May,2025,Main Menu,Pizza,https://i.ibb.co/vx6T9K8X/pizza-1.png,Margherita,2,19.35,38.7,14.93,4.79,18.98,UberEats,Cash
O01349,07-12-2025,December,2025,Beverage,Juice,https://i.ibb.co/bM9d4qvH/juice.png,Watermelon Juice,4,6.43,25.72,9.87,5.09,10.76,In-Store,Card
O01350,07-05-2025,May,2025,Beverage,Juice,https://i.ibb.co/bM9d4qvH/juice.png,Orange Juice,4,4.53,18.12,5.89,2.65,9.58,Swiggy,Cash
O01351,31-12-2025,December,2025,Appetizer,Macaroni,https://i.ibb.co/zVLCV731/macaroni.png,Classic Mac,4,6.28,25.12,10.84,3.24,11.04,Zomato,Online
O01352,07-08-2025,August,2025,Appetizer,French Fries,https://i.ibb.co/23d8CKt3/fries.png,Cheese Fries,1,8.39,8.39,3.73,1.16,3.5,In-Store,UPI
O01353,30-07-2025,July,2025,Beverage,Juice,https://i.ibb.co/bM9d4qvH/juice.png,Orange Juice,4,5.22,20.88,7.13,3.61,10.14,UberEats,Card
O01354,18-04-2025,April,2025,Beverage,Hot Drinks,https://i.ibb.co/mFCQYCrw/hot.png,Hot Chocolate,2,7.32,14.64,5.31,2.6,6.73,Swiggy,Card
O01355,01-01-2025,January,2025,Main Menu,Veg Mania,https://i.ibb.co/svfg0hg2/vegmania.png,Veg Overload,2,15.64,31.28,13.69,4.95,12.64,In-Store,UPI
O01356,09-08-2025,August,2025,Main Menu,Sandwich,https://i.ibb.co/fzhvYTxp/sandwich.png,Paneer Tikka,2,18.18,36.36,15.68,4.92,15.76,Zomato,Card
O01357,07-09-2025,September,2025,Main Menu,Veg Mania,https://i.ibb.co/svfg0hg2/vegmania.png,Veg Overload,3,13.19,39.57,13.54,5.02,21.01,Zomato,Card
O01358,31-01-2025,January,2025,Beverage,Juice,https://i.ibb.co/bM9d4qvH/juice.png,Mango Juice,2,5.17,10.34,3.41,2.01,4.92,UberEats,Online
O01359,17-11-2025,November,2025,Beverage,Juice,https://i.ibb.co/bM9d4qvH/juice.png,Mango Juice,4,5.88,23.52,7.18,2.65,13.69,Swiggy,UPI
O01360,13-07-2025,July,2025,Main Menu,Club Veg,https://i.ibb.co/7tVrrcM1/clubveg.png,Triple Cheese Club,3,14.94,44.82,20.1,5.67,19.05,UberEats,Cash
O01361,01-05-2025,May,2025,Appetizer,Macaroni,https://i.ibb.co/zVLCV731/macaroni.png,Classic Mac,1,6.42,6.42,2.03,0.89,3.5,Swiggy,Cash
O01362,04-01-2025,January,2025,Beverage,Juice,https://i.ibb.co/bM9d4qvH/juice.png,Orange Juice,3,8.33,24.99,9.41,3.25,12.33,Zomato,Cash
O01363,05-11-2025,November,2025,Beverage,Hot Drinks,https://i.ibb.co/mFCQYCrw/hot.png,Green Tea,1,5.42,5.42,1.79,1.02,2.61,In-Store,UPI
O01364,08-08-2025,August,2025,Appetizer,Macaroni,https://i.ibb.co/zVLCV731/macaroni.png,Veg Loaded Mac,4,8.51,34.04,10.73,4.8,18.51,UberEats,Card
O01365,07-12-2025,December,2025,Appetizer,Macaroni,https://i.ibb.co/zVLCV731/macaroni.png,Classic Mac,2,11.1,22.2,8.43,3.27,10.5,UberEats,UPI
O01366,02-01-2025,January,2025,Appetizer,French Fries,https://i.ibb.co/23d8CKt3/fries.png,Loaded Fries,3,11.92,35.76,14.93,4.18,16.65,Zomato,Cash
O01367,04-03-2025,March,2025,Beverage,Hot Drinks,https://i.ibb.co/mFCQYCrw/hot.png,Cappuccino,3,6.44,19.32,8.68,2.27,8.37,UberEats,Online
O01368,18-12-2025,December,2025,Beverage,Hot Drinks,https://i.ibb.co/mFCQYCrw/hot.png,Green Tea,3,4.87,14.61,4.52,1.73,8.36,Zomato,Cash
O01369,14-06-2025,June,2025,Main Menu,Club Veg,https://i.ibb.co/7tVrrcM1/clubveg.png,Triple Cheese Club,3,17.43,52.29,23.5,8.71,20.08,UberEats,Online
O01370,07-11-2025,November,2025,Appetizer,Macaroni,https://i.ibb.co/zVLCV731/macaroni.png,Classic Mac,4,13.39,53.56,18.07,7.35,28.14,UberEats,Online
O01371,04-12-2025,December,2025,Beverage,Juice,https://i.ibb.co/bM9d4qvH/juice.png,Mixed Fruit Juice,1,6.44,6.44,2.13,1.01,3.3,UberEats,Card
O01372,15-03-2025,March,2025,Beverage,Juice,https://i.ibb.co/bM9d4qvH/juice.png,Mango Juice,4,5.51,22.04,8.68,2.32,11.04,In-Store,Cash
O01373,11-12-2025,December,2025,Beverage,Hot Drinks,https://i.ibb.co/mFCQYCrw/hot.png,Cappuccino,2,6.56,13.12,3.96,2.47,6.69,In-Store,Cash
O01374,06-12-2025,December,2025,Beverage,Juice,https://i.ibb.co/bM9d4qvH/juice.png,Mango Juice,3,5.66,16.98,6.61,2.05,8.32,Zomato,Card
O01375,25-12-2025,December,2025,Main Menu,Veg Mania,https://i.ibb.co/svfg0hg2/vegmania.png,Veg Overload,4,19.7,78.8,26.49,8,44.31,Swiggy,Card
O01376,16-07-2025,July,2025,Appetizer,Burger,https://i.ibb.co/KjvbDYc5/burger.png,Paneer Burger,3,6.72,20.16,6.49,3.42,10.25,In-Store,Cash
O01377,11-03-2025,March,2025,Beverage,Hot Drinks,https://i.ibb.co/mFCQYCrw/hot.png,Espresso,3,7.91,23.73,7.13,3.89,12.71,UberEats,Card
O01378,04-11-2025,November,2025,Main Menu,Club Veg,https://i.ibb.co/7tVrrcM1/clubveg.png,Corn & Mayo Club,4,19.21,76.84,25.46,8.24,43.14,In-Store,Online
O01379,25-04-2025,April,2025,Appetizer,Burger,https://i.ibb.co/KjvbDYc5/burger.png,Paneer Burger,2,9.22,18.44,6.98,2.33,9.13,Swiggy,Cash
O01380,24-06-2025,June,2025,Beverage,Juice,https://i.ibb.co/bM9d4qvH/juice.png,Orange Juice,3,8.63,25.89,9.08,3.63,13.18,UberEats,Card
O01381,14-07-2025,July,2025,Beverage,Juice,https://i.ibb.co/bM9d4qvH/juice.png,Watermelon Juice,1,6.48,6.48,2.62,0.81,3.05,Swiggy,Card
O01382,05-08-2025,August,2025,Appetizer,Macaroni,https://i.ibb.co/zVLCV731/macaroni.png,Cheese Mac,2,6.84,13.68,4.42,1.87,7.39,Zomato,Cash
O01383,05-01-2025,January,2025,Beverage,Hot Drinks,https://i.ibb.co/mFCQYCrw/hot.png,Hot Chocolate,2,4.76,9.52,3.37,1.34,4.81,Zomato,UPI
O01384,13-09-2025,September,2025,Beverage,Hot Drinks,https://i.ibb.co/mFCQYCrw/hot.png,Cappuccino,3,5.9,17.7,6.98,1.98,8.74,UberEats,Card
O01385,07-12-2025,December,2025,Beverage,Juice,https://i.ibb.co/bM9d4qvH/juice.png,Watermelon Juice,4,7.9,31.6,11.87,4.72,15.01,UberEats,Cash
O01386,28-12-2025,December,2025,Beverage,Hot Drinks,https://i.ibb.co/mFCQYCrw/hot.png,Cappuccino,3,6.51,19.53,6.97,3.6,8.96,In-Store,UPI
O01387,12-07-2025,July,2025,Main Menu,Club Veg,https://i.ibb.co/7tVrrcM1/clubveg.png,Veggie Club Special,3,16.51,49.53,17.76,8.25,23.52,Zomato,Card
O01388,27-01-2025,January,2025,Main Menu,Pizza,https://i.ibb.co/vx6T9K8X/pizza-1.png,Veggie Paradise,3,12.21,36.63,15.06,6.44,15.13,UberEats,Card
O01389,08-10-2025,October,2025,Appetizer,Macaroni,https://i.ibb.co/zVLCV731/macaroni.png,Spicy Mac,2,7.33,14.66,4.42,1.6,8.64,In-Store,UPI
O01390,20-07-2025,July,2025,Main Menu,Club Veg,https://i.ibb.co/7tVrrcM1/clubveg.png,Spicy Club,3,18.92,56.76,19.9,5.78,31.08,Zomato,Online
O01391,09-03-2025,March,2025,Appetizer,French Fries,https://i.ibb.co/23d8CKt3/fries.png,Salted Fries,3,10.4,31.2,13.65,5.22,12.33,UberEats,Online
O01392,25-03-2025,March,2025,Beverage,Juice,https://i.ibb.co/bM9d4qvH/juice.png,Mixed Fruit Juice,3,8.41,25.23,10.79,2.92,11.52,In-Store,UPI
O01393,18-04-2025,April,2025,Main Menu,Sandwich,https://i.ibb.co/fzhvYTxp/sandwich.png,Grilled Veg,2,18.43,36.86,11.34,6.87,18.65,UberEats,Cash
O01394,17-03-2025,March,2025,Appetizer,Macaroni,https://i.ibb.co/zVLCV731/macaroni.png,Cheese Mac,3,13.2,39.6,13.96,7.64,18,Swiggy,Cash
O01395,31-08-2025,August,2025,Main Menu,Veg Mania,https://i.ibb.co/svfg0hg2/vegmania.png,Paneer Delight,2,15.49,30.98,13.76,5.5,11.72,UberEats,Online
O01396,18-11-2025,November,2025,Beverage,Hot Drinks,https://i.ibb.co/mFCQYCrw/hot.png,Cappuccino,2,7.03,14.06,4.63,2.57,6.86,Swiggy,Cash
O01397,23-07-2025,July,2025,Appetizer,Macaroni,https://i.ibb.co/zVLCV731/macaroni.png,Cheese Mac,3,12.1,36.3,12.98,5.24,18.08,In-Store,Cash
O01398,29-11-2025,November,2025,Appetizer,Macaroni,https://i.ibb.co/zVLCV731/macaroni.png,Spicy Mac,4,6.82,27.28,12.14,3.96,11.18,UberEats,Cash
O01399,01-03-2025,March,2025,Main Menu,Veg Mania,https://i.ibb.co/svfg0hg2/vegmania.png,Veg Overload,3,13.89,41.67,16.99,8.3,16.38,Zomato,Cash
O01400,21-10-2025,October,2025,Beverage,Hot Drinks,https://i.ibb.co/mFCQYCrw/hot.png,Hot Chocolate,2,5.47,10.94,3.42,1.89,5.63,Swiggy,Card
O01401,05-09-2025,September,2025,Beverage,Hot Drinks,https://i.ibb.co/mFCQYCrw/hot.png,Hot Chocolate,4,7.91,31.64,9.59,5.16,16.89,Zomato,Cash
O01402,02-02-2025,February,2025,Beverage,Juice,https://i.ibb.co/bM9d4qvH/juice.png,Mixed Fruit Juice,1,6.83,6.83,2.43,0.93,3.47,Swiggy,Online
O01403,02-10-2025,October,2025,Beverage,Hot Drinks,https://i.ibb.co/mFCQYCrw/hot.png,Espresso,1,8.04,8.04,3.48,1.19,3.37,Swiggy,Card
O01404,02-03-2025,March,2025,Main Menu,Sandwich,https://i.ibb.co/fzhvYTxp/sandwich.png,Grilled Veg,1,13.16,13.16,5.79,2.27,5.1,In-Store,UPI
O01405,21-01-2025,January,2025,Main Menu,Sandwich,https://i.ibb.co/fzhvYTxp/sandwich.png,Cheese Chilli,2,16.48,32.96,13.27,5.63,14.06,Swiggy,UPI
O01406,13-02-2025,February,2025,Main Menu,Club Veg,https://i.ibb.co/7tVrrcM1/clubveg.png,Spicy Club,3,10.77,32.31,10.09,3.86,18.36,Zomato,Online
O01407,01-01-2025,January,2025,Main Menu,Club Veg,https://i.ibb.co/7tVrrcM1/clubveg.png,Triple Cheese Club,4,14.09,56.36,24.28,6.97,25.11,UberEats,Online
O01408,23-10-2025,October,2025,Appetizer,French Fries,https://i.ibb.co/23d8CKt3/fries.png,Cheese Fries,4,9.09,36.36,13.68,4.52,18.16,UberEats,Card
O01409,20-02-2025,February,2025,Beverage,Juice,https://i.ibb.co/bM9d4qvH/juice.png,Mango Juice,4,4.84,19.36,8.02,3.68,7.66,Swiggy,Card
O01410,03-06-2025,June,2025,Main Menu,Sandwich,https://i.ibb.co/fzhvYTxp/sandwich.png,Cheese Chilli,4,11.05,44.2,17.58,8.06,18.56,UberEats,UPI
O01411,15-11-2025,November,2025,Appetizer,Burger,https://i.ibb.co/KjvbDYc5/burger.png,Paneer Burger,2,6.58,13.16,4.77,2.23,6.16,UberEats,Online
O01412,25-03-2025,March,2025,Appetizer,Macaroni,https://i.ibb.co/zVLCV731/macaroni.png,Classic Mac,3,13.99,41.97,15.85,4.35,21.77,UberEats,Online
O01413,15-03-2025,March,2025,Beverage,Juice,https://i.ibb.co/bM9d4qvH/juice.png,Orange Juice,4,8.6,34.4,12.63,6.73,15.04,UberEats,Card
O01414,10-07-2025,July,2025,Beverage,Juice,https://i.ibb.co/bM9d4qvH/juice.png,Mixed Fruit Juice,3,5.56,16.68,5.17,2.44,9.07,Zomato,UPI
O01415,14-07-2025,July,2025,Main Menu,Sandwich,https://i.ibb.co/fzhvYTxp/sandwich.png,Grilled Veg,1,14.7,14.7,4.98,2.65,7.07,UberEats,Cash
O01416,26-02-2025,February,2025,Beverage,Hot Drinks,https://i.ibb.co/mFCQYCrw/hot.png,Espresso,1,6.52,6.52,2.77,1.08,2.67,UberEats,Cash
O01417,20-06-2025,June,2025,Appetizer,Burger,https://i.ibb.co/KjvbDYc5/burger.png,Veg Cheese Burger,4,13.48,53.92,21.66,8.23,24.03,UberEats,Cash
O01418,13-07-2025,July,2025,Main Menu,Pizza,https://i.ibb.co/vx6T9K8X/pizza-1.png,Margherita,1,15.81,15.81,7.04,2.99,5.78,Swiggy,Card
O01419,06-06-2025,June,2025,Beverage,Hot Drinks,https://i.ibb.co/mFCQYCrw/hot.png,Espresso,1,6.65,6.65,2.64,1.26,2.75,UberEats,UPI
O01420,19-05-2025,May,2025,Beverage,Juice,https://i.ibb.co/bM9d4qvH/juice.png,Orange Juice,2,6.54,13.08,5.38,1.67,6.03,Zomato,UPI
O01421,03-04-2025,April,2025,Appetizer,French Fries,https://i.ibb.co/23d8CKt3/fries.png,Loaded Fries,1,6.71,6.71,2.74,1.1,2.87,In-Store,Card
O01422,05-01-2025,January,2025,Beverage,Juice,https://i.ibb.co/bM9d4qvH/juice.png,Mango Juice,2,6.21,12.42,4.65,1.65,6.12,Zomato,Online
O01423,17-05-2025,May,2025,Main Menu,Club Veg,https://i.ibb.co/7tVrrcM1/clubveg.png,Veggie Club Special,1,18.57,18.57,7.1,3.34,8.13,In-Store,Online
O01424,13-08-2025,August,2025,Appetizer,Macaroni,https://i.ibb.co/zVLCV731/macaroni.png,Veg Loaded Mac,4,13.68,54.72,23.71,7.27,23.74,UberEats,Online
O01425,28-04-2025,April,2025,Appetizer,French Fries,https://i.ibb.co/23d8CKt3/fries.png,Salted Fries,1,10.1,10.1,4.16,1.22,4.72,UberEats,Online
O01426,16-02-2025,February,2025,Beverage,Juice,https://i.ibb.co/bM9d4qvH/juice.png,Orange Juice,3,4.95,14.85,4.9,2.12,7.83,Zomato,Cash
O01427,22-10-2025,October,2025,Main Menu,Veg Mania,https://i.ibb.co/svfg0hg2/vegmania.png,Corn Supreme,2,19.15,38.3,16.07,4.86,17.37,In-Store,Cash
O01428,13-12-2025,December,2025,Beverage,Juice,https://i.ibb.co/bM9d4qvH/juice.png,Mixed Fruit Juice,2,4.69,9.38,3.18,1.35,4.85,In-Store,Cash
O01429,08-01-2025,January,2025,Beverage,Juice,https://i.ibb.co/bM9d4qvH/juice.png,Orange Juice,4,8.74,34.96,14.6,5.22,15.14,In-Store,UPI
O01430,05-12-2025,December,2025,Beverage,Juice,https://i.ibb.co/bM9d4qvH/juice.png,Mixed Fruit Juice,2,7.67,15.34,6.63,2.32,6.39,Zomato,Card
O01431,08-02-2025,February,2025,Appetizer,Burger,https://i.ibb.co/KjvbDYc5/burger.png,Paneer Burger,1,10.5,10.5,3.75,2.05,4.7,Swiggy,Online
O01432,14-07-2025,July,2025,Main Menu,Club Veg,https://i.ibb.co/7tVrrcM1/clubveg.png,Triple Cheese Club,2,17.08,34.16,10.36,5.89,17.91,UberEats,Card
O01433,02-03-2025,March,2025,Appetizer,Macaroni,https://i.ibb.co/zVLCV731/macaroni.png,Spicy Mac,2,10.76,21.52,9.68,3.49,8.35,UberEats,UPI
O01434,02-01-2025,January,2025,Beverage,Hot Drinks,https://i.ibb.co/mFCQYCrw/hot.png,Cappuccino,4,5.44,21.76,9.27,4.35,8.14,UberEats,Cash
O01435,13-11-2025,November,2025,Appetizer,Burger,https://i.ibb.co/KjvbDYc5/burger.png,Paneer Burger,2,8.56,17.12,6.68,1.82,8.62,Swiggy,Online
O01436,02-06-2025,June,2025,Appetizer,Burger,https://i.ibb.co/KjvbDYc5/burger.png,Aloo Tikki Burger,4,7.84,31.36,11.04,3.97,16.35,UberEats,Card
O01437,01-07-2025,July,2025,Main Menu,Veg Mania,https://i.ibb.co/svfg0hg2/vegmania.png,Veg Overload,2,19.49,38.98,14.54,6.64,17.8,In-Store,Card
O01438,28-09-2025,September,2025,Beverage,Juice,https://i.ibb.co/bM9d4qvH/juice.png,Mixed Fruit Juice,2,5.78,11.56,5.09,2.04,4.43,Swiggy,Online
O01439,21-03-2025,March,2025,Beverage,Hot Drinks,https://i.ibb.co/mFCQYCrw/hot.png,Cappuccino,2,8.12,16.24,6.81,2.51,6.92,In-Store,Online
O01440,03-06-2025,June,2025,Appetizer,Macaroni,https://i.ibb.co/zVLCV731/macaroni.png,Cheese Mac,1,12.03,12.03,3.82,1.84,6.37,UberEats,Cash
O01441,03-12-2025,December,2025,Appetizer,Burger,https://i.ibb.co/KjvbDYc5/burger.png,Veg Cheese Burger,2,10.74,21.48,7.6,3.02,10.86,UberEats,Online
O01442,03-07-2025,July,2025,Beverage,Juice,https://i.ibb.co/bM9d4qvH/juice.png,Orange Juice,4,4.56,18.24,8.07,2.52,7.65,Zomato,UPI
O01443,10-03-2025,March,2025,Appetizer,Macaroni,https://i.ibb.co/zVLCV731/macaroni.png,Veg Loaded Mac,4,11.72,46.88,14.53,8,24.35,Swiggy,Card
O01444,12-04-2025,April,2025,Appetizer,French Fries,https://i.ibb.co/23d8CKt3/fries.png,Cheese Fries,1,9.11,9.11,2.91,1.25,4.95,Swiggy,Online
O01445,09-10-2025,October,2025,Appetizer,French Fries,https://i.ibb.co/23d8CKt3/fries.png,Peri Peri Fries,1,7.77,7.77,3.45,1.25,3.07,UberEats,Online
O01446,19-07-2025,July,2025,Main Menu,Veg Mania,https://i.ibb.co/svfg0hg2/vegmania.png,Paneer Delight,1,18.41,18.41,5.76,3.33,9.32,Swiggy,Card
O01447,26-06-2025,June,2025,Beverage,Juice,https://i.ibb.co/bM9d4qvH/juice.png,Mango Juice,3,8.58,25.74,9.07,4.95,11.72,Swiggy,UPI
O01448,02-11-2025,November,2025,Beverage,Juice,https://i.ibb.co/bM9d4qvH/juice.png,Mixed Fruit Juice,2,8.37,16.74,7.03,2.53,7.18,In-Store,UPI
O01449,06-09-2025,September,2025,Main Menu,Pizza,https://i.ibb.co/vx6T9K8X/pizza-1.png,Farmhouse,2,18.45,36.9,12.23,5.67,19,Zomato,Card
O01450,24-05-2025,May,2025,Main Menu,Club Veg,https://i.ibb.co/7tVrrcM1/clubveg.png,Veggie Club Special,1,16.27,16.27,6.82,1.93,7.52,In-Store,Card
O01451,28-12-2025,December,2025,Main Menu,Sandwich,https://i.ibb.co/fzhvYTxp/sandwich.png,Cheese Chilli,4,19.99,79.96,32.81,8.64,38.51,Zomato,Card
O01452,09-03-2025,March,2025,Appetizer,Burger,https://i.ibb.co/KjvbDYc5/burger.png,Paneer Burger,1,12.87,12.87,5.6,2.48,4.79,Zomato,Card
O01453,10-01-2025,January,2025,Beverage,Juice,https://i.ibb.co/bM9d4qvH/juice.png,Orange Juice,3,4.38,13.14,5.65,1.97,5.52,Swiggy,Online
O01454,26-09-2025,September,2025,Appetizer,French Fries,https://i.ibb.co/23d8CKt3/fries.png,Peri Peri Fries,4,11.72,46.88,15.39,8.46,23.03,Zomato,UPI
O01455,03-09-2025,September,2025,Main Menu,Pizza,https://i.ibb.co/vx6T9K8X/pizza-1.png,Margherita,3,12.69,38.07,17.01,6.46,14.6,UberEats,Cash
O01456,06-07-2025,July,2025,Appetizer,Macaroni,https://i.ibb.co/zVLCV731/macaroni.png,Spicy Mac,2,7.93,15.86,5.81,2.12,7.93,Zomato,UPI
O01457,04-04-2025,April,2025,Main Menu,Veg Mania,https://i.ibb.co/svfg0hg2/vegmania.png,Paneer Delight,4,15.86,63.44,21.49,6.51,35.44,UberEats,Card
O01458,30-08-2025,August,2025,Appetizer,French Fries,https://i.ibb.co/23d8CKt3/fries.png,Salted Fries,2,10.43,20.86,8.62,4.08,8.16,In-Store,Card
O01459,09-09-2025,September,2025,Appetizer,Macaroni,https://i.ibb.co/zVLCV731/macaroni.png,Veg Loaded Mac,1,8.59,8.59,3.1,1.44,4.05,Swiggy,Cash
O01460,07-01-2025,January,2025,Beverage,Juice,https://i.ibb.co/bM9d4qvH/juice.png,Watermelon Juice,1,8.09,8.09,3.11,1.12,3.86,UberEats,UPI
O01461,29-10-2025,October,2025,Beverage,Hot Drinks,https://i.ibb.co/mFCQYCrw/hot.png,Cappuccino,4,6.81,27.24,10.02,3.19,14.03,UberEats,Card
O01462,16-07-2025,July,2025,Main Menu,Veg Mania,https://i.ibb.co/svfg0hg2/vegmania.png,Mushroom Magic,2,19.75,39.5,17.3,5.02,17.18,Swiggy,Cash
O01463,02-12-2025,December,2025,Main Menu,Sandwich,https://i.ibb.co/fzhvYTxp/sandwich.png,Classic Veg,1,15.69,15.69,6.27,3,6.42,Swiggy,Cash
O01464,13-11-2025,November,2025,Appetizer,Macaroni,https://i.ibb.co/zVLCV731/macaroni.png,Spicy Mac,2,10.01,20.02,7.24,2.94,9.84,Zomato,Card
O01465,07-03-2025,March,2025,Main Menu,Pizza,https://i.ibb.co/vx6T9K8X/pizza-1.png,Peppy Paneer,3,11.91,35.73,12.63,4.21,18.89,UberEats,UPI
O01466,19-11-2025,November,2025,Beverage,Juice,https://i.ibb.co/bM9d4qvH/juice.png,Mixed Fruit Juice,1,7.08,7.08,2.92,0.9,3.26,Swiggy,Online
O01467,26-09-2025,September,2025,Beverage,Juice,https://i.ibb.co/bM9d4qvH/juice.png,Mango Juice,1,5.26,5.26,2.29,0.76,2.21,UberEats,Card
O01468,24-01-2025,January,2025,Beverage,Juice,https://i.ibb.co/bM9d4qvH/juice.png,Mango Juice,4,8.72,34.88,14.69,5.31,14.88,In-Store,Online
O01469,30-09-2025,September,2025,Beverage,Juice,https://i.ibb.co/bM9d4qvH/juice.png,Mango Juice,2,4.65,9.3,4.04,1.66,3.6,In-Store,Online
O01470,19-07-2025,July,2025,Appetizer,French Fries,https://i.ibb.co/23d8CKt3/fries.png,Cheese Fries,1,6.69,6.69,2.26,0.69,3.74,Zomato,Card
O01471,23-03-2025,March,2025,Beverage,Juice,https://i.ibb.co/bM9d4qvH/juice.png,Orange Juice,4,7.64,30.56,11.87,4.35,14.34,In-Store,UPI
O01472,23-04-2025,April,2025,Appetizer,French Fries,https://i.ibb.co/23d8CKt3/fries.png,Cheese Fries,2,8.45,16.9,6.1,2.51,8.29,Swiggy,Card
O01473,24-01-2025,January,2025,Beverage,Juice,https://i.ibb.co/bM9d4qvH/juice.png,Watermelon Juice,4,8.09,32.36,11.1,3.47,17.79,Swiggy,Card
O01474,10-03-2025,March,2025,Appetizer,Burger,https://i.ibb.co/KjvbDYc5/burger.png,Veg Cheese Burger,3,11.95,35.85,12.97,4.08,18.8,Zomato,Cash
O01475,29-11-2025,November,2025,Appetizer,French Fries,https://i.ibb.co/23d8CKt3/fries.png,Cheese Fries,2,10.2,20.4,6.33,2.97,11.1,UberEats,Cash
O01476,09-10-2025,October,2025,Appetizer,French Fries,https://i.ibb.co/23d8CKt3/fries.png,Peri Peri Fries,2,8.05,16.1,5.92,2.83,7.35,In-Store,UPI
O01477,30-01-2025,January,2025,Beverage,Juice,https://i.ibb.co/bM9d4qvH/juice.png,Watermelon Juice,3,6.47,19.41,6.09,2.91,10.41,Zomato,UPI
O01478,12-05-2025,May,2025,Main Menu,Veg Mania,https://i.ibb.co/svfg0hg2/vegmania.png,Veg Overload,2,17.24,34.48,13.89,6.41,14.18,UberEats,Card
O01479,23-04-2025,April,2025,Appetizer,Macaroni,https://i.ibb.co/zVLCV731/macaroni.png,Cheese Mac,4,12.92,51.68,18.67,7.38,25.63,In-Store,Card
O01480,29-04-2025,April,2025,Beverage,Hot Drinks,https://i.ibb.co/mFCQYCrw/hot.png,Hot Chocolate,3,6.61,19.83,6.9,2.25,10.68,Zomato,Online
O01481,11-09-2025,September,2025,Main Menu,Pizza,https://i.ibb.co/vx6T9K8X/pizza-1.png,Farmhouse,1,15.72,15.72,6.62,2.18,6.92,Zomato,Card
O01482,09-09-2025,September,2025,Beverage,Juice,https://i.ibb.co/bM9d4qvH/juice.png,Watermelon Juice,4,5.53,22.12,7.74,3.86,10.52,Swiggy,UPI
O01483,01-04-2025,April,2025,Appetizer,French Fries,https://i.ibb.co/23d8CKt3/fries.png,Peri Peri Fries,1,7.04,7.04,2.79,1.32,2.93,Swiggy,Card
O01484,07-08-2025,August,2025,Main Menu,Pizza,https://i.ibb.co/vx6T9K8X/pizza-1.png,Veggie Paradise,3,18.31,54.93,23.55,8.97,22.41,Swiggy,Card
O01485,07-01-2025,January,2025,Beverage,Juice,https://i.ibb.co/bM9d4qvH/juice.png,Mixed Fruit Juice,4,6.78,27.12,9.2,5.09,12.83,In-Store,Cash
O01486,07-01-2025,January,2025,Beverage,Juice,https://i.ibb.co/bM9d4qvH/juice.png,Mango Juice,1,4.09,4.09,1.65,0.42,2.02,Zomato,Cash
O01487,15-03-2025,March,2025,Beverage,Juice,https://i.ibb.co/bM9d4qvH/juice.png,Orange Juice,3,5.76,17.28,5.72,3.11,8.45,Swiggy,UPI
O01488,13-02-2025,February,2025,Main Menu,Sandwich,https://i.ibb.co/fzhvYTxp/sandwich.png,Classic Veg,2,14.15,28.3,11.9,4.42,11.98,In-Store,Card
O01489,19-06-2025,June,2025,Appetizer,Burger,https://i.ibb.co/KjvbDYc5/burger.png,Veg Cheese Burger,4,11.29,45.16,17.68,6.24,21.24,Swiggy,UPI
O01490,06-10-2025,October,2025,Main Menu,Veg Mania,https://i.ibb.co/svfg0hg2/vegmania.png,Paneer Delight,3,10.25,30.75,10.97,4.01,15.77,Swiggy,UPI
O01491,19-09-2025,September,2025,Appetizer,Burger,https://i.ibb.co/KjvbDYc5/burger.png,Aloo Tikki Burger,1,12.54,12.54,4.26,1.56,6.72,Zomato,Cash
O01492,07-08-2025,August,2025,Appetizer,Burger,https://i.ibb.co/KjvbDYc5/burger.png,Paneer Burger,1,8.71,8.71,2.92,1.49,4.3,UberEats,Card
O01493,16-07-2025,July,2025,Beverage,Juice,https://i.ibb.co/bM9d4qvH/juice.png,Mixed Fruit Juice,1,8.29,8.29,2.68,1.41,4.2,Zomato,Cash
O01494,22-02-2025,February,2025,Appetizer,Macaroni,https://i.ibb.co/zVLCV731/macaroni.png,Classic Mac,4,9.75,39,16.22,4.19,18.59,UberEats,Cash
O01495,13-02-2025,February,2025,Main Menu,Sandwich,https://i.ibb.co/fzhvYTxp/sandwich.png,Cheese Chilli,1,14.28,14.28,5.52,2.55,6.21,In-Store,UPI
O01496,03-04-2025,April,2025,Beverage,Hot Drinks,https://i.ibb.co/mFCQYCrw/hot.png,Cappuccino,2,6.75,13.5,5.68,1.97,5.85,UberEats,UPI
O01497,23-02-2025,February,2025,Appetizer,Macaroni,https://i.ibb.co/zVLCV731/macaroni.png,Veg Loaded Mac,4,13.47,53.88,17.42,8.97,27.49,UberEats,Cash
O01498,18-03-2025,March,2025,Beverage,Juice,https://i.ibb.co/bM9d4qvH/juice.png,Watermelon Juice,1,4.89,4.89,1.64,0.95,2.3,Zomato,Online
O01499,02-09-2025,September,2025,Main Menu,Veg Mania,https://i.ibb.co/svfg0hg2/vegmania.png,Veg Overload,4,11.13,44.52,17.63,8.25,18.64,UberEats,Card
O01500,15-06-2025,June,2025,Main Menu,Sandwich,https://i.ibb.co/fzhvYTxp/sandwich.png,Classic Veg,1,18.82,18.82,5.86,3.75,9.21,UberEats,UPI
O01501,06-08-2025,August,2025,Appetizer,French Fries,https://i.ibb.co/23d8CKt3/fries.png,Loaded Fries,2,8.3,16.6,6.27,2.63,7.7,UberEats,Card
O01502,06-05-2025,May,2025,Appetizer,Macaroni,https://i.ibb.co/zVLCV731/macaroni.png,Spicy Mac,3,13.7,41.1,17.49,6.46,17.15,In-Store,Card
O01503,12-02-2025,February,2025,Beverage,Hot Drinks,https://i.ibb.co/mFCQYCrw/hot.png,Cappuccino,1,5.43,5.43,2.12,0.87,2.44,Swiggy,Card
O01504,02-01-2025,January,2025,Main Menu,Veg Mania,https://i.ibb.co/svfg0hg2/vegmania.png,Corn Supreme,2,19.73,39.46,17.2,7.79,14.47,In-Store,Card
O01505,31-01-2025,January,2025,Appetizer,Macaroni,https://i.ibb.co/zVLCV731/macaroni.png,Cheese Mac,2,13.05,26.1,8.95,3.94,13.21,UberEats,Online
O01506,10-10-2025,October,2025,Appetizer,Burger,https://i.ibb.co/KjvbDYc5/burger.png,Veg Cheese Burger,4,6.4,25.6,9.33,3.3,12.97,Zomato,Cash
O01507,12-03-2025,March,2025,Main Menu,Sandwich,https://i.ibb.co/fzhvYTxp/sandwich.png,Classic Veg,2,14.53,29.06,11.28,3.31,14.47,Swiggy,Online
O01508,28-01-2025,January,2025,Beverage,Juice,https://i.ibb.co/bM9d4qvH/juice.png,Orange Juice,3,6.76,20.28,7.05,3.51,9.72,In-Store,Card
O01509,17-03-2025,March,2025,Appetizer,Burger,https://i.ibb.co/KjvbDYc5/burger.png,Aloo Tikki Burger,4,13.51,54.04,23.2,8.45,22.39,Zomato,Cash
O01510,19-10-2025,October,2025,Appetizer,Burger,https://i.ibb.co/KjvbDYc5/burger.png,Veg Cheese Burger,4,8.66,34.64,12.46,4.56,17.62,In-Store,Card
O01511,28-09-2025,September,2025,Beverage,Hot Drinks,https://i.ibb.co/mFCQYCrw/hot.png,Green Tea,3,5.43,16.29,7.33,1.94,7.02,In-Store,UPI
O01512,27-11-2025,November,2025,Beverage,Juice,https://i.ibb.co/bM9d4qvH/juice.png,Watermelon Juice,2,4.49,8.98,2.84,1.1,5.04,Swiggy,Card
O01513,25-11-2025,November,2025,Main Menu,Sandwich,https://i.ibb.co/fzhvYTxp/sandwich.png,Cheese Chilli,3,14.33,42.99,18.17,8.42,16.4,Swiggy,Online
O01514,15-12-2025,December,2025,Appetizer,French Fries,https://i.ibb.co/23d8CKt3/fries.png,Cheese Fries,2,10.52,21.04,8.75,2.21,10.08,UberEats,Card
O01515,22-03-2025,March,2025,Appetizer,Burger,https://i.ibb.co/KjvbDYc5/burger.png,Spicy Bean Burger,1,12.36,12.36,4.65,1.3,6.41,Zomato,Card
O01516,13-11-2025,November,2025,Main Menu,Sandwich,https://i.ibb.co/fzhvYTxp/sandwich.png,Classic Veg,3,19.36,58.08,23.61,8.61,25.86,Zomato,Cash
O01517,28-08-2025,August,2025,Appetizer,Macaroni,https://i.ibb.co/zVLCV731/macaroni.png,Spicy Mac,2,13.8,27.6,11.38,3.41,12.81,In-Store,Card
O01518,10-07-2025,July,2025,Beverage,Hot Drinks,https://i.ibb.co/mFCQYCrw/hot.png,Cappuccino,4,6.59,26.36,10.58,3.7,12.08,UberEats,Cash
O01519,09-02-2025,February,2025,Appetizer,French Fries,https://i.ibb.co/23d8CKt3/fries.png,Cheese Fries,1,6.71,6.71,2.34,1.3,3.07,Swiggy,Card
O01520,25-03-2025,March,2025,Beverage,Juice,https://i.ibb.co/bM9d4qvH/juice.png,Orange Juice,2,5.95,11.9,4.68,1.38,5.84,Zomato,Cash
O01521,07-04-2025,April,2025,Beverage,Juice,https://i.ibb.co/bM9d4qvH/juice.png,Orange Juice,1,8.57,8.57,3.5,1.5,3.57,Zomato,UPI
O01522,19-10-2025,October,2025,Beverage,Juice,https://i.ibb.co/bM9d4qvH/juice.png,Mixed Fruit Juice,3,5.65,16.95,6.14,2.46,8.35,Swiggy,Cash
O01523,17-02-2025,February,2025,Appetizer,Burger,https://i.ibb.co/KjvbDYc5/burger.png,Paneer Burger,2,6.57,13.14,4.79,1.82,6.53,UberEats,Online
O01524,10-04-2025,April,2025,Appetizer,Macaroni,https://i.ibb.co/zVLCV731/macaroni.png,Veg Loaded Mac,2,10.82,21.64,7.55,3.52,10.57,Zomato,Cash
O01525,28-07-2025,July,2025,Beverage,Juice,https://i.ibb.co/bM9d4qvH/juice.png,Mango Juice,4,8.55,34.2,12.16,4.19,17.85,Swiggy,Online
O01526,28-10-2025,October,2025,Main Menu,Club Veg,https://i.ibb.co/7tVrrcM1/clubveg.png,Veggie Club Special,2,18.15,36.3,13.79,4.73,17.78,Zomato,Online
O01527,17-11-2025,November,2025,Main Menu,Sandwich,https://i.ibb.co/fzhvYTxp/sandwich.png,Cheese Chilli,4,11.8,47.2,15.24,5.97,25.99,Zomato,Card
O01528,22-09-2025,September,2025,Beverage,Hot Drinks,https://i.ibb.co/mFCQYCrw/hot.png,Green Tea,4,7.66,30.64,10.76,5.69,14.19,Zomato,UPI
O01529,04-07-2025,July,2025,Beverage,Hot Drinks,https://i.ibb.co/mFCQYCrw/hot.png,Espresso,4,4.96,19.84,7.4,3.38,9.06,In-Store,Card
O01530,09-11-2025,November,2025,Beverage,Juice,https://i.ibb.co/bM9d4qvH/juice.png,Mango Juice,2,4.05,8.1,2.82,1.19,4.09,In-Store,Cash
O01531,15-03-2025,March,2025,Appetizer,French Fries,https://i.ibb.co/23d8CKt3/fries.png,Salted Fries,2,13.45,26.9,8.5,4.95,13.45,In-Store,Cash
O01532,10-06-2025,June,2025,Main Menu,Club Veg,https://i.ibb.co/7tVrrcM1/clubveg.png,Veggie Club Special,1,16.59,16.59,7.22,3.2,6.17,Swiggy,UPI
O01533,06-07-2025,July,2025,Appetizer,Burger,https://i.ibb.co/KjvbDYc5/burger.png,Aloo Tikki Burger,2,9.93,19.86,6.29,2.22,11.35,Zomato,Online
O01534,31-08-2025,August,2025,Appetizer,Macaroni,https://i.ibb.co/zVLCV731/macaroni.png,Cheese Mac,1,10.24,10.24,3.42,1.23,5.59,Swiggy,Online
O01535,06-07-2025,July,2025,Appetizer,Macaroni,https://i.ibb.co/zVLCV731/macaroni.png,Spicy Mac,3,11.15,33.45,13.87,4.54,15.04,Zomato,Online
O01536,20-09-2025,September,2025,Beverage,Hot Drinks,https://i.ibb.co/mFCQYCrw/hot.png,Hot Chocolate,1,8.01,8.01,2.98,1.13,3.9,Swiggy,Online
O01537,19-08-2025,August,2025,Appetizer,French Fries,https://i.ibb.co/23d8CKt3/fries.png,Salted Fries,3,7.6,22.8,9.06,3.15,10.59,Swiggy,Card
O01538,15-10-2025,October,2025,Main Menu,Sandwich,https://i.ibb.co/fzhvYTxp/sandwich.png,Grilled Veg,4,16.72,66.88,26.24,9.44,31.2,UberEats,Online
O01539,19-10-2025,October,2025,Appetizer,Burger,https://i.ibb.co/KjvbDYc5/burger.png,Veg Cheese Burger,1,6.39,6.39,2.73,1.2,2.46,In-Store,Online
O01540,17-02-2025,February,2025,Appetizer,Macaroni,https://i.ibb.co/zVLCV731/macaroni.png,Spicy Mac,4,11.25,45,17.88,7.64,19.48,In-Store,Cash
O01541,03-04-2025,April,2025,Beverage,Juice,https://i.ibb.co/bM9d4qvH/juice.png,Mixed Fruit Juice,1,5.6,5.6,2.11,0.65,2.84,In-Store,Card
O01542,18-06-2025,June,2025,Main Menu,Club Veg,https://i.ibb.co/7tVrrcM1/clubveg.png,Spicy Club,1,14.46,14.46,5.03,2.55,6.88,In-Store,Card
O01543,01-09-2025,September,2025,Main Menu,Club Veg,https://i.ibb.co/7tVrrcM1/clubveg.png,Corn & Mayo Club,2,13.1,26.2,10.19,4.03,11.98,Swiggy,Card
O01544,16-03-2025,March,2025,Beverage,Juice,https://i.ibb.co/bM9d4qvH/juice.png,Watermelon Juice,1,4.36,4.36,1.81,0.5,2.05,Swiggy,Online
O01545,05-07-2025,July,2025,Appetizer,Macaroni,https://i.ibb.co/zVLCV731/macaroni.png,Cheese Mac,4,13.06,52.24,21.87,6.49,23.88,Swiggy,Card
O01546,17-12-2025,December,2025,Appetizer,Macaroni,https://i.ibb.co/zVLCV731/macaroni.png,Veg Loaded Mac,1,6.74,6.74,2.85,0.92,2.97,Zomato,Cash
O01547,05-02-2025,February,2025,Appetizer,Macaroni,https://i.ibb.co/zVLCV731/macaroni.png,Classic Mac,3,11.42,34.26,12.21,5.17,16.88,UberEats,Online
O01548,26-09-2025,September,2025,Main Menu,Club Veg,https://i.ibb.co/7tVrrcM1/clubveg.png,Veggie Club Special,4,19.69,78.76,31.21,10.22,37.33,Swiggy,Cash
O01549,25-06-2025,June,2025,Appetizer,Burger,https://i.ibb.co/KjvbDYc5/burger.png,Veg Cheese Burger,1,12.74,12.74,5.45,1.8,5.49,UberEats,Online
O01550,01-09-2025,September,2025,Beverage,Juice,https://i.ibb.co/bM9d4qvH/juice.png,Mixed Fruit Juice,4,4.38,17.52,5.42,2.48,9.62,UberEats,Online
O01551,15-10-2025,October,2025,Beverage,Juice,https://i.ibb.co/bM9d4qvH/juice.png,Orange Juice,3,6.18,18.54,6.62,2.51,9.41,Zomato,UPI
O01552,12-06-2025,June,2025,Main Menu,Sandwich,https://i.ibb.co/fzhvYTxp/sandwich.png,Classic Veg,2,16.72,33.44,12.72,6.47,14.25,Zomato,Online
O01553,28-02-2025,February,2025,Beverage,Hot Drinks,https://i.ibb.co/mFCQYCrw/hot.png,Hot Chocolate,3,8.21,24.63,10.63,2.56,11.44,Swiggy,Online
O01554,21-11-2025,November,2025,Appetizer,French Fries,https://i.ibb.co/23d8CKt3/fries.png,Salted Fries,1,8.95,8.95,3.96,1.11,3.88,Swiggy,Card
O01555,07-04-2025,April,2025,Appetizer,French Fries,https://i.ibb.co/23d8CKt3/fries.png,Peri Peri Fries,2,6.67,13.34,5.8,1.87,5.67,In-Store,Card
O01556,18-04-2025,April,2025,Main Menu,Veg Mania,https://i.ibb.co/svfg0hg2/vegmania.png,Corn Supreme,3,17.06,51.18,20.13,5.32,25.73,UberEats,Cash
O01557,07-06-2025,June,2025,Beverage,Juice,https://i.ibb.co/bM9d4qvH/juice.png,Mixed Fruit Juice,3,8.16,24.48,9.88,3.4,11.2,In-Store,Online
O01558,30-06-2025,June,2025,Appetizer,French Fries,https://i.ibb.co/23d8CKt3/fries.png,Loaded Fries,3,12.69,38.07,12.8,4.6,20.67,UberEats,Cash
O01559,23-08-2025,August,2025,Appetizer,Macaroni,https://i.ibb.co/zVLCV731/macaroni.png,Cheese Mac,3,12.45,37.35,14.6,6.38,16.37,Zomato,Online
O01560,26-05-2025,May,2025,Beverage,Hot Drinks,https://i.ibb.co/mFCQYCrw/hot.png,Hot Chocolate,1,4.18,4.18,1.3,0.57,2.31,Swiggy,Cash
O01561,15-02-2025,February,2025,Beverage,Juice,https://i.ibb.co/bM9d4qvH/juice.png,Mixed Fruit Juice,1,6.75,6.75,2.34,1.25,3.16,Swiggy,Online
O01562,16-11-2025,November,2025,Beverage,Juice,https://i.ibb.co/bM9d4qvH/juice.png,Mixed Fruit Juice,3,6.01,18.03,5.52,3.58,8.93,Swiggy,UPI
O01563,19-04-2025,April,2025,Main Menu,Pizza,https://i.ibb.co/vx6T9K8X/pizza-1.png,Veggie Paradise,4,11.52,46.08,19.41,5.8,20.87,Swiggy,Card
O01564,05-03-2025,March,2025,Appetizer,Macaroni,https://i.ibb.co/zVLCV731/macaroni.png,Spicy Mac,3,9.63,28.89,12.29,3.65,12.95,In-Store,Cash
O01565,25-04-2025,April,2025,Beverage,Hot Drinks,https://i.ibb.co/mFCQYCrw/hot.png,Hot Chocolate,4,6.69,26.76,9.1,4.26,13.4,UberEats,UPI
O01566,11-12-2025,December,2025,Main Menu,Veg Mania,https://i.ibb.co/svfg0hg2/vegmania.png,Veg Overload,2,10.18,20.36,8.96,2.82,8.58,Swiggy,Cash
O01567,20-03-2025,March,2025,Appetizer,French Fries,https://i.ibb.co/23d8CKt3/fries.png,Cheese Fries,1,6.16,6.16,1.97,0.89,3.3,UberEats,Card
O01568,09-08-2025,August,2025,Main Menu,Pizza,https://i.ibb.co/vx6T9K8X/pizza-1.png,Farmhouse,3,13.03,39.09,14.56,5.83,18.7,In-Store,Cash
O01569,08-08-2025,August,2025,Main Menu,Pizza,https://i.ibb.co/vx6T9K8X/pizza-1.png,Farmhouse,2,18.03,36.06,13.82,5.06,17.18,In-Store,UPI
O01570,23-03-2025,March,2025,Appetizer,Burger,https://i.ibb.co/KjvbDYc5/burger.png,Aloo Tikki Burger,3,6.12,18.36,7.37,3.27,7.72,Zomato,Cash
O01571,23-10-2025,October,2025,Appetizer,French Fries,https://i.ibb.co/23d8CKt3/fries.png,Cheese Fries,3,10.81,32.43,11.62,4.03,16.78,Zomato,UPI
O01572,17-02-2025,February,2025,Main Menu,Veg Mania,https://i.ibb.co/svfg0hg2/vegmania.png,Veg Overload,4,15.22,60.88,22.21,9.88,28.79,Swiggy,Card
O01573,13-11-2025,November,2025,Beverage,Juice,https://i.ibb.co/bM9d4qvH/juice.png,Mixed Fruit Juice,1,6.52,6.52,2.01,1.25,3.26,Swiggy,Card
O01574,21-11-2025,November,2025,Beverage,Hot Drinks,https://i.ibb.co/mFCQYCrw/hot.png,Cappuccino,3,6.86,20.58,7.21,3.63,9.74,Zomato,Card
O01575,10-04-2025,April,2025,Beverage,Juice,https://i.ibb.co/bM9d4qvH/juice.png,Mixed Fruit Juice,4,6.42,25.68,7.83,4.08,13.77,UberEats,Cash
O01576,12-02-2025,February,2025,Main Menu,Veg Mania,https://i.ibb.co/svfg0hg2/vegmania.png,Paneer Delight,2,12.83,25.66,8.03,2.8,14.83,Swiggy,Online
O01577,04-03-2025,March,2025,Main Menu,Sandwich,https://i.ibb.co/fzhvYTxp/sandwich.png,Paneer Tikka,1,16.89,16.89,5.18,2.21,9.5,UberEats,Card
O01578,09-02-2025,February,2025,Appetizer,Macaroni,https://i.ibb.co/zVLCV731/macaroni.png,Cheese Mac,3,12.71,38.13,12.79,7.21,18.13,In-Store,Cash
O01579,12-01-2025,January,2025,Appetizer,Burger,https://i.ibb.co/KjvbDYc5/burger.png,Spicy Bean Burger,4,7.61,30.44,13.68,3.63,13.13,Swiggy,Card
O01580,03-08-2025,August,2025,Appetizer,Macaroni,https://i.ibb.co/zVLCV731/macaroni.png,Spicy Mac,1,9.89,9.89,3.33,1.86,4.7,Zomato,Card
O01581,06-01-2025,January,2025,Main Menu,Veg Mania,https://i.ibb.co/svfg0hg2/vegmania.png,Paneer Delight,3,17.2,51.6,16.29,8.71,26.6,UberEats,UPI
O01582,11-11-2025,November,2025,Beverage,Juice,https://i.ibb.co/bM9d4qvH/juice.png,Mango Juice,4,7.94,31.76,13.36,3.39,15.01,UberEats,Cash
O01583,07-11-2025,November,2025,Main Menu,Veg Mania,https://i.ibb.co/svfg0hg2/vegmania.png,Mushroom Magic,3,15.72,47.16,19.62,7.04,20.5,Zomato,UPI
O01584,22-04-2025,April,2025,Main Menu,Club Veg,https://i.ibb.co/7tVrrcM1/clubveg.png,Veggie Club Special,2,15.84,31.68,11.79,3.39,16.5,Zomato,Cash
O01585,21-12-2025,December,2025,Main Menu,Club Veg,https://i.ibb.co/7tVrrcM1/clubveg.png,Spicy Club,3,13.25,39.75,16.41,7.6,15.74,In-Store,Card
O01586,28-06-2025,June,2025,Beverage,Hot Drinks,https://i.ibb.co/mFCQYCrw/hot.png,Green Tea,3,6.64,19.92,7.43,3.46,9.03,In-Store,Online
O01587,24-07-2025,July,2025,Main Menu,Club Veg,https://i.ibb.co/7tVrrcM1/clubveg.png,Veggie Club Special,3,16.26,48.78,20.02,8.65,20.11,Zomato,UPI
O01588,22-02-2025,February,2025,Beverage,Hot Drinks,https://i.ibb.co/mFCQYCrw/hot.png,Cappuccino,3,6.36,19.08,6.48,3.69,8.91,Zomato,Online
O01589,17-08-2025,August,2025,Appetizer,French Fries,https://i.ibb.co/23d8CKt3/fries.png,Cheese Fries,2,12.03,24.06,9.04,2.59,12.43,UberEats,Cash
O01590,16-07-2025,July,2025,Appetizer,Burger,https://i.ibb.co/KjvbDYc5/burger.png,Paneer Burger,4,11.25,45,20,8.51,16.49,UberEats,Cash
O01591,27-03-2025,March,2025,Main Menu,Club Veg,https://i.ibb.co/7tVrrcM1/clubveg.png,Corn & Mayo Club,3,18.23,54.69,19.02,9.47,26.2,UberEats,UPI
O01592,16-01-2025,January,2025,Main Menu,Sandwich,https://i.ibb.co/fzhvYTxp/sandwich.png,Paneer Tikka,2,17.37,34.74,12.56,5.66,16.52,In-Store,Card
O01593,06-05-2025,May,2025,Main Menu,Sandwich,https://i.ibb.co/fzhvYTxp/sandwich.png,Paneer Tikka,3,17.11,51.33,20.2,5.81,25.32,UberEats,Card
O01594,04-03-2025,March,2025,Main Menu,Club Veg,https://i.ibb.co/7tVrrcM1/clubveg.png,Triple Cheese Club,1,12.76,12.76,4.75,2.41,5.6,UberEats,Card
O01595,18-10-2025,October,2025,Appetizer,Burger,https://i.ibb.co/KjvbDYc5/burger.png,Aloo Tikki Burger,3,12,36,11.35,7.06,17.59,In-Store,UPI
O01596,19-04-2025,April,2025,Beverage,Juice,https://i.ibb.co/bM9d4qvH/juice.png,Orange Juice,4,6.28,25.12,9.43,3.1,12.59,UberEats,Cash
O01597,27-11-2025,November,2025,Appetizer,French Fries,https://i.ibb.co/23d8CKt3/fries.png,Loaded Fries,1,12.24,12.24,4.56,1.81,5.87,UberEats,UPI
O01598,11-04-2025,April,2025,Main Menu,Pizza,https://i.ibb.co/vx6T9K8X/pizza-1.png,Veggie Paradise,1,11.76,11.76,4.41,1.89,5.46,Swiggy,UPI
O01599,03-03-2025,March,2025,Main Menu,Pizza,https://i.ibb.co/vx6T9K8X/pizza-1.png,Farmhouse,2,14.86,29.72,12.29,5.38,12.05,UberEats,Online
O01600,23-10-2025,October,2025,Main Menu,Club Veg,https://i.ibb.co/7tVrrcM1/clubveg.png,Triple Cheese Club,1,12.63,12.63,5.24,2.44,4.95,Swiggy,Online
O01601,09-03-2025,March,2025,Appetizer,Burger,https://i.ibb.co/KjvbDYc5/burger.png,Aloo Tikki Burger,2,8.95,17.9,7.72,1.94,8.24,UberEats,Cash
O01602,29-08-2025,August,2025,Main Menu,Pizza,https://i.ibb.co/vx6T9K8X/pizza-1.png,Peppy Paneer,1,12.93,12.93,4.37,1.82,6.74,UberEats,UPI
O01603,24-07-2025,July,2025,Main Menu,Club Veg,https://i.ibb.co/7tVrrcM1/clubveg.png,Corn & Mayo Club,4,17.95,71.8,31.26,13.44,27.1,Swiggy,Online
O01604,23-12-2025,December,2025,Appetizer,Macaroni,https://i.ibb.co/zVLCV731/macaroni.png,Classic Mac,1,12.83,12.83,5.03,2.01,5.79,UberEats,Cash
O01605,25-04-2025,April,2025,Main Menu,Veg Mania,https://i.ibb.co/svfg0hg2/vegmania.png,Mushroom Magic,3,19.38,58.14,22.23,11.47,24.44,Swiggy,UPI
O01606,12-08-2025,August,2025,Main Menu,Sandwich,https://i.ibb.co/fzhvYTxp/sandwich.png,Grilled Veg,2,15.41,30.82,13.38,6.08,11.36,Zomato,UPI
O01607,03-01-2025,January,2025,Beverage,Juice,https://i.ibb.co/bM9d4qvH/juice.png,Watermelon Juice,2,4.55,9.1,3.2,1.42,4.48,Swiggy,Cash
O01608,05-06-2025,June,2025,Main Menu,Club Veg,https://i.ibb.co/7tVrrcM1/clubveg.png,Spicy Club,2,17.65,35.3,13.47,4.73,17.1,In-Store,UPI
O01609,29-03-2025,March,2025,Main Menu,Pizza,https://i.ibb.co/vx6T9K8X/pizza-1.png,Margherita,3,16.13,48.39,15.71,8.49,24.19,Zomato,UPI
O01610,27-10-2025,October,2025,Appetizer,French Fries,https://i.ibb.co/23d8CKt3/fries.png,Loaded Fries,4,12.24,48.96,15.57,7.5,25.89,Swiggy,Card
O01611,02-09-2025,September,2025,Beverage,Hot Drinks,https://i.ibb.co/mFCQYCrw/hot.png,Hot Chocolate,3,4.24,12.72,4.73,1.95,6.04,UberEats,Online
O01612,17-02-2025,February,2025,Appetizer,Macaroni,https://i.ibb.co/zVLCV731/macaroni.png,Classic Mac,1,8.58,8.58,3.75,1.09,3.74,UberEats,Card
O01613,28-11-2025,November,2025,Beverage,Juice,https://i.ibb.co/bM9d4qvH/juice.png,Orange Juice,2,5.6,11.2,3.79,2.22,5.19,Swiggy,Online
O01614,19-04-2025,April,2025,Main Menu,Sandwich,https://i.ibb.co/fzhvYTxp/sandwich.png,Classic Veg,1,19.25,19.25,6.52,2.29,10.44,In-Store,Card
O01615,23-02-2025,February,2025,Appetizer,Burger,https://i.ibb.co/KjvbDYc5/burger.png,Paneer Burger,4,6,24,9.88,2.59,11.53,UberEats,Online
O01616,20-03-2025,March,2025,Beverage,Juice,https://i.ibb.co/bM9d4qvH/juice.png,Mango Juice,4,6.24,24.96,8.82,3.3,12.84,Zomato,UPI
O01617,20-08-2025,August,2025,Beverage,Juice,https://i.ibb.co/bM9d4qvH/juice.png,Mixed Fruit Juice,3,7.21,21.63,6.59,2.32,12.72,Zomato,Cash
O01618,05-08-2025,August,2025,Main Menu,Club Veg,https://i.ibb.co/7tVrrcM1/clubveg.png,Triple Cheese Club,1,14.32,14.32,5.93,2.3,6.09,Zomato,Online
O01619,26-02-2025,February,2025,Main Menu,Veg Mania,https://i.ibb.co/svfg0hg2/vegmania.png,Veg Overload,3,10.54,31.62,13.66,4.83,13.13,Zomato,UPI
O01620,01-09-2025,September,2025,Beverage,Hot Drinks,https://i.ibb.co/mFCQYCrw/hot.png,Hot Chocolate,4,8.28,33.12,11.34,6.45,15.33,UberEats,Cash
O01621,13-02-2025,February,2025,Appetizer,Macaroni,https://i.ibb.co/zVLCV731/macaroni.png,Cheese Mac,4,11.78,47.12,18.01,5.01,24.1,Zomato,Online
O01622,09-08-2025,August,2025,Beverage,Hot Drinks,https://i.ibb.co/mFCQYCrw/hot.png,Espresso,3,6.94,20.82,6.74,3.1,10.98,In-Store,UPI
O01623,20-02-2025,February,2025,Main Menu,Pizza,https://i.ibb.co/vx6T9K8X/pizza-1.png,Veggie Paradise,4,16.39,65.56,25.87,8.48,31.21,Zomato,UPI
O01624,26-07-2025,July,2025,Main Menu,Club Veg,https://i.ibb.co/7tVrrcM1/clubveg.png,Corn & Mayo Club,4,16.7,66.8,29.2,12.24,25.36,In-Store,Cash
O01625,26-01-2025,January,2025,Beverage,Juice,https://i.ibb.co/bM9d4qvH/juice.png,Orange Juice,2,7.95,15.9,5.13,2.29,8.48,Zomato,Cash
O01626,19-01-2025,January,2025,Beverage,Hot Drinks,https://i.ibb.co/mFCQYCrw/hot.png,Cappuccino,4,5.32,21.28,6.6,4.23,10.45,Swiggy,Cash
O01627,26-04-2025,April,2025,Beverage,Hot Drinks,https://i.ibb.co/mFCQYCrw/hot.png,Green Tea,1,7.27,7.27,2.53,1.36,3.38,In-Store,Cash
O01628,21-12-2025,December,2025,Appetizer,Macaroni,https://i.ibb.co/zVLCV731/macaroni.png,Cheese Mac,4,10.86,43.44,17.61,4.64,21.19,Zomato,Card
O01629,23-11-2025,November,2025,Appetizer,French Fries,https://i.ibb.co/23d8CKt3/fries.png,Cheese Fries,2,7.72,15.44,5.18,1.7,8.56,Swiggy,Cash
O01630,15-09-2025,September,2025,Beverage,Hot Drinks,https://i.ibb.co/mFCQYCrw/hot.png,Hot Chocolate,3,6.77,20.31,8.96,3.08,8.27,Zomato,Card
O01631,15-12-2025,December,2025,Main Menu,Sandwich,https://i.ibb.co/fzhvYTxp/sandwich.png,Cheese Chilli,3,12.34,37.02,16.23,4.42,16.37,UberEats,Online
O01632,07-01-2025,January,2025,Beverage,Hot Drinks,https://i.ibb.co/mFCQYCrw/hot.png,Green Tea,4,4.71,18.84,6.77,3.19,8.88,UberEats,Cash
O01633,16-05-2025,May,2025,Main Menu,Sandwich,https://i.ibb.co/fzhvYTxp/sandwich.png,Grilled Veg,2,15.13,30.26,9.64,4.9,15.72,UberEats,Online
O01634,01-01-2025,January,2025,Appetizer,Burger,https://i.ibb.co/KjvbDYc5/burger.png,Spicy Bean Burger,3,12.22,36.66,12.81,3.82,20.03,Swiggy,Cash
O01635,18-10-2025,October,2025,Beverage,Hot Drinks,https://i.ibb.co/mFCQYCrw/hot.png,Cappuccino,2,6.72,13.44,4.19,2.26,6.99,Zomato,Card
O01636,21-02-2025,February,2025,Appetizer,French Fries,https://i.ibb.co/23d8CKt3/fries.png,Cheese Fries,3,11.73,35.19,15.18,6,14.01,In-Store,Online
O01637,29-06-2025,June,2025,Beverage,Hot Drinks,https://i.ibb.co/mFCQYCrw/hot.png,Green Tea,1,6.7,6.7,2.21,1.16,3.33,UberEats,UPI
O01638,07-01-2025,January,2025,Appetizer,Macaroni,https://i.ibb.co/zVLCV731/macaroni.png,Veg Loaded Mac,3,12.85,38.55,12.66,7.33,18.56,In-Store,Cash
O01639,18-12-2025,December,2025,Beverage,Juice,https://i.ibb.co/bM9d4qvH/juice.png,Mango Juice,3,7.17,21.51,7.82,2.79,10.9,In-Store,Card
O01640,14-03-2025,March,2025,Appetizer,Macaroni,https://i.ibb.co/zVLCV731/macaroni.png,Classic Mac,2,7.31,14.62,5.27,2.32,7.03,Zomato,Online
O01641,16-04-2025,April,2025,Beverage,Juice,https://i.ibb.co/bM9d4qvH/juice.png,Mango Juice,4,6.15,24.6,10.25,4.53,9.82,In-Store,Cash
O01642,17-11-2025,November,2025,Beverage,Hot Drinks,https://i.ibb.co/mFCQYCrw/hot.png,Cappuccino,3,7.09,21.27,6.68,4.2,10.39,UberEats,UPI
O01643,20-07-2025,July,2025,Beverage,Hot Drinks,https://i.ibb.co/mFCQYCrw/hot.png,Hot Chocolate,4,6.12,24.48,7.64,2.9,13.94,UberEats,Card
O01644,24-10-2025,October,2025,Beverage,Hot Drinks,https://i.ibb.co/mFCQYCrw/hot.png,Espresso,1,6.8,6.8,2.1,0.79,3.91,In-Store,Online
O01645,27-06-2025,June,2025,Appetizer,Burger,https://i.ibb.co/KjvbDYc5/burger.png,Aloo Tikki Burger,1,11.49,11.49,3.97,1.87,5.65,In-Store,Card
O01646,15-12-2025,December,2025,Main Menu,Club Veg,https://i.ibb.co/7tVrrcM1/clubveg.png,Veggie Club Special,2,14.69,29.38,10.42,3.58,15.38,UberEats,Online
O01647,03-02-2025,February,2025,Appetizer,Burger,https://i.ibb.co/KjvbDYc5/burger.png,Spicy Bean Burger,3,13.77,41.31,12.83,4.5,23.98,Swiggy,Card
O01648,31-10-2025,October,2025,Main Menu,Veg Mania,https://i.ibb.co/svfg0hg2/vegmania.png,Veg Overload,1,13.56,13.56,5.75,2.01,5.8,UberEats,Cash
O01649,30-06-2025,June,2025,Beverage,Juice,https://i.ibb.co/bM9d4qvH/juice.png,Orange Juice,1,5.52,5.52,1.82,0.62,3.08,UberEats,Card
O01650,26-05-2025,May,2025,Beverage,Juice,https://i.ibb.co/bM9d4qvH/juice.png,Orange Juice,4,6.22,24.88,8.92,3.52,12.44,UberEats,Card
O01651,11-04-2025,April,2025,Appetizer,French Fries,https://i.ibb.co/23d8CKt3/fries.png,Salted Fries,1,8.94,8.94,3.67,0.94,4.33,UberEats,Card
O01652,31-08-2025,August,2025,Appetizer,Burger,https://i.ibb.co/KjvbDYc5/burger.png,Spicy Bean Burger,1,11.62,11.62,4.29,1.39,5.94,In-Store,Online
O01653,14-05-2025,May,2025,Appetizer,French Fries,https://i.ibb.co/23d8CKt3/fries.png,Cheese Fries,3,6.18,18.54,7.01,3.45,8.08,Zomato,Online
O01654,15-06-2025,June,2025,Beverage,Juice,https://i.ibb.co/bM9d4qvH/juice.png,Mango Juice,1,4.18,4.18,1.65,0.45,2.08,UberEats,Card
O01655,11-10-2025,October,2025,Main Menu,Club Veg,https://i.ibb.co/7tVrrcM1/clubveg.png,Spicy Club,2,16.45,32.9,13.68,6.06,13.16,Swiggy,UPI
O01656,18-11-2025,November,2025,Appetizer,French Fries,https://i.ibb.co/23d8CKt3/fries.png,Peri Peri Fries,1,7.35,7.35,2.33,1.13,3.89,In-Store,Online
O01657,12-03-2025,March,2025,Beverage,Hot Drinks,https://i.ibb.co/mFCQYCrw/hot.png,Hot Chocolate,4,5.34,21.36,8,2.34,11.02,UberEats,Online
O01658,07-08-2025,August,2025,Appetizer,Macaroni,https://i.ibb.co/zVLCV731/macaroni.png,Spicy Mac,4,13.87,55.48,18.52,6.97,29.99,In-Store,Cash
O01659,14-01-2025,January,2025,Appetizer,Burger,https://i.ibb.co/KjvbDYc5/burger.png,Veg Cheese Burger,1,8.94,8.94,2.74,1.7,4.5,UberEats,Card
O01660,20-09-2025,September,2025,Appetizer,Burger,https://i.ibb.co/KjvbDYc5/burger.png,Paneer Burger,4,12.95,51.8,20.6,8.36,22.84,Swiggy,Online
O01661,26-07-2025,July,2025,Beverage,Juice,https://i.ibb.co/bM9d4qvH/juice.png,Mixed Fruit Juice,2,8.09,16.18,5.6,1.65,8.93,In-Store,Cash
O01662,29-01-2025,January,2025,Appetizer,French Fries,https://i.ibb.co/23d8CKt3/fries.png,Salted Fries,4,11.59,46.36,18.55,4.7,23.11,UberEats,Cash
O01663,17-10-2025,October,2025,Appetizer,French Fries,https://i.ibb.co/23d8CKt3/fries.png,Cheese Fries,2,9.57,19.14,5.9,3.3,9.94,Swiggy,Cash
O01664,27-10-2025,October,2025,Beverage,Juice,https://i.ibb.co/bM9d4qvH/juice.png,Mango Juice,1,7.58,7.58,3.05,1.08,3.45,Zomato,Online
O01665,25-04-2025,April,2025,Beverage,Juice,https://i.ibb.co/bM9d4qvH/juice.png,Watermelon Juice,4,7,28,12.32,5.2,10.48,UberEats,Cash
O01666,16-11-2025,November,2025,Beverage,Juice,https://i.ibb.co/bM9d4qvH/juice.png,Orange Juice,4,4.85,19.4,8.33,2.09,8.98,Swiggy,Cash
O01667,06-11-2025,November,2025,Main Menu,Veg Mania,https://i.ibb.co/svfg0hg2/vegmania.png,Mushroom Magic,4,18.5,74,32.77,10.4,30.83,Zomato,Cash
O01668,13-01-2025,January,2025,Beverage,Hot Drinks,https://i.ibb.co/mFCQYCrw/hot.png,Green Tea,1,8.86,8.86,2.83,1.38,4.65,Swiggy,Cash
O01669,27-07-2025,July,2025,Appetizer,Burger,https://i.ibb.co/KjvbDYc5/burger.png,Veg Cheese Burger,2,9.32,18.64,8.06,2.91,7.67,UberEats,Online
O01670,12-11-2025,November,2025,Main Menu,Pizza,https://i.ibb.co/vx6T9K8X/pizza-1.png,Farmhouse,1,12.24,12.24,3.71,1.36,7.17,Swiggy,Card
O01671,03-12-2025,December,2025,Main Menu,Sandwich,https://i.ibb.co/fzhvYTxp/sandwich.png,Cheese Chilli,4,18.21,72.84,27.85,12.74,32.25,In-Store,Online
O01672,29-05-2025,May,2025,Beverage,Juice,https://i.ibb.co/bM9d4qvH/juice.png,Mixed Fruit Juice,2,5.62,11.24,4.22,1.75,5.27,UberEats,UPI
O01673,17-07-2025,July,2025,Beverage,Juice,https://i.ibb.co/bM9d4qvH/juice.png,Mixed Fruit Juice,3,5.77,17.31,7.07,2.21,8.03,In-Store,Online
O01674,15-01-2025,January,2025,Appetizer,Macaroni,https://i.ibb.co/zVLCV731/macaroni.png,Classic Mac,4,9.42,37.68,11.78,4.22,21.68,In-Store,Cash
O01675,05-06-2025,June,2025,Main Menu,Pizza,https://i.ibb.co/vx6T9K8X/pizza-1.png,Margherita,4,15,60,22.43,6.22,31.35,UberEats,Card
O01676,23-08-2025,August,2025,Appetizer,Burger,https://i.ibb.co/KjvbDYc5/burger.png,Veg Cheese Burger,1,12.61,12.61,4.53,1.5,6.58,UberEats,Card
O01677,28-12-2025,December,2025,Beverage,Hot Drinks,https://i.ibb.co/mFCQYCrw/hot.png,Espresso,2,6.95,13.9,5.73,2.73,5.44,Zomato,Card
O01678,02-12-2025,December,2025,Beverage,Hot Drinks,https://i.ibb.co/mFCQYCrw/hot.png,Green Tea,4,5.19,20.76,8.81,3.54,8.41,Zomato,UPI
O01679,05-06-2025,June,2025,Appetizer,Burger,https://i.ibb.co/KjvbDYc5/burger.png,Spicy Bean Burger,4,9.27,37.08,15.88,5.68,15.52,In-Store,Online
O01680,04-12-2025,December,2025,Main Menu,Club Veg,https://i.ibb.co/7tVrrcM1/clubveg.png,Veggie Club Special,3,16.76,50.28,18.91,7.69,23.68,UberEats,UPI
O01681,13-11-2025,November,2025,Appetizer,Burger,https://i.ibb.co/KjvbDYc5/burger.png,Aloo Tikki Burger,3,11.88,35.64,14.06,4.81,16.77,Swiggy,Card
O01682,19-02-2025,February,2025,Beverage,Juice,https://i.ibb.co/bM9d4qvH/juice.png,Mixed Fruit Juice,3,5.96,17.88,7.83,1.89,8.16,In-Store,UPI
O01683,02-05-2025,May,2025,Main Menu,Sandwich,https://i.ibb.co/fzhvYTxp/sandwich.png,Classic Veg,3,10.38,31.14,13.79,5.05,12.3,In-Store,Cash
O01684,10-11-2025,November,2025,Appetizer,Burger,https://i.ibb.co/KjvbDYc5/burger.png,Aloo Tikki Burger,4,8.38,33.52,10.9,5.3,17.32,Swiggy,Online
O01685,07-11-2025,November,2025,Beverage,Juice,https://i.ibb.co/bM9d4qvH/juice.png,Mango Juice,4,8.58,34.32,14.08,4.71,15.53,UberEats,Cash
O01686,19-08-2025,August,2025,Appetizer,Burger,https://i.ibb.co/KjvbDYc5/burger.png,Veg Cheese Burger,3,11.41,34.23,13.01,5.73,15.49,Zomato,UPI
O01687,13-08-2025,August,2025,Beverage,Hot Drinks,https://i.ibb.co/mFCQYCrw/hot.png,Cappuccino,3,7.65,22.95,8.98,3.31,10.66,Zomato,Card
O01688,28-09-2025,September,2025,Main Menu,Veg Mania,https://i.ibb.co/svfg0hg2/vegmania.png,Paneer Delight,4,10.48,41.92,18.2,4.68,19.04,Swiggy,Card
O01689,13-03-2025,March,2025,Main Menu,Club Veg,https://i.ibb.co/7tVrrcM1/clubveg.png,Corn & Mayo Club,3,12.09,36.27,12.14,6.29,17.84,Swiggy,UPI
O01690,16-12-2025,December,2025,Beverage,Hot Drinks,https://i.ibb.co/mFCQYCrw/hot.png,Cappuccino,2,4.88,9.76,3.78,1.86,4.12,Zomato,Online
O01691,30-06-2025,June,2025,Appetizer,French Fries,https://i.ibb.co/23d8CKt3/fries.png,Peri Peri Fries,4,11.36,45.44,18.89,8.55,18,Swiggy,Online
O01692,17-11-2025,November,2025,Appetizer,Burger,https://i.ibb.co/KjvbDYc5/burger.png,Aloo Tikki Burger,1,10.82,10.82,3.54,2.06,5.22,Zomato,UPI
O01693,02-03-2025,March,2025,Appetizer,Burger,https://i.ibb.co/KjvbDYc5/burger.png,Aloo Tikki Burger,4,7.96,31.84,12.6,3.35,15.89,UberEats,Cash
O01694,29-05-2025,May,2025,Appetizer,Macaroni,https://i.ibb.co/zVLCV731/macaroni.png,Veg Loaded Mac,1,13.69,13.69,5.88,2.14,5.67,Swiggy,Card
O01695,08-02-2025,February,2025,Beverage,Juice,https://i.ibb.co/bM9d4qvH/juice.png,Watermelon Juice,1,7.45,7.45,3,1.02,3.43,In-Store,Cash
O01696,24-12-2025,December,2025,Main Menu,Pizza,https://i.ibb.co/vx6T9K8X/pizza-1.png,Peppy Paneer,1,14.06,14.06,5.8,2.09,6.17,Swiggy,Cash
O01697,04-08-2025,August,2025,Appetizer,Burger,https://i.ibb.co/KjvbDYc5/burger.png,Paneer Burger,3,8.6,25.8,10.98,4.86,9.96,Swiggy,Card
O01698,08-10-2025,October,2025,Beverage,Hot Drinks,https://i.ibb.co/mFCQYCrw/hot.png,Espresso,1,4.52,4.52,1.39,0.46,2.67,Zomato,Online
O01699,16-10-2025,October,2025,Beverage,Juice,https://i.ibb.co/bM9d4qvH/juice.png,Watermelon Juice,2,5.66,11.32,4,1.37,5.95,Swiggy,Online
O01700,10-11-2025,November,2025,Main Menu,Pizza,https://i.ibb.co/vx6T9K8X/pizza-1.png,Farmhouse,2,16.4,32.8,10.82,4.33,17.65,UberEats,Cash
O01701,19-01-2025,January,2025,Appetizer,French Fries,https://i.ibb.co/23d8CKt3/fries.png,Peri Peri Fries,1,6.58,6.58,2.85,1.03,2.7,UberEats,Online
O01702,05-06-2025,June,2025,Main Menu,Veg Mania,https://i.ibb.co/svfg0hg2/vegmania.png,Paneer Delight,4,18.08,72.32,29.47,12.07,30.78,Swiggy,Card
O01703,08-11-2025,November,2025,Appetizer,French Fries,https://i.ibb.co/23d8CKt3/fries.png,Salted Fries,3,11.14,33.42,13.67,6.16,13.59,In-Store,Cash
O01704,13-07-2025,July,2025,Beverage,Juice,https://i.ibb.co/bM9d4qvH/juice.png,Mixed Fruit Juice,2,5.58,11.16,3.81,1.83,5.52,In-Store,Card
O01705,13-08-2025,August,2025,Main Menu,Club Veg,https://i.ibb.co/7tVrrcM1/clubveg.png,Spicy Club,3,18.71,56.13,23.28,6.59,26.26,Zomato,UPI
O01706,30-01-2025,January,2025,Main Menu,Sandwich,https://i.ibb.co/fzhvYTxp/sandwich.png,Grilled Veg,2,19.74,39.48,14.91,6.23,18.34,Swiggy,Card
O01707,02-10-2025,October,2025,Beverage,Juice,https://i.ibb.co/bM9d4qvH/juice.png,Orange Juice,1,8.82,8.82,3,1.7,4.12,Zomato,Cash
O01708,30-01-2025,January,2025,Main Menu,Pizza,https://i.ibb.co/vx6T9K8X/pizza-1.png,Farmhouse,3,15.8,47.4,17.65,5.18,24.57,UberEats,Cash
O01709,29-06-2025,June,2025,Beverage,Juice,https://i.ibb.co/bM9d4qvH/juice.png,Watermelon Juice,1,7.74,7.74,3.04,1.33,3.37,Zomato,Online
O01710,03-12-2025,December,2025,Main Menu,Veg Mania,https://i.ibb.co/svfg0hg2/vegmania.png,Paneer Delight,3,17.38,52.14,17.65,8.31,26.18,UberEats,Card
O01711,28-12-2025,December,2025,Beverage,Hot Drinks,https://i.ibb.co/mFCQYCrw/hot.png,Cappuccino,3,7.39,22.17,9.46,4.21,8.5,In-Store,UPI
O01712,10-10-2025,October,2025,Appetizer,French Fries,https://i.ibb.co/23d8CKt3/fries.png,Peri Peri Fries,1,11.69,11.69,4.82,1.92,4.95,UberEats,UPI
O01713,05-10-2025,October,2025,Beverage,Juice,https://i.ibb.co/bM9d4qvH/juice.png,Orange Juice,4,4.25,17,5.97,1.71,9.32,UberEats,Online
O01714,15-11-2025,November,2025,Appetizer,Macaroni,https://i.ibb.co/zVLCV731/macaroni.png,Classic Mac,1,6.13,6.13,1.87,0.84,3.42,Zomato,Card
O01715,29-04-2025,April,2025,Appetizer,French Fries,https://i.ibb.co/23d8CKt3/fries.png,Peri Peri Fries,4,9.58,38.32,11.81,4.39,22.12,Swiggy,UPI
O01716,14-03-2025,March,2025,Main Menu,Sandwich,https://i.ibb.co/fzhvYTxp/sandwich.png,Classic Veg,1,11.42,11.42,5.11,1.77,4.54,In-Store,Cash
O01717,13-09-2025,September,2025,Main Menu,Club Veg,https://i.ibb.co/7tVrrcM1/clubveg.png,Spicy Club,2,10.05,20.1,7.74,3.88,8.48,In-Store,UPI
O01718,31-01-2025,January,2025,Appetizer,French Fries,https://i.ibb.co/23d8CKt3/fries.png,Loaded Fries,1,9.37,9.37,4.12,1.45,3.8,In-Store,Cash
O01719,16-07-2025,July,2025,Appetizer,Burger,https://i.ibb.co/KjvbDYc5/burger.png,Veg Cheese Burger,4,7.13,28.52,10.2,3.83,14.49,Zomato,Online
O01720,04-12-2025,December,2025,Appetizer,French Fries,https://i.ibb.co/23d8CKt3/fries.png,Salted Fries,2,10.51,21.02,6.96,3.5,10.56,UberEats,Cash
O01721,28-06-2025,June,2025,Main Menu,Club Veg,https://i.ibb.co/7tVrrcM1/clubveg.png,Spicy Club,1,16.04,16.04,5.13,2.9,8.01,Zomato,Cash
O01722,15-11-2025,November,2025,Appetizer,Macaroni,https://i.ibb.co/zVLCV731/macaroni.png,Classic Mac,2,9.02,18.04,5.88,3.14,9.02,Swiggy,Online
O01723,14-12-2025,December,2025,Appetizer,French Fries,https://i.ibb.co/23d8CKt3/fries.png,Loaded Fries,1,11.3,11.3,4.15,2.05,5.1,In-Store,UPI
O01724,15-07-2025,July,2025,Appetizer,French Fries,https://i.ibb.co/23d8CKt3/fries.png,Peri Peri Fries,2,10.16,20.32,8.38,2.56,9.38,Zomato,Cash
O01725,16-12-2025,December,2025,Appetizer,Burger,https://i.ibb.co/KjvbDYc5/burger.png,Veg Cheese Burger,4,13.13,52.52,15.87,5.68,30.97,UberEats,UPI
O01726,22-07-2025,July,2025,Main Menu,Club Veg,https://i.ibb.co/7tVrrcM1/clubveg.png,Spicy Club,1,19.36,19.36,7.72,3.15,8.49,UberEats,UPI
O01727,08-11-2025,November,2025,Main Menu,Veg Mania,https://i.ibb.co/svfg0hg2/vegmania.png,Corn Supreme,1,13.78,13.78,5.47,1.84,6.47,UberEats,UPI
O01728,16-08-2025,August,2025,Appetizer,Burger,https://i.ibb.co/KjvbDYc5/burger.png,Spicy Bean Burger,1,12.86,12.86,4.48,1.72,6.66,Swiggy,Online
O01729,03-07-2025,July,2025,Appetizer,French Fries,https://i.ibb.co/23d8CKt3/fries.png,Peri Peri Fries,3,8.73,26.19,10.8,3.76,11.63,In-Store,Cash
O01730,10-02-2025,February,2025,Appetizer,French Fries,https://i.ibb.co/23d8CKt3/fries.png,Cheese Fries,4,11.06,44.24,19.11,4.48,20.65,Swiggy,Online
O01731,13-05-2025,May,2025,Appetizer,Macaroni,https://i.ibb.co/zVLCV731/macaroni.png,Spicy Mac,3,9.91,29.73,12.72,4.46,12.55,Zomato,Card
O01732,31-03-2025,March,2025,Main Menu,Veg Mania,https://i.ibb.co/svfg0hg2/vegmania.png,Mushroom Magic,1,13.92,13.92,4.63,1.99,7.3,Swiggy,Cash
O01733,17-12-2025,December,2025,Beverage,Hot Drinks,https://i.ibb.co/mFCQYCrw/hot.png,Hot Chocolate,3,7.64,22.92,7.38,4.25,11.29,Swiggy,Card
O01734,13-05-2025,May,2025,Appetizer,Burger,https://i.ibb.co/KjvbDYc5/burger.png,Paneer Burger,1,7.49,7.49,2.29,0.84,4.36,Swiggy,Card
O01735,25-02-2025,February,2025,Main Menu,Pizza,https://i.ibb.co/vx6T9K8X/pizza-1.png,Margherita,4,13.15,52.6,18.79,10.47,23.34,Swiggy,Card
O01736,16-06-2025,June,2025,Beverage,Hot Drinks,https://i.ibb.co/mFCQYCrw/hot.png,Green Tea,3,6.53,19.59,5.94,2.4,11.25,Swiggy,Online
O01737,15-03-2025,March,2025,Main Menu,Club Veg,https://i.ibb.co/7tVrrcM1/clubveg.png,Spicy Club,1,11.03,11.03,4.07,1.5,5.46,UberEats,Online
O01738,11-07-2025,July,2025,Appetizer,Macaroni,https://i.ibb.co/zVLCV731/macaroni.png,Classic Mac,3,10.99,32.97,14.37,5.17,13.43,Zomato,UPI
O01739,29-05-2025,May,2025,Main Menu,Veg Mania,https://i.ibb.co/svfg0hg2/vegmania.png,Paneer Delight,3,13.81,41.43,16.87,6.45,18.11,Zomato,UPI
O01740,18-09-2025,September,2025,Beverage,Hot Drinks,https://i.ibb.co/mFCQYCrw/hot.png,Cappuccino,3,8.65,25.95,9.09,4.05,12.81,In-Store,Cash
O01741,18-03-2025,March,2025,Appetizer,French Fries,https://i.ibb.co/23d8CKt3/fries.png,Salted Fries,2,7.6,15.2,6.42,1.57,7.21,Swiggy,Card
O01742,15-09-2025,September,2025,Beverage,Hot Drinks,https://i.ibb.co/mFCQYCrw/hot.png,Espresso,3,7.31,21.93,8.57,3.71,9.65,Swiggy,Online
O01743,26-09-2025,September,2025,Beverage,Hot Drinks,https://i.ibb.co/mFCQYCrw/hot.png,Hot Chocolate,2,8.35,16.7,5.6,2.89,8.21,UberEats,Card
O01744,31-05-2025,May,2025,Main Menu,Club Veg,https://i.ibb.co/7tVrrcM1/clubveg.png,Veggie Club Special,1,16.8,16.8,6.59,3.08,7.13,UberEats,Card
O01745,11-06-2025,June,2025,Beverage,Juice,https://i.ibb.co/bM9d4qvH/juice.png,Mango Juice,4,4.59,18.36,5.83,3.02,9.51,In-Store,Online
O01746,10-02-2025,February,2025,Appetizer,French Fries,https://i.ibb.co/23d8CKt3/fries.png,Salted Fries,3,12.69,38.07,14.25,5.41,18.41,UberEats,Online
O01747,28-04-2025,April,2025,Appetizer,Macaroni,https://i.ibb.co/zVLCV731/macaroni.png,Cheese Mac,1,7.85,7.85,3.39,1.11,3.35,Zomato,Card
O01748,12-12-2025,December,2025,Beverage,Juice,https://i.ibb.co/bM9d4qvH/juice.png,Watermelon Juice,4,4.07,16.28,6.42,2.14,7.72,UberEats,UPI
O01749,02-03-2025,March,2025,Main Menu,Pizza,https://i.ibb.co/vx6T9K8X/pizza-1.png,Veggie Paradise,2,11.94,23.88,10.69,3.1,10.09,Zomato,Online
O01750,12-04-2025,April,2025,Main Menu,Pizza,https://i.ibb.co/vx6T9K8X/pizza-1.png,Margherita,3,17.76,53.28,23.5,10.08,19.7,Zomato,Cash
O01751,15-05-2025,May,2025,Beverage,Hot Drinks,https://i.ibb.co/mFCQYCrw/hot.png,Espresso,2,6.72,13.44,4.91,1.65,6.88,Zomato,Cash
O01752,13-01-2025,January,2025,Beverage,Juice,https://i.ibb.co/bM9d4qvH/juice.png,Orange Juice,2,6.08,12.16,4.48,1.88,5.8,Zomato,Online
O01753,01-07-2025,July,2025,Main Menu,Pizza,https://i.ibb.co/vx6T9K8X/pizza-1.png,Farmhouse,2,11.05,22.1,9.06,3.06,9.98,UberEats,Cash
O01754,22-06-2025,June,2025,Beverage,Juice,https://i.ibb.co/bM9d4qvH/juice.png,Orange Juice,2,6.41,12.82,4.14,1.93,6.75,Swiggy,UPI
O01755,29-07-2025,July,2025,Beverage,Hot Drinks,https://i.ibb.co/mFCQYCrw/hot.png,Green Tea,2,6.21,12.42,4.63,2.36,5.43,UberEats,Online
O01756,10-03-2025,March,2025,Beverage,Juice,https://i.ibb.co/bM9d4qvH/juice.png,Orange Juice,1,6,6,2.6,0.95,2.45,Zomato,Cash
O01757,31-10-2025,October,2025,Appetizer,French Fries,https://i.ibb.co/23d8CKt3/fries.png,Loaded Fries,1,8.15,8.15,3.03,0.85,4.27,In-Store,UPI
O01758,01-04-2025,April,2025,Beverage,Hot Drinks,https://i.ibb.co/mFCQYCrw/hot.png,Espresso,3,5.46,16.38,5.88,2.44,8.06,Zomato,UPI
O01759,24-06-2025,June,2025,Main Menu,Pizza,https://i.ibb.co/vx6T9K8X/pizza-1.png,Peppy Paneer,3,14.13,42.39,15.47,7.12,19.8,UberEats,Online
O01760,02-04-2025,April,2025,Main Menu,Veg Mania,https://i.ibb.co/svfg0hg2/vegmania.png,Mushroom Magic,2,17.69,35.38,11.26,3.94,20.18,In-Store,UPI
O01761,12-11-2025,November,2025,Appetizer,Burger,https://i.ibb.co/KjvbDYc5/burger.png,Paneer Burger,4,11.18,44.72,19.94,4.64,20.14,UberEats,Card
O01762,28-05-2025,May,2025,Appetizer,Macaroni,https://i.ibb.co/zVLCV731/macaroni.png,Spicy Mac,3,8.51,25.53,10.93,4.76,9.84,Zomato,Card
O01763,13-05-2025,May,2025,Beverage,Juice,https://i.ibb.co/bM9d4qvH/juice.png,Mango Juice,2,4.84,9.68,3.96,1.28,4.44,UberEats,Card
O01764,16-04-2025,April,2025,Beverage,Juice,https://i.ibb.co/bM9d4qvH/juice.png,Orange Juice,1,4.19,4.19,1.33,0.63,2.23,Swiggy,Card
O01765,08-09-2025,September,2025,Main Menu,Club Veg,https://i.ibb.co/7tVrrcM1/clubveg.png,Veggie Club Special,4,13.59,54.36,16.7,8.5,29.16,UberEats,Online
O01766,16-08-2025,August,2025,Beverage,Juice,https://i.ibb.co/bM9d4qvH/juice.png,Mixed Fruit Juice,1,5.05,5.05,1.8,0.58,2.67,UberEats,Cash
O01767,28-12-2025,December,2025,Main Menu,Pizza,https://i.ibb.co/vx6T9K8X/pizza-1.png,Veggie Paradise,3,17.29,51.87,20.72,6.98,24.17,In-Store,UPI
O01768,12-03-2025,March,2025,Appetizer,French Fries,https://i.ibb.co/23d8CKt3/fries.png,Salted Fries,3,6.63,19.89,6.14,3.77,9.98,UberEats,Cash
O01769,24-04-2025,April,2025,Beverage,Juice,https://i.ibb.co/bM9d4qvH/juice.png,Watermelon Juice,4,7.35,29.4,13.23,3.66,12.51,Zomato,UPI
O01770,21-08-2025,August,2025,Beverage,Juice,https://i.ibb.co/bM9d4qvH/juice.png,Watermelon Juice,4,6.93,27.72,8.85,4.07,14.8,Swiggy,Online
O01771,28-12-2025,December,2025,Beverage,Hot Drinks,https://i.ibb.co/mFCQYCrw/hot.png,Cappuccino,1,4.15,4.15,1.67,0.67,1.81,Swiggy,Cash
O01772,12-03-2025,March,2025,Beverage,Hot Drinks,https://i.ibb.co/mFCQYCrw/hot.png,Cappuccino,2,5.17,10.34,4.09,1.2,5.05,Zomato,UPI
O01773,19-03-2025,March,2025,Appetizer,Burger,https://i.ibb.co/KjvbDYc5/burger.png,Spicy Bean Burger,1,10.13,10.13,3.57,1.43,5.13,UberEats,Card
O01774,22-11-2025,November,2025,Main Menu,Sandwich,https://i.ibb.co/fzhvYTxp/sandwich.png,Grilled Veg,2,12.71,25.42,8.39,3.08,13.95,In-Store,Cash
O01775,13-10-2025,October,2025,Beverage,Juice,https://i.ibb.co/bM9d4qvH/juice.png,Mango Juice,4,5.1,20.4,7.6,2.7,10.1,Swiggy,Online
O01776,15-05-2025,May,2025,Beverage,Hot Drinks,https://i.ibb.co/mFCQYCrw/hot.png,Cappuccino,4,5.49,21.96,9.35,3.63,8.98,UberEats,Online
O01777,03-12-2025,December,2025,Main Menu,Club Veg,https://i.ibb.co/7tVrrcM1/clubveg.png,Veggie Club Special,2,12.74,25.48,9.78,5,10.7,UberEats,Online
O01778,19-11-2025,November,2025,Appetizer,French Fries,https://i.ibb.co/23d8CKt3/fries.png,Cheese Fries,3,8.08,24.24,10.58,2.68,10.98,In-Store,UPI
O01779,23-04-2025,April,2025,Main Menu,Club Veg,https://i.ibb.co/7tVrrcM1/clubveg.png,Corn & Mayo Club,1,16.87,16.87,7.57,1.86,7.44,In-Store,UPI
O01780,06-12-2025,December,2025,Appetizer,Burger,https://i.ibb.co/KjvbDYc5/burger.png,Veg Cheese Burger,4,6.5,26,8.8,4.4,12.8,In-Store,UPI
O01781,28-02-2025,February,2025,Appetizer,French Fries,https://i.ibb.co/23d8CKt3/fries.png,Loaded Fries,4,12.72,50.88,21.7,7.12,22.06,Zomato,Online
O01782,04-11-2025,November,2025,Appetizer,French Fries,https://i.ibb.co/23d8CKt3/fries.png,Peri Peri Fries,4,9.21,36.84,13.67,5.96,17.21,Swiggy,UPI
O01783,17-09-2025,September,2025,Main Menu,Pizza,https://i.ibb.co/vx6T9K8X/pizza-1.png,Margherita,2,18.94,37.88,12.78,5.06,20.04,UberEats,UPI
O01784,12-06-2025,June,2025,Appetizer,Macaroni,https://i.ibb.co/zVLCV731/macaroni.png,Spicy Mac,3,9.64,28.92,10.44,5.28,13.2,In-Store,Online
O01785,28-01-2025,January,2025,Appetizer,Macaroni,https://i.ibb.co/zVLCV731/macaroni.png,Cheese Mac,2,10.2,20.4,6.3,3.29,10.81,UberEats,Cash
O01786,18-08-2025,August,2025,Appetizer,Burger,https://i.ibb.co/KjvbDYc5/burger.png,Veg Cheese Burger,1,12.35,12.35,5.18,1.36,5.81,Zomato,Cash
O01787,09-11-2025,November,2025,Appetizer,Burger,https://i.ibb.co/KjvbDYc5/burger.png,Aloo Tikki Burger,2,12.84,25.68,9.76,2.7,13.22,Swiggy,Online
O01788,27-12-2025,December,2025,Appetizer,Macaroni,https://i.ibb.co/zVLCV731/macaroni.png,Classic Mac,2,13.54,27.08,10.99,3.93,12.16,Swiggy,Card
O01789,02-10-2025,October,2025,Main Menu,Sandwich,https://i.ibb.co/fzhvYTxp/sandwich.png,Classic Veg,3,17.08,51.24,19,8.77,23.47,Zomato,UPI
O01790,11-07-2025,July,2025,Appetizer,Macaroni,https://i.ibb.co/zVLCV731/macaroni.png,Cheese Mac,1,6.9,6.9,3.06,1.17,2.67,Zomato,Cash
O01791,11-01-2025,January,2025,Beverage,Juice,https://i.ibb.co/bM9d4qvH/juice.png,Mixed Fruit Juice,2,5.99,11.98,3.92,1.97,6.09,In-Store,Cash
O01792,25-05-2025,May,2025,Appetizer,Burger,https://i.ibb.co/KjvbDYc5/burger.png,Veg Cheese Burger,4,12.88,51.52,17.44,10.04,24.04,Zomato,Cash
O01793,05-03-2025,March,2025,Appetizer,French Fries,https://i.ibb.co/23d8CKt3/fries.png,Loaded Fries,1,13.73,13.73,4.14,1.7,7.89,Zomato,UPI
O01794,09-02-2025,February,2025,Main Menu,Pizza,https://i.ibb.co/vx6T9K8X/pizza-1.png,Margherita,3,12.09,36.27,13.25,5.13,17.89,Swiggy,Card
O01795,29-10-2025,October,2025,Appetizer,Burger,https://i.ibb.co/KjvbDYc5/burger.png,Paneer Burger,3,11.49,34.47,11.8,5.36,17.31,UberEats,Online
O01796,12-01-2025,January,2025,Appetizer,Macaroni,https://i.ibb.co/zVLCV731/macaroni.png,Spicy Mac,2,10.26,20.52,7.65,2.7,10.17,Zomato,Cash
O01797,02-12-2025,December,2025,Beverage,Hot Drinks,https://i.ibb.co/mFCQYCrw/hot.png,Green Tea,4,5.07,20.28,8.8,2.94,8.54,UberEats,Online
O01798,24-04-2025,April,2025,Appetizer,French Fries,https://i.ibb.co/23d8CKt3/fries.png,Cheese Fries,2,9.33,18.66,5.74,3.52,9.4,In-Store,UPI
O01799,01-10-2025,October,2025,Beverage,Juice,https://i.ibb.co/bM9d4qvH/juice.png,Mixed Fruit Juice,2,6.22,12.44,4.78,1.41,6.25,Swiggy,Online
O01800,21-07-2025,July,2025,Appetizer,French Fries,https://i.ibb.co/23d8CKt3/fries.png,Salted Fries,2,13.31,26.62,8.75,3.84,14.03,In-Store,Card
O01801,13-01-2025,January,2025,Appetizer,Burger,https://i.ibb.co/KjvbDYc5/burger.png,Spicy Bean Burger,2,12.53,25.06,10.39,3.47,11.2,UberEats,Online
O01802,25-02-2025,February,2025,Beverage,Hot Drinks,https://i.ibb.co/mFCQYCrw/hot.png,Hot Chocolate,2,8.55,17.1,5.64,2.56,8.9,Zomato,Cash
O01803,15-10-2025,October,2025,Main Menu,Sandwich,https://i.ibb.co/fzhvYTxp/sandwich.png,Classic Veg,2,17.7,35.4,11.29,6.32,17.79,Zomato,Cash
O01804,26-07-2025,July,2025,Beverage,Hot Drinks,https://i.ibb.co/mFCQYCrw/hot.png,Cappuccino,4,6.41,25.64,8.77,4.44,12.43,Swiggy,Online
O01805,30-07-2025,July,2025,Appetizer,French Fries,https://i.ibb.co/23d8CKt3/fries.png,Cheese Fries,1,7.37,7.37,3.09,1.47,2.81,Zomato,Cash
O01806,19-12-2025,December,2025,Beverage,Hot Drinks,https://i.ibb.co/mFCQYCrw/hot.png,Espresso,4,8.92,35.68,12.22,3.57,19.89,UberEats,Card
O01807,08-09-2025,September,2025,Beverage,Hot Drinks,https://i.ibb.co/mFCQYCrw/hot.png,Hot Chocolate,1,8.67,8.67,2.64,1.32,4.71,Zomato,UPI
O01808,29-12-2025,December,2025,Appetizer,French Fries,https://i.ibb.co/23d8CKt3/fries.png,Salted Fries,2,10.49,20.98,7.47,3.53,9.98,Swiggy,Online
O01809,09-02-2025,February,2025,Appetizer,Burger,https://i.ibb.co/KjvbDYc5/burger.png,Aloo Tikki Burger,1,9.17,9.17,3.7,1.29,4.18,Zomato,Cash
O01810,12-04-2025,April,2025,Appetizer,Burger,https://i.ibb.co/KjvbDYc5/burger.png,Aloo Tikki Burger,1,9.32,9.32,3.7,1.28,4.34,In-Store,Online
O01811,17-11-2025,November,2025,Beverage,Hot Drinks,https://i.ibb.co/mFCQYCrw/hot.png,Cappuccino,3,4.11,12.33,4.26,2.2,5.87,In-Store,Online
O01812,01-06-2025,June,2025,Main Menu,Pizza,https://i.ibb.co/vx6T9K8X/pizza-1.png,Peppy Paneer,2,12.42,24.84,10.52,2.74,11.58,UberEats,UPI
O01813,10-07-2025,July,2025,Beverage,Juice,https://i.ibb.co/bM9d4qvH/juice.png,Mango Juice,4,7.98,31.92,11.97,5.97,13.98,UberEats,Card
O01814,10-07-2025,July,2025,Beverage,Hot Drinks,https://i.ibb.co/mFCQYCrw/hot.png,Green Tea,3,7.39,22.17,9.85,2.5,9.82,In-Store,Card
O01815,11-03-2025,March,2025,Main Menu,Pizza,https://i.ibb.co/vx6T9K8X/pizza-1.png,Margherita,3,14.81,44.43,13.94,4.53,25.96,UberEats,Online
O01816,18-03-2025,March,2025,Appetizer,Burger,https://i.ibb.co/KjvbDYc5/burger.png,Aloo Tikki Burger,1,6.87,6.87,2.26,1.25,3.36,UberEats,Card
O01817,22-12-2025,December,2025,Main Menu,Pizza,https://i.ibb.co/vx6T9K8X/pizza-1.png,Peppy Paneer,3,14.86,44.58,17.78,8.51,18.29,Swiggy,Cash
O01818,28-08-2025,August,2025,Beverage,Juice,https://i.ibb.co/bM9d4qvH/juice.png,Orange Juice,3,4.99,14.97,4.58,1.64,8.75,UberEats,Card
O01819,18-11-2025,November,2025,Main Menu,Sandwich,https://i.ibb.co/fzhvYTxp/sandwich.png,Paneer Tikka,3,11.53,34.59,11.54,4.64,18.41,UberEats,Online
O01820,06-06-2025,June,2025,Appetizer,French Fries,https://i.ibb.co/23d8CKt3/fries.png,Loaded Fries,1,10.19,10.19,4.49,1.55,4.15,UberEats,Card
O01821,31-10-2025,October,2025,Main Menu,Veg Mania,https://i.ibb.co/svfg0hg2/vegmania.png,Mushroom Magic,1,18.73,18.73,7.57,2.1,9.06,UberEats,Card
O01822,16-10-2025,October,2025,Main Menu,Sandwich,https://i.ibb.co/fzhvYTxp/sandwich.png,Classic Veg,4,13.51,54.04,21.7,6.97,25.37,UberEats,UPI
O01823,12-11-2025,November,2025,Beverage,Hot Drinks,https://i.ibb.co/mFCQYCrw/hot.png,Cappuccino,2,4.33,8.66,2.6,1.67,4.39,Zomato,Cash
O01824,21-04-2025,April,2025,Main Menu,Sandwich,https://i.ibb.co/fzhvYTxp/sandwich.png,Cheese Chilli,2,14.06,28.12,9.51,3.17,15.44,Zomato,Online
O01825,15-06-2025,June,2025,Main Menu,Veg Mania,https://i.ibb.co/svfg0hg2/vegmania.png,Mushroom Magic,2,13.05,26.1,11,5.17,9.93,In-Store,Online
O01826,30-08-2025,August,2025,Appetizer,Macaroni,https://i.ibb.co/zVLCV731/macaroni.png,Classic Mac,4,13.18,52.72,18.82,7.94,25.96,Zomato,Online
O01827,17-07-2025,July,2025,Beverage,Hot Drinks,https://i.ibb.co/mFCQYCrw/hot.png,Hot Chocolate,4,5.57,22.28,9.11,4.3,8.87,UberEats,UPI
O01828,10-02-2025,February,2025,Beverage,Juice,https://i.ibb.co/bM9d4qvH/juice.png,Mango Juice,1,4.82,4.82,2.1,0.65,2.07,UberEats,Card
O01829,14-10-2025,October,2025,Appetizer,Macaroni,https://i.ibb.co/zVLCV731/macaroni.png,Veg Loaded Mac,3,8.88,26.64,11.03,3.79,11.82,Swiggy,Online
O01830,28-06-2025,June,2025,Main Menu,Veg Mania,https://i.ibb.co/svfg0hg2/vegmania.png,Corn Supreme,3,13.13,39.39,16.53,6.26,16.6,In-Store,UPI
O01831,06-08-2025,August,2025,Main Menu,Sandwich,https://i.ibb.co/fzhvYTxp/sandwich.png,Classic Veg,3,15.48,46.44,20.27,5.12,21.05,UberEats,Card
O01832,06-01-2025,January,2025,Main Menu,Pizza,https://i.ibb.co/vx6T9K8X/pizza-1.png,Peppy Paneer,2,10.05,20.1,8.07,2.06,9.97,Zomato,Cash
O01833,08-06-2025,June,2025,Appetizer,Burger,https://i.ibb.co/KjvbDYc5/burger.png,Paneer Burger,1,8.66,8.66,3.07,1.44,4.15,UberEats,Cash
O01834,20-05-2025,May,2025,Main Menu,Club Veg,https://i.ibb.co/7tVrrcM1/clubveg.png,Corn & Mayo Club,3,13.91,41.73,18.29,8.26,15.18,In-Store,Cash
O01835,27-12-2025,December,2025,Appetizer,Macaroni,https://i.ibb.co/zVLCV731/macaroni.png,Classic Mac,1,10.98,10.98,4.93,1.21,4.84,Swiggy,Online
O01836,20-11-2025,November,2025,Appetizer,Macaroni,https://i.ibb.co/zVLCV731/macaroni.png,Cheese Mac,4,7.04,28.16,11.8,3.06,13.3,In-Store,Cash
O01837,09-07-2025,July,2025,Main Menu,Sandwich,https://i.ibb.co/fzhvYTxp/sandwich.png,Cheese Chilli,4,17.58,70.32,21.46,9.28,39.58,Zomato,Cash
O01838,03-03-2025,March,2025,Main Menu,Pizza,https://i.ibb.co/vx6T9K8X/pizza-1.png,Margherita,1,16.05,16.05,6.29,2.72,7.04,UberEats,Cash
O01839,23-05-2025,May,2025,Main Menu,Veg Mania,https://i.ibb.co/svfg0hg2/vegmania.png,Corn Supreme,3,11.08,33.24,10.64,6.27,16.33,UberEats,Card
O01840,07-07-2025,July,2025,Beverage,Juice,https://i.ibb.co/bM9d4qvH/juice.png,Mixed Fruit Juice,4,4.82,19.28,7.01,2.7,9.57,In-Store,Cash
O01841,09-04-2025,April,2025,Beverage,Juice,https://i.ibb.co/bM9d4qvH/juice.png,Watermelon Juice,1,5.68,5.68,1.73,0.98,2.97,Swiggy,Card
O01842,23-01-2025,January,2025,Appetizer,French Fries,https://i.ibb.co/23d8CKt3/fries.png,Peri Peri Fries,1,12.37,12.37,4.53,1.26,6.58,In-Store,Card
O01843,02-01-2025,January,2025,Appetizer,Macaroni,https://i.ibb.co/zVLCV731/macaroni.png,Veg Loaded Mac,2,10.08,20.16,7.37,3.6,9.19,Swiggy,UPI
O01844,18-10-2025,October,2025,Beverage,Juice,https://i.ibb.co/bM9d4qvH/juice.png,Mixed Fruit Juice,4,6.6,26.4,11.25,4.27,10.88,Swiggy,Cash
O01845,04-04-2025,April,2025,Beverage,Juice,https://i.ibb.co/bM9d4qvH/juice.png,Mango Juice,1,4.14,4.14,1.25,0.61,2.28,UberEats,Cash
O01846,06-01-2025,January,2025,Main Menu,Club Veg,https://i.ibb.co/7tVrrcM1/clubveg.png,Corn & Mayo Club,1,12.4,12.4,3.8,1.49,7.11,Swiggy,Card
O01847,15-12-2025,December,2025,Beverage,Juice,https://i.ibb.co/bM9d4qvH/juice.png,Mango Juice,3,5.69,17.07,7.15,2.76,7.16,UberEats,Cash
O01848,28-12-2025,December,2025,Appetizer,Burger,https://i.ibb.co/KjvbDYc5/burger.png,Paneer Burger,2,11.12,22.24,8.69,3.1,10.45,Zomato,UPI
O01849,26-04-2025,April,2025,Main Menu,Club Veg,https://i.ibb.co/7tVrrcM1/clubveg.png,Veggie Club Special,3,18.67,56.01,18.25,5.93,31.83,Zomato,UPI
O01850,24-12-2025,December,2025,Appetizer,Macaroni,https://i.ibb.co/zVLCV731/macaroni.png,Classic Mac,4,7.48,29.92,9.9,4.31,15.71,In-Store,UPI
O01851,06-07-2025,July,2025,Appetizer,French Fries,https://i.ibb.co/23d8CKt3/fries.png,Loaded Fries,4,12.6,50.4,20.44,7.86,22.1,Zomato,Cash
O01852,17-07-2025,July,2025,Main Menu,Sandwich,https://i.ibb.co/fzhvYTxp/sandwich.png,Classic Veg,2,11.11,22.22,8.73,4.01,9.48,UberEats,UPI
O01853,25-06-2025,June,2025,Beverage,Hot Drinks,https://i.ibb.co/mFCQYCrw/hot.png,Espresso,3,7.93,23.79,8.15,2.78,12.86,Zomato,UPI
O01854,28-08-2025,August,2025,Appetizer,Burger,https://i.ibb.co/KjvbDYc5/burger.png,Aloo Tikki Burger,2,10.86,21.72,9.19,3.38,9.15,Zomato,Online
O01855,28-08-2025,August,2025,Beverage,Hot Drinks,https://i.ibb.co/mFCQYCrw/hot.png,Hot Chocolate,1,6.34,6.34,2.74,0.66,2.94,In-Store,Cash
O01856,26-12-2025,December,2025,Main Menu,Club Veg,https://i.ibb.co/7tVrrcM1/clubveg.png,Triple Cheese Club,2,18.72,37.44,14.86,6.85,15.73,Zomato,Online
O01857,21-06-2025,June,2025,Appetizer,French Fries,https://i.ibb.co/23d8CKt3/fries.png,Salted Fries,4,12.82,51.28,21.25,9.4,20.63,Zomato,UPI
O01858,25-03-2025,March,2025,Appetizer,French Fries,https://i.ibb.co/23d8CKt3/fries.png,Peri Peri Fries,1,13.14,13.14,4.04,1.52,7.58,Swiggy,Online
O01859,22-08-2025,August,2025,Beverage,Hot Drinks,https://i.ibb.co/mFCQYCrw/hot.png,Green Tea,4,4.66,18.64,5.62,3.03,9.99,In-Store,Card
O01860,11-07-2025,July,2025,Beverage,Hot Drinks,https://i.ibb.co/mFCQYCrw/hot.png,Green Tea,1,7.25,7.25,3.03,1.17,3.05,In-Store,UPI
O01861,30-04-2025,April,2025,Beverage,Juice,https://i.ibb.co/bM9d4qvH/juice.png,Mixed Fruit Juice,4,4.78,19.12,7.71,3.07,8.34,In-Store,UPI
O01862,25-07-2025,July,2025,Beverage,Juice,https://i.ibb.co/bM9d4qvH/juice.png,Mango Juice,2,6.34,12.68,4.13,1.56,6.99,Zomato,UPI
O01863,24-12-2025,December,2025,Beverage,Juice,https://i.ibb.co/bM9d4qvH/juice.png,Mango Juice,2,6.12,12.24,4.27,1.94,6.03,Zomato,UPI
O01864,16-02-2025,February,2025,Appetizer,Burger,https://i.ibb.co/KjvbDYc5/burger.png,Paneer Burger,3,12.64,37.92,14.17,7.49,16.26,In-Store,Online
O01865,24-08-2025,August,2025,Main Menu,Sandwich,https://i.ibb.co/fzhvYTxp/sandwich.png,Cheese Chilli,3,15.95,47.85,21.22,8.45,18.18,Zomato,UPI
O01866,11-02-2025,February,2025,Main Menu,Sandwich,https://i.ibb.co/fzhvYTxp/sandwich.png,Cheese Chilli,3,17.46,52.38,21.91,8.93,21.54,In-Store,Cash
O01867,06-05-2025,May,2025,Main Menu,Club Veg,https://i.ibb.co/7tVrrcM1/clubveg.png,Triple Cheese Club,4,14.5,58,24.42,7.93,25.65,In-Store,Card
O01868,21-02-2025,February,2025,Appetizer,French Fries,https://i.ibb.co/23d8CKt3/fries.png,Loaded Fries,1,12.8,12.8,4.87,1.86,6.07,Zomato,Online
O01869,12-07-2025,July,2025,Appetizer,French Fries,https://i.ibb.co/23d8CKt3/fries.png,Peri Peri Fries,1,6.03,6.03,1.87,0.6,3.56,Swiggy,Online
O01870,12-06-2025,June,2025,Main Menu,Pizza,https://i.ibb.co/vx6T9K8X/pizza-1.png,Peppy Paneer,4,13.44,53.76,18.95,7.81,27,UberEats,Online
O01871,21-07-2025,July,2025,Beverage,Juice,https://i.ibb.co/bM9d4qvH/juice.png,Watermelon Juice,4,4.24,16.96,5.9,1.98,9.08,In-Store,Cash
O01872,08-11-2025,November,2025,Main Menu,Sandwich,https://i.ibb.co/fzhvYTxp/sandwich.png,Paneer Tikka,4,13.78,55.12,18.63,6.77,29.72,UberEats,UPI
O01873,01-01-2025,January,2025,Beverage,Hot Drinks,https://i.ibb.co/mFCQYCrw/hot.png,Espresso,4,4.65,18.6,6.33,3.16,9.11,Zomato,Card
O01874,07-04-2025,April,2025,Main Menu,Sandwich,https://i.ibb.co/fzhvYTxp/sandwich.png,Paneer Tikka,1,18.72,18.72,6.18,2.97,9.57,In-Store,Cash
O01875,16-07-2025,July,2025,Beverage,Juice,https://i.ibb.co/bM9d4qvH/juice.png,Mixed Fruit Juice,4,8.31,33.24,12.07,3.96,17.21,Zomato,UPI
O01876,18-07-2025,July,2025,Beverage,Hot Drinks,https://i.ibb.co/mFCQYCrw/hot.png,Espresso,4,7.64,30.56,11.07,3.88,15.61,UberEats,Online
O01877,25-03-2025,March,2025,Appetizer,French Fries,https://i.ibb.co/23d8CKt3/fries.png,Salted Fries,1,11.23,11.23,3.81,1.78,5.64,In-Store,Cash
O01878,18-12-2025,December,2025,Beverage,Juice,https://i.ibb.co/bM9d4qvH/juice.png,Mixed Fruit Juice,4,8.92,35.68,11.33,6.37,17.98,Swiggy,Card
O01879,07-03-2025,March,2025,Beverage,Hot Drinks,https://i.ibb.co/mFCQYCrw/hot.png,Green Tea,3,4.58,13.74,5.63,2.64,5.47,Swiggy,Online
O01880,10-12-2025,December,2025,Appetizer,Macaroni,https://i.ibb.co/zVLCV731/macaroni.png,Classic Mac,2,11.91,23.82,8.51,4.66,10.65,UberEats,Online
O01881,21-11-2025,November,2025,Main Menu,Pizza,https://i.ibb.co/vx6T9K8X/pizza-1.png,Peppy Paneer,3,19.62,58.86,24.36,9.02,25.48,In-Store,UPI
O01882,06-07-2025,July,2025,Main Menu,Sandwich,https://i.ibb.co/fzhvYTxp/sandwich.png,Classic Veg,1,19.53,19.53,7.14,2.97,9.42,In-Store,Cash
O01883,04-01-2025,January,2025,Appetizer,French Fries,https://i.ibb.co/23d8CKt3/fries.png,Cheese Fries,1,6.12,6.12,1.86,0.65,3.61,Zomato,Online
O01884,25-01-2025,January,2025,Appetizer,Macaroni,https://i.ibb.co/zVLCV731/macaroni.png,Classic Mac,3,13.26,39.78,16.14,4.32,19.32,Swiggy,Online
O01885,07-07-2025,July,2025,Main Menu,Club Veg,https://i.ibb.co/7tVrrcM1/clubveg.png,Spicy Club,3,16.54,49.62,17.8,7.39,24.43,In-Store,UPI
O01886,01-06-2025,June,2025,Main Menu,Club Veg,https://i.ibb.co/7tVrrcM1/clubveg.png,Veggie Club Special,4,14.2,56.8,23.18,10.03,23.59,UberEats,UPI
O01887,09-01-2025,January,2025,Appetizer,Macaroni,https://i.ibb.co/zVLCV731/macaroni.png,Veg Loaded Mac,2,10.11,20.22,8.9,2.2,9.12,Swiggy,Cash
O01888,19-01-2025,January,2025,Beverage,Hot Drinks,https://i.ibb.co/mFCQYCrw/hot.png,Cappuccino,1,8.49,8.49,3.74,1.01,3.74,Zomato,Cash
O01889,18-02-2025,February,2025,Main Menu,Sandwich,https://i.ibb.co/fzhvYTxp/sandwich.png,Classic Veg,1,19.94,19.94,6.4,2.04,11.5,In-Store,UPI
O01890,23-08-2025,August,2025,Beverage,Juice,https://i.ibb.co/bM9d4qvH/juice.png,Mixed Fruit Juice,3,6.77,20.31,6.95,4.01,9.35,Swiggy,Cash
O01891,10-07-2025,July,2025,Main Menu,Sandwich,https://i.ibb.co/fzhvYTxp/sandwich.png,Grilled Veg,1,17.33,17.33,5.5,2.36,9.47,In-Store,Cash
O01892,23-11-2025,November,2025,Beverage,Hot Drinks,https://i.ibb.co/mFCQYCrw/hot.png,Green Tea,3,8.61,25.83,10.27,4.42,11.14,In-Store,Cash
O01893,12-05-2025,May,2025,Beverage,Juice,https://i.ibb.co/bM9d4qvH/juice.png,Mixed Fruit Juice,4,5.6,22.4,8.11,3.32,10.97,Swiggy,Card
O01894,14-05-2025,May,2025,Appetizer,French Fries,https://i.ibb.co/23d8CKt3/fries.png,Peri Peri Fries,1,8.85,8.85,3.26,1.26,4.33,Swiggy,UPI
O01895,31-08-2025,August,2025,Main Menu,Pizza,https://i.ibb.co/vx6T9K8X/pizza-1.png,Peppy Paneer,2,14.26,28.52,10.64,4.84,13.04,Zomato,UPI
O01896,10-12-2025,December,2025,Main Menu,Pizza,https://i.ibb.co/vx6T9K8X/pizza-1.png,Farmhouse,1,13.92,13.92,5.5,2.66,5.76,UberEats,UPI
O01897,28-07-2025,July,2025,Main Menu,Veg Mania,https://i.ibb.co/svfg0hg2/vegmania.png,Veg Overload,1,15.57,15.57,6.02,1.79,7.76,Zomato,UPI
O01898,25-08-2025,August,2025,Beverage,Hot Drinks,https://i.ibb.co/mFCQYCrw/hot.png,Espresso,1,5.43,5.43,2.01,1.02,2.4,Zomato,Card
O01899,30-12-2025,December,2025,Appetizer,Burger,https://i.ibb.co/KjvbDYc5/burger.png,Aloo Tikki Burger,2,11.39,22.78,9.77,3.63,9.38,UberEats,Online
O01900,04-08-2025,August,2025,Beverage,Hot Drinks,https://i.ibb.co/mFCQYCrw/hot.png,Green Tea,3,8.08,24.24,8.63,3.36,12.25,In-Store,Cash
O01901,24-06-2025,June,2025,Appetizer,Macaroni,https://i.ibb.co/zVLCV731/macaroni.png,Spicy Mac,1,13.32,13.32,4.71,1.42,7.19,Zomato,Online
O01902,13-09-2025,September,2025,Main Menu,Sandwich,https://i.ibb.co/fzhvYTxp/sandwich.png,Classic Veg,4,19.93,79.72,24.72,12.71,42.29,UberEats,Online
O01903,05-12-2025,December,2025,Beverage,Juice,https://i.ibb.co/bM9d4qvH/juice.png,Mixed Fruit Juice,1,8.14,8.14,2.95,1.6,3.59,UberEats,Cash
O01904,29-09-2025,September,2025,Appetizer,Macaroni,https://i.ibb.co/zVLCV731/macaroni.png,Veg Loaded Mac,3,12.34,37.02,14.12,7.1,15.8,UberEats,Online
O01905,28-08-2025,August,2025,Main Menu,Sandwich,https://i.ibb.co/fzhvYTxp/sandwich.png,Cheese Chilli,1,14.48,14.48,6.41,2.09,5.98,UberEats,Online
O01906,12-01-2025,January,2025,Appetizer,French Fries,https://i.ibb.co/23d8CKt3/fries.png,Loaded Fries,2,7.59,15.18,6.51,1.62,7.05,Zomato,Online
O01907,09-03-2025,March,2025,Appetizer,French Fries,https://i.ibb.co/23d8CKt3/fries.png,Salted Fries,1,7.38,7.38,2.54,0.9,3.94,Swiggy,Online
O01908,19-04-2025,April,2025,Main Menu,Club Veg,https://i.ibb.co/7tVrrcM1/clubveg.png,Veggie Club Special,4,13.13,52.52,17.5,7.69,27.33,Zomato,Online
O01909,29-07-2025,July,2025,Appetizer,Burger,https://i.ibb.co/KjvbDYc5/burger.png,Spicy Bean Burger,1,12.99,12.99,5.45,2,5.54,UberEats,UPI
O01910,19-11-2025,November,2025,Main Menu,Club Veg,https://i.ibb.co/7tVrrcM1/clubveg.png,Corn & Mayo Club,2,11.45,22.9,8.25,4.37,10.28,Zomato,Online
O01911,26-08-2025,August,2025,Appetizer,Macaroni,https://i.ibb.co/zVLCV731/macaroni.png,Cheese Mac,1,10.34,10.34,3.2,1.41,5.73,Zomato,Online
O01912,02-01-2025,January,2025,Beverage,Hot Drinks,https://i.ibb.co/mFCQYCrw/hot.png,Green Tea,1,4.01,4.01,1.63,0.75,1.63,Zomato,Cash
O01913,25-10-2025,October,2025,Beverage,Hot Drinks,https://i.ibb.co/mFCQYCrw/hot.png,Green Tea,4,6.26,25.04,9.88,2.7,12.46,In-Store,Card
O01914,15-01-2025,January,2025,Beverage,Juice,https://i.ibb.co/bM9d4qvH/juice.png,Mango Juice,1,4.77,4.77,1.73,0.91,2.13,Swiggy,Online
O01915,16-06-2025,June,2025,Beverage,Juice,https://i.ibb.co/bM9d4qvH/juice.png,Mango Juice,2,4.53,9.06,3.25,1.79,4.02,In-Store,Cash
O01916,12-01-2025,January,2025,Beverage,Hot Drinks,https://i.ibb.co/mFCQYCrw/hot.png,Cappuccino,2,6.56,13.12,4.25,2.62,6.25,Zomato,Online
O01917,03-05-2025,May,2025,Main Menu,Pizza,https://i.ibb.co/vx6T9K8X/pizza-1.png,Farmhouse,3,15.03,45.09,17.83,8.27,18.99,UberEats,Card
O01918,03-02-2025,February,2025,Main Menu,Sandwich,https://i.ibb.co/fzhvYTxp/sandwich.png,Classic Veg,2,13.45,26.9,9.21,4.54,13.15,In-Store,Card
O01919,05-11-2025,November,2025,Appetizer,Burger,https://i.ibb.co/KjvbDYc5/burger.png,Veg Cheese Burger,1,7.77,7.77,2.96,1.54,3.27,In-Store,Cash
O01920,19-06-2025,June,2025,Main Menu,Sandwich,https://i.ibb.co/fzhvYTxp/sandwich.png,Classic Veg,3,15.56,46.68,17.2,7.5,21.98,Swiggy,Cash
O01921,17-01-2025,January,2025,Beverage,Hot Drinks,https://i.ibb.co/mFCQYCrw/hot.png,Green Tea,1,8.14,8.14,2.95,1.26,3.93,In-Store,Cash
O01922,14-05-2025,May,2025,Beverage,Juice,https://i.ibb.co/bM9d4qvH/juice.png,Orange Juice,4,6.48,25.92,9.49,2.83,13.6,In-Store,Online
O01923,31-01-2025,January,2025,Appetizer,Macaroni,https://i.ibb.co/zVLCV731/macaroni.png,Classic Mac,3,7.71,23.13,9.6,4.54,8.99,UberEats,Online
O01924,19-09-2025,September,2025,Beverage,Hot Drinks,https://i.ibb.co/mFCQYCrw/hot.png,Green Tea,1,4.56,4.56,1.68,0.7,2.18,Swiggy,Cash
O01925,15-05-2025,May,2025,Beverage,Juice,https://i.ibb.co/bM9d4qvH/juice.png,Mango Juice,1,4.78,4.78,1.78,0.94,2.06,UberEats,Online
O01926,23-06-2025,June,2025,Main Menu,Sandwich,https://i.ibb.co/fzhvYTxp/sandwich.png,Classic Veg,3,18.99,56.97,21.83,8.88,26.26,Zomato,UPI
O01927,18-06-2025,June,2025,Beverage,Juice,https://i.ibb.co/bM9d4qvH/juice.png,Mixed Fruit Juice,3,4.89,14.67,4.46,1.56,8.65,In-Store,Card
O01928,25-06-2025,June,2025,Appetizer,French Fries,https://i.ibb.co/23d8CKt3/fries.png,Loaded Fries,3,10.1,30.3,10.06,3.21,17.03,UberEats,Online
O01929,13-05-2025,May,2025,Beverage,Hot Drinks,https://i.ibb.co/mFCQYCrw/hot.png,Espresso,4,4.72,18.88,6.08,2.64,10.16,Zomato,Card
O01930,28-05-2025,May,2025,Main Menu,Sandwich,https://i.ibb.co/fzhvYTxp/sandwich.png,Paneer Tikka,3,19.99,59.97,19.58,9.63,30.76,UberEats,UPI
O01931,23-03-2025,March,2025,Beverage,Hot Drinks,https://i.ibb.co/mFCQYCrw/hot.png,Green Tea,4,6.93,27.72,11.01,3.63,13.08,In-Store,UPI
O01932,22-12-2025,December,2025,Main Menu,Sandwich,https://i.ibb.co/fzhvYTxp/sandwich.png,Paneer Tikka,2,15.24,30.48,12.15,3.85,14.48,In-Store,UPI
O01933,27-04-2025,April,2025,Main Menu,Sandwich,https://i.ibb.co/fzhvYTxp/sandwich.png,Paneer Tikka,1,15.19,15.19,5.41,1.61,8.17,Zomato,Cash
O01934,06-07-2025,July,2025,Beverage,Hot Drinks,https://i.ibb.co/mFCQYCrw/hot.png,Green Tea,1,6.08,6.08,2.67,1.11,2.3,Zomato,UPI
O01935,21-03-2025,March,2025,Beverage,Hot Drinks,https://i.ibb.co/mFCQYCrw/hot.png,Hot Chocolate,2,5.19,10.38,4.28,1.98,4.12,In-Store,Online
O01936,28-03-2025,March,2025,Beverage,Hot Drinks,https://i.ibb.co/mFCQYCrw/hot.png,Cappuccino,3,7.37,22.11,9.03,3.99,9.09,In-Store,Online
O01937,09-12-2025,December,2025,Main Menu,Club Veg,https://i.ibb.co/7tVrrcM1/clubveg.png,Veggie Club Special,1,16.64,16.64,6.85,3.07,6.72,UberEats,Card
O01938,18-03-2025,March,2025,Appetizer,French Fries,https://i.ibb.co/23d8CKt3/fries.png,Salted Fries,4,6.25,25,10.81,3.74,10.45,Zomato,UPI
O01939,24-08-2025,August,2025,Beverage,Juice,https://i.ibb.co/bM9d4qvH/juice.png,Mango Juice,3,7.77,23.31,9.53,4.53,9.25,Zomato,UPI
O01940,17-01-2025,January,2025,Appetizer,French Fries,https://i.ibb.co/23d8CKt3/fries.png,Salted Fries,1,10.99,10.99,3.65,1.49,5.85,UberEats,Cash
O01941,11-10-2025,October,2025,Beverage,Juice,https://i.ibb.co/bM9d4qvH/juice.png,Orange Juice,4,4.88,19.52,8.22,2.95,8.35,In-Store,Card
O01942,12-05-2025,May,2025,Beverage,Juice,https://i.ibb.co/bM9d4qvH/juice.png,Mango Juice,2,5.41,10.82,3.88,1.17,5.77,Zomato,Online
O01943,21-01-2025,January,2025,Beverage,Hot Drinks,https://i.ibb.co/mFCQYCrw/hot.png,Hot Chocolate,4,6.95,27.8,9.01,3.56,15.23,Swiggy,Card
O01944,02-02-2025,February,2025,Main Menu,Club Veg,https://i.ibb.co/7tVrrcM1/clubveg.png,Triple Cheese Club,4,17.34,69.36,26.06,7.97,35.33,Zomato,Card
O01945,27-10-2025,October,2025,Beverage,Hot Drinks,https://i.ibb.co/mFCQYCrw/hot.png,Green Tea,3,4.62,13.86,5.63,2.42,5.81,Swiggy,Cash
O01946,21-11-2025,November,2025,Main Menu,Sandwich,https://i.ibb.co/fzhvYTxp/sandwich.png,Classic Veg,4,17.77,71.08,31.54,13.18,26.36,Swiggy,Online
O01947,01-09-2025,September,2025,Main Menu,Veg Mania,https://i.ibb.co/svfg0hg2/vegmania.png,Mushroom Magic,1,13.28,13.28,4.82,2.31,6.15,In-Store,UPI
O01948,05-01-2025,January,2025,Beverage,Hot Drinks,https://i.ibb.co/mFCQYCrw/hot.png,Espresso,3,8.03,24.09,10.47,2.81,10.81,In-Store,Card
O01949,22-11-2025,November,2025,Beverage,Hot Drinks,https://i.ibb.co/mFCQYCrw/hot.png,Espresso,1,7.96,7.96,2.7,1.22,4.04,UberEats,Online
O01950,19-05-2025,May,2025,Appetizer,French Fries,https://i.ibb.co/23d8CKt3/fries.png,Peri Peri Fries,3,12.77,38.31,14.69,5.41,18.21,UberEats,Online
O01951,26-05-2025,May,2025,Beverage,Hot Drinks,https://i.ibb.co/mFCQYCrw/hot.png,Hot Chocolate,2,4.63,9.26,2.93,1.18,5.15,Zomato,UPI
O01952,14-12-2025,December,2025,Beverage,Hot Drinks,https://i.ibb.co/mFCQYCrw/hot.png,Green Tea,2,5.76,11.52,4.94,1.51,5.07,Swiggy,Card
O01953,04-01-2025,January,2025,Appetizer,French Fries,https://i.ibb.co/23d8CKt3/fries.png,Loaded Fries,4,10.53,42.12,12.74,4.7,24.68,In-Store,Card
O01954,03-02-2025,February,2025,Appetizer,French Fries,https://i.ibb.co/23d8CKt3/fries.png,Cheese Fries,2,6.91,13.82,6,1.46,6.36,Swiggy,Online
O01955,23-11-2025,November,2025,Beverage,Juice,https://i.ibb.co/bM9d4qvH/juice.png,Mango Juice,4,7.58,30.32,10.57,3.1,16.65,Swiggy,Card
O01956,07-06-2025,June,2025,Beverage,Hot Drinks,https://i.ibb.co/mFCQYCrw/hot.png,Hot Chocolate,2,6.42,12.84,4.77,2.26,5.81,In-Store,Cash
O01957,03-06-2025,June,2025,Beverage,Juice,https://i.ibb.co/bM9d4qvH/juice.png,Mango Juice,2,6.4,12.8,4.9,2.24,5.66,UberEats,Card
O01958,22-07-2025,July,2025,Main Menu,Sandwich,https://i.ibb.co/fzhvYTxp/sandwich.png,Cheese Chilli,1,12.19,12.19,3.73,1.37,7.09,UberEats,Online
O01959,01-11-2025,November,2025,Appetizer,French Fries,https://i.ibb.co/23d8CKt3/fries.png,Cheese Fries,3,9.22,27.66,8.45,4.48,14.73,Zomato,UPI
O01960,05-06-2025,June,2025,Appetizer,Burger,https://i.ibb.co/KjvbDYc5/burger.png,Paneer Burger,3,6.69,20.07,7.1,3.17,9.8,UberEats,UPI
O01961,11-06-2025,June,2025,Appetizer,Macaroni,https://i.ibb.co/zVLCV731/macaroni.png,Spicy Mac,2,6.67,13.34,4.61,2.63,6.1,In-Store,Online
O01962,26-07-2025,July,2025,Main Menu,Pizza,https://i.ibb.co/vx6T9K8X/pizza-1.png,Peppy Paneer,4,11.37,45.48,18.08,6.04,21.36,Zomato,Online
O01963,10-01-2025,January,2025,Beverage,Juice,https://i.ibb.co/bM9d4qvH/juice.png,Mango Juice,4,5.31,21.24,6.57,3.52,11.15,UberEats,UPI
O01964,13-01-2025,January,2025,Appetizer,Macaroni,https://i.ibb.co/zVLCV731/macaroni.png,Spicy Mac,1,12.24,12.24,3.75,1.84,6.65,UberEats,Card
O01965,13-11-2025,November,2025,Beverage,Hot Drinks,https://i.ibb.co/mFCQYCrw/hot.png,Hot Chocolate,1,8.6,8.6,3.03,1.12,4.45,Swiggy,Cash
O01966,24-03-2025,March,2025,Appetizer,French Fries,https://i.ibb.co/23d8CKt3/fries.png,Loaded Fries,2,6.07,12.14,3.68,2.1,6.36,In-Store,Cash
O01967,19-07-2025,July,2025,Beverage,Hot Drinks,https://i.ibb.co/mFCQYCrw/hot.png,Cappuccino,1,7.29,7.29,2.9,0.77,3.62,UberEats,Online
O01968,21-02-2025,February,2025,Main Menu,Club Veg,https://i.ibb.co/7tVrrcM1/clubveg.png,Spicy Club,1,14.97,14.97,6.04,2.22,6.71,UberEats,Online
O01969,26-02-2025,February,2025,Appetizer,Burger,https://i.ibb.co/KjvbDYc5/burger.png,Aloo Tikki Burger,3,7.71,23.13,9.05,2.56,11.52,UberEats,Online
O01970,19-03-2025,March,2025,Beverage,Hot Drinks,https://i.ibb.co/mFCQYCrw/hot.png,Cappuccino,2,5.19,10.38,4.45,1.68,4.25,Swiggy,Online
O01971,17-06-2025,June,2025,Beverage,Hot Drinks,https://i.ibb.co/mFCQYCrw/hot.png,Hot Chocolate,3,7.48,22.44,7.41,3.26,11.77,Swiggy,Card
O01972,25-12-2025,December,2025,Beverage,Hot Drinks,https://i.ibb.co/mFCQYCrw/hot.png,Hot Chocolate,3,7.19,21.57,6.9,3.61,11.06,In-Store,Card
O01973,14-06-2025,June,2025,Appetizer,Burger,https://i.ibb.co/KjvbDYc5/burger.png,Spicy Bean Burger,3,13.4,40.2,12.99,7.21,20,UberEats,UPI
O01974,13-12-2025,December,2025,Beverage,Hot Drinks,https://i.ibb.co/mFCQYCrw/hot.png,Hot Chocolate,2,4.85,9.7,3.76,1.4,4.54,Swiggy,Card
O01975,25-11-2025,November,2025,Appetizer,Macaroni,https://i.ibb.co/zVLCV731/macaroni.png,Spicy Mac,4,8.56,34.24,12.1,3.45,18.69,In-Store,Cash
O01976,31-01-2025,January,2025,Beverage,Hot Drinks,https://i.ibb.co/mFCQYCrw/hot.png,Espresso,4,6.14,24.56,7.74,3.13,13.69,In-Store,Cash
O01977,17-06-2025,June,2025,Beverage,Hot Drinks,https://i.ibb.co/mFCQYCrw/hot.png,Hot Chocolate,4,8.9,35.6,12.27,5.69,17.64,UberEats,Cash
O01978,08-02-2025,February,2025,Beverage,Juice,https://i.ibb.co/bM9d4qvH/juice.png,Orange Juice,1,4.26,4.26,1.33,0.83,2.1,Zomato,Cash
O01979,28-08-2025,August,2025,Beverage,Juice,https://i.ibb.co/bM9d4qvH/juice.png,Orange Juice,3,8.56,25.68,7.78,3.5,14.4,In-Store,UPI
O01980,20-08-2025,August,2025,Beverage,Juice,https://i.ibb.co/bM9d4qvH/juice.png,Watermelon Juice,1,8.36,8.36,3.3,1.3,3.76,Swiggy,Card
O01981,22-10-2025,October,2025,Appetizer,Macaroni,https://i.ibb.co/zVLCV731/macaroni.png,Spicy Mac,4,11.86,47.44,14.43,8.56,24.45,Swiggy,Online
O01982,31-05-2025,May,2025,Main Menu,Pizza,https://i.ibb.co/vx6T9K8X/pizza-1.png,Margherita,1,18.31,18.31,6.9,3.35,8.06,Swiggy,Card
O01983,07-08-2025,August,2025,Main Menu,Club Veg,https://i.ibb.co/7tVrrcM1/clubveg.png,Veggie Club Special,4,15.71,62.84,26.98,11.56,24.3,UberEats,Online
O01984,07-12-2025,December,2025,Main Menu,Club Veg,https://i.ibb.co/7tVrrcM1/clubveg.png,Veggie Club Special,3,15.02,45.06,17.54,7.18,20.34,Zomato,Card
O01985,07-06-2025,June,2025,Main Menu,Veg Mania,https://i.ibb.co/svfg0hg2/vegmania.png,Paneer Delight,4,11.23,44.92,14.21,6.38,24.33,Swiggy,Card
O01986,28-06-2025,June,2025,Main Menu,Club Veg,https://i.ibb.co/7tVrrcM1/clubveg.png,Spicy Club,2,11.07,22.14,8.67,3.64,9.83,Zomato,Card
O01987,05-06-2025,June,2025,Main Menu,Pizza,https://i.ibb.co/vx6T9K8X/pizza-1.png,Peppy Paneer,4,18.94,75.76,26.89,13.3,35.57,Zomato,Card
O01988,14-01-2025,January,2025,Main Menu,Pizza,https://i.ibb.co/vx6T9K8X/pizza-1.png,Margherita,2,11.15,22.3,9.8,2.91,9.59,In-Store,Cash
O01989,17-04-2025,April,2025,Appetizer,Burger,https://i.ibb.co/KjvbDYc5/burger.png,Spicy Bean Burger,3,12.25,36.75,16.47,5.72,14.56,In-Store,Online
O01990,16-04-2025,April,2025,Appetizer,French Fries,https://i.ibb.co/23d8CKt3/fries.png,Salted Fries,3,9.19,27.57,8.29,4.31,14.97,Swiggy,Card
O01991,24-10-2025,October,2025,Beverage,Juice,https://i.ibb.co/bM9d4qvH/juice.png,Mango Juice,2,5.61,11.22,4.31,1.36,5.55,Zomato,Cash
O01992,06-11-2025,November,2025,Appetizer,French Fries,https://i.ibb.co/23d8CKt3/fries.png,Cheese Fries,3,12.28,36.84,13.92,5.34,17.58,In-Store,Card
O01993,16-02-2025,February,2025,Beverage,Hot Drinks,https://i.ibb.co/mFCQYCrw/hot.png,Green Tea,1,6.78,6.78,2.85,1.04,2.89,UberEats,Cash
O01994,09-01-2025,January,2025,Main Menu,Pizza,https://i.ibb.co/vx6T9K8X/pizza-1.png,Veggie Paradise,3,14.26,42.78,13.58,6.83,22.37,In-Store,Cash
O01995,04-07-2025,July,2025,Appetizer,Burger,https://i.ibb.co/KjvbDYc5/burger.png,Spicy Bean Burger,4,6.64,26.56,8.64,4.5,13.42,UberEats,Card
O01996,13-02-2025,February,2025,Beverage,Hot Drinks,https://i.ibb.co/mFCQYCrw/hot.png,Green Tea,4,7.44,29.76,10.41,5.22,14.13,Swiggy,UPI
O01997,28-11-2025,November,2025,Appetizer,Burger,https://i.ibb.co/KjvbDYc5/burger.png,Veg Cheese Burger,3,11.1,33.3,13.05,4.57,15.68,Zomato,Card
O01998,05-01-2025,January,2025,Main Menu,Sandwich,https://i.ibb.co/fzhvYTxp/sandwich.png,Cheese Chilli,4,18.36,73.44,31.04,11.66,30.74,In-Store,Cash
O01999,02-11-2025,November,2025,Main Menu,Club Veg,https://i.ibb.co/7tVrrcM1/clubveg.png,Spicy Club,1,12.04,12.04,4.62,1.96,5.46,In-Store,Card
O02000,30-03-2025,March,2025,Main Menu,Sandwich,https://i.ibb.co/fzhvYTxp/sandwich.png,Cheese Chilli,1,19.52,19.52,8.72,2.16,8.64,UberEats,Cash
O02001,16-01-2025,January,2025,Appetizer,Burger,https://i.ibb.co/KjvbDYc5/burger.png,Paneer Burger,3,13.31,39.93,13.48,6.75,19.7,In-Store,UPI
O02002,15-11-2025,November,2025,Appetizer,Burger,https://i.ibb.co/KjvbDYc5/burger.png,Aloo Tikki Burger,4,10.47,41.88,14.46,6.61,20.81,UberEats,Cash
O02003,18-01-2025,January,2025,Beverage,Juice,https://i.ibb.co/bM9d4qvH/juice.png,Mixed Fruit Juice,2,6.9,13.8,6.06,2.01,5.73,Swiggy,Online
O02004,26-09-2025,September,2025,Main Menu,Sandwich,https://i.ibb.co/fzhvYTxp/sandwich.png,Grilled Veg,2,19.14,38.28,11.91,4.23,22.14,Swiggy,UPI
O02005,17-02-2025,February,2025,Appetizer,Burger,https://i.ibb.co/KjvbDYc5/burger.png,Aloo Tikki Burger,3,6.31,18.93,7.62,3.4,7.91,In-Store,Online
O02006,02-10-2025,October,2025,Appetizer,Burger,https://i.ibb.co/KjvbDYc5/burger.png,Aloo Tikki Burger,3,10.27,30.81,11.64,4.26,14.91,UberEats,Online
O02007,12-05-2025,May,2025,Main Menu,Club Veg,https://i.ibb.co/7tVrrcM1/clubveg.png,Spicy Club,3,11.15,33.45,10.66,3.48,19.31,Swiggy,Online
O02008,20-10-2025,October,2025,Main Menu,Sandwich,https://i.ibb.co/fzhvYTxp/sandwich.png,Cheese Chilli,3,12.44,37.32,15.86,5.43,16.03,Zomato,Card
O02009,04-12-2025,December,2025,Main Menu,Veg Mania,https://i.ibb.co/svfg0hg2/vegmania.png,Veg Overload,1,11.07,11.07,4.49,1.81,4.77,UberEats,Cash
O02010,26-04-2025,April,2025,Appetizer,Burger,https://i.ibb.co/KjvbDYc5/burger.png,Paneer Burger,1,7.11,7.11,3.17,0.89,3.05,UberEats,Online
O02011,30-10-2025,October,2025,Beverage,Hot Drinks,https://i.ibb.co/mFCQYCrw/hot.png,Cappuccino,2,4.15,8.3,3.13,1.19,3.98,UberEats,Online
O02012,05-12-2025,December,2025,Main Menu,Veg Mania,https://i.ibb.co/svfg0hg2/vegmania.png,Veg Overload,4,19.28,77.12,29.47,8.03,39.62,Swiggy,Card
O02013,08-01-2025,January,2025,Main Menu,Veg Mania,https://i.ibb.co/svfg0hg2/vegmania.png,Mushroom Magic,1,15.76,15.76,5.57,3.06,7.13,Zomato,Online
O02014,06-01-2025,January,2025,Beverage,Hot Drinks,https://i.ibb.co/mFCQYCrw/hot.png,Green Tea,3,5.48,16.44,7.21,3.05,6.18,UberEats,Card
O02015,23-10-2025,October,2025,Appetizer,Macaroni,https://i.ibb.co/zVLCV731/macaroni.png,Cheese Mac,4,9.14,36.56,11.94,6.67,17.95,In-Store,UPI
O02016,14-08-2025,August,2025,Main Menu,Club Veg,https://i.ibb.co/7tVrrcM1/clubveg.png,Spicy Club,3,19.3,57.9,18.51,10.92,28.47,UberEats,Card
O02017,24-06-2025,June,2025,Appetizer,French Fries,https://i.ibb.co/23d8CKt3/fries.png,Loaded Fries,2,9.38,18.76,7.49,3.44,7.83,Swiggy,UPI
O02018,15-05-2025,May,2025,Main Menu,Club Veg,https://i.ibb.co/7tVrrcM1/clubveg.png,Corn & Mayo Club,3,15.23,45.69,18.66,5.5,21.53,Swiggy,Card
O02019,27-04-2025,April,2025,Appetizer,Burger,https://i.ibb.co/KjvbDYc5/burger.png,Aloo Tikki Burger,2,9.76,19.52,8.05,2.81,8.66,UberEats,Card
O02020,07-06-2025,June,2025,Appetizer,Macaroni,https://i.ibb.co/zVLCV731/macaroni.png,Classic Mac,2,11,22,9.83,2.7,9.47,Zomato,Online
O02021,10-04-2025,April,2025,Main Menu,Sandwich,https://i.ibb.co/fzhvYTxp/sandwich.png,Grilled Veg,2,14.33,28.66,9.04,4.59,15.03,Zomato,UPI
O02022,04-11-2025,November,2025,Main Menu,Veg Mania,https://i.ibb.co/svfg0hg2/vegmania.png,Corn Supreme,4,11.2,44.8,15.38,4.87,24.55,Zomato,Card
O02023,23-03-2025,March,2025,Main Menu,Sandwich,https://i.ibb.co/fzhvYTxp/sandwich.png,Cheese Chilli,4,13.78,55.12,20.86,6.38,27.88,Zomato,Online
O02024,23-05-2025,May,2025,Main Menu,Pizza,https://i.ibb.co/vx6T9K8X/pizza-1.png,Peppy Paneer,4,11.88,47.52,16.33,5.44,25.75,In-Store,Online
O02025,28-08-2025,August,2025,Appetizer,Burger,https://i.ibb.co/KjvbDYc5/burger.png,Paneer Burger,1,7.78,7.78,2.64,1.33,3.81,Swiggy,Cash
O02026,29-12-2025,December,2025,Beverage,Hot Drinks,https://i.ibb.co/mFCQYCrw/hot.png,Cappuccino,4,5.19,20.76,7.24,3.06,10.46,Swiggy,Cash
O02027,13-03-2025,March,2025,Main Menu,Pizza,https://i.ibb.co/vx6T9K8X/pizza-1.png,Farmhouse,4,19.86,79.44,30.39,9.93,39.12,Zomato,Online
O02028,27-11-2025,November,2025,Appetizer,Macaroni,https://i.ibb.co/zVLCV731/macaroni.png,Cheese Mac,3,9.42,28.26,12.27,3.94,12.05,Zomato,UPI
O02029,26-04-2025,April,2025,Appetizer,Burger,https://i.ibb.co/KjvbDYc5/burger.png,Spicy Bean Burger,3,9.33,27.99,11.29,5.43,11.27,Swiggy,Card
O02030,16-08-2025,August,2025,Main Menu,Club Veg,https://i.ibb.co/7tVrrcM1/clubveg.png,Spicy Club,4,15.35,61.4,23.22,7.79,30.39,Swiggy,Cash
O02031,09-06-2025,June,2025,Beverage,Juice,https://i.ibb.co/bM9d4qvH/juice.png,Mixed Fruit Juice,2,6.76,13.52,5.02,2.42,6.08,Zomato,Online
O02032,05-03-2025,March,2025,Beverage,Hot Drinks,https://i.ibb.co/mFCQYCrw/hot.png,Cappuccino,2,8.69,17.38,5.73,3.41,8.24,Swiggy,UPI
O02033,21-01-2025,January,2025,Appetizer,Macaroni,https://i.ibb.co/zVLCV731/macaroni.png,Classic Mac,3,11.87,35.61,12.93,5.37,17.31,In-Store,Online
O02034,28-03-2025,March,2025,Beverage,Hot Drinks,https://i.ibb.co/mFCQYCrw/hot.png,Hot Chocolate,3,8.17,24.51,9.35,3.67,11.49,Zomato,Cash
O02035,05-11-2025,November,2025,Beverage,Hot Drinks,https://i.ibb.co/mFCQYCrw/hot.png,Cappuccino,1,6.48,6.48,2.25,1.07,3.16,In-Store,Online
O02036,30-01-2025,January,2025,Beverage,Juice,https://i.ibb.co/bM9d4qvH/juice.png,Watermelon Juice,4,5.59,22.36,8.06,4.27,10.03,UberEats,UPI
O02037,18-09-2025,September,2025,Appetizer,Macaroni,https://i.ibb.co/zVLCV731/macaroni.png,Veg Loaded Mac,4,12.15,48.6,16.18,7.27,25.15,UberEats,Cash
O02038,21-02-2025,February,2025,Beverage,Hot Drinks,https://i.ibb.co/mFCQYCrw/hot.png,Cappuccino,4,6.67,26.68,9.09,3.43,14.16,In-Store,Card
O02039,11-08-2025,August,2025,Beverage,Hot Drinks,https://i.ibb.co/mFCQYCrw/hot.png,Espresso,4,8.28,33.12,13.76,5.37,13.99,In-Store,Online
O02040,23-09-2025,September,2025,Beverage,Hot Drinks,https://i.ibb.co/mFCQYCrw/hot.png,Espresso,3,6.73,20.19,8.47,3.16,8.56,Swiggy,Cash
O02041,18-02-2025,February,2025,Main Menu,Sandwich,https://i.ibb.co/fzhvYTxp/sandwich.png,Paneer Tikka,3,14.29,42.87,13.94,5.06,23.87,In-Store,Online
O02042,21-01-2025,January,2025,Appetizer,French Fries,https://i.ibb.co/23d8CKt3/fries.png,Loaded Fries,4,9.68,38.72,15.85,3.87,19,In-Store,Cash
O02043,18-11-2025,November,2025,Beverage,Hot Drinks,https://i.ibb.co/mFCQYCrw/hot.png,Espresso,3,8.07,24.21,8.97,3.76,11.48,Zomato,Card
O02044,19-11-2025,November,2025,Appetizer,Burger,https://i.ibb.co/KjvbDYc5/burger.png,Paneer Burger,2,9.85,19.7,6.19,3.43,10.08,In-Store,Cash
O02045,22-08-2025,August,2025,Appetizer,Macaroni,https://i.ibb.co/zVLCV731/macaroni.png,Veg Loaded Mac,1,11.43,11.43,4.14,2.15,5.14,UberEats,Card
O02046,17-08-2025,August,2025,Main Menu,Club Veg,https://i.ibb.co/7tVrrcM1/clubveg.png,Corn & Mayo Club,2,18.75,37.5,16.5,4.04,16.96,UberEats,Card
O02047,13-10-2025,October,2025,Beverage,Hot Drinks,https://i.ibb.co/mFCQYCrw/hot.png,Green Tea,3,7.43,22.29,7.94,2.77,11.58,UberEats,Card
O02048,15-02-2025,February,2025,Appetizer,Macaroni,https://i.ibb.co/zVLCV731/macaroni.png,Cheese Mac,4,12.37,49.48,17.83,5.06,26.59,UberEats,UPI
O02049,16-02-2025,February,2025,Beverage,Hot Drinks,https://i.ibb.co/mFCQYCrw/hot.png,Hot Chocolate,3,6.68,20.04,6.75,3.59,9.7,In-Store,Card
O02050,14-04-2025,April,2025,Appetizer,French Fries,https://i.ibb.co/23d8CKt3/fries.png,Loaded Fries,4,10.26,41.04,15.59,5.2,20.25,UberEats,UPI
O02051,05-07-2025,July,2025,Main Menu,Sandwich,https://i.ibb.co/fzhvYTxp/sandwich.png,Paneer Tikka,4,19.27,77.08,29.15,11.16,36.77,Swiggy,Cash
O02052,25-10-2025,October,2025,Appetizer,French Fries,https://i.ibb.co/23d8CKt3/fries.png,Cheese Fries,3,6.96,20.88,6.65,4.03,10.2,Zomato,Online
O02053,23-12-2025,December,2025,Main Menu,Sandwich,https://i.ibb.co/fzhvYTxp/sandwich.png,Grilled Veg,3,17.34,52.02,16.81,8.45,26.76,Swiggy,Online
O02054,16-03-2025,March,2025,Beverage,Hot Drinks,https://i.ibb.co/mFCQYCrw/hot.png,Hot Chocolate,4,4.63,18.52,6.49,3.14,8.89,In-Store,Card
O02055,23-02-2025,February,2025,Beverage,Hot Drinks,https://i.ibb.co/mFCQYCrw/hot.png,Espresso,1,7.52,7.52,2.52,1.09,3.91,UberEats,Card
O02056,21-01-2025,January,2025,Main Menu,Sandwich,https://i.ibb.co/fzhvYTxp/sandwich.png,Paneer Tikka,2,12.69,25.38,8.79,2.65,13.94,Swiggy,Online
O02057,22-12-2025,December,2025,Main Menu,Sandwich,https://i.ibb.co/fzhvYTxp/sandwich.png,Cheese Chilli,4,12.49,49.96,16.61,9.03,24.32,In-Store,Card
O02058,07-01-2025,January,2025,Appetizer,Burger,https://i.ibb.co/KjvbDYc5/burger.png,Aloo Tikki Burger,3,8.86,26.58,11.06,3,12.52,In-Store,Online
O02059,12-10-2025,October,2025,Beverage,Juice,https://i.ibb.co/bM9d4qvH/juice.png,Mixed Fruit Juice,3,6.53,19.59,6.85,2.31,10.43,Zomato,Online
O02060,22-10-2025,October,2025,Appetizer,French Fries,https://i.ibb.co/23d8CKt3/fries.png,Cheese Fries,4,12.29,49.16,16.81,5.63,26.72,UberEats,UPI
O02061,09-07-2025,July,2025,Appetizer,Burger,https://i.ibb.co/KjvbDYc5/burger.png,Paneer Burger,1,8.48,8.48,3.51,1.04,3.93,UberEats,Cash
O02062,10-03-2025,March,2025,Appetizer,French Fries,https://i.ibb.co/23d8CKt3/fries.png,Peri Peri Fries,4,12.48,49.92,17.15,7.69,25.08,Zomato,Cash
O02063,29-12-2025,December,2025,Appetizer,French Fries,https://i.ibb.co/23d8CKt3/fries.png,Cheese Fries,1,6.64,6.64,2.5,1.21,2.93,Swiggy,Card
O02064,28-06-2025,June,2025,Beverage,Juice,https://i.ibb.co/bM9d4qvH/juice.png,Mixed Fruit Juice,1,8.67,8.67,3.55,1.4,3.72,UberEats,Cash
O02065,13-11-2025,November,2025,Appetizer,Macaroni,https://i.ibb.co/zVLCV731/macaroni.png,Spicy Mac,4,9.23,36.92,15.48,7.27,14.17,Swiggy,Card
O02066,14-10-2025,October,2025,Appetizer,French Fries,https://i.ibb.co/23d8CKt3/fries.png,Salted Fries,4,10.59,42.36,18.74,8.06,15.56,UberEats,Online
O02067,17-03-2025,March,2025,Main Menu,Club Veg,https://i.ibb.co/7tVrrcM1/clubveg.png,Triple Cheese Club,4,18.01,72.04,22.57,7.39,42.08,UberEats,UPI
O02068,15-01-2025,January,2025,Beverage,Hot Drinks,https://i.ibb.co/mFCQYCrw/hot.png,Green Tea,3,5.29,15.87,5.96,2.77,7.14,Zomato,Online
O02069,05-12-2025,December,2025,Appetizer,Macaroni,https://i.ibb.co/zVLCV731/macaroni.png,Veg Loaded Mac,4,8.02,32.08,13.86,4.48,13.74,UberEats,Card
O02070,18-09-2025,September,2025,Appetizer,Burger,https://i.ibb.co/KjvbDYc5/burger.png,Paneer Burger,4,8.78,35.12,14.27,4.8,16.05,Swiggy,Cash
O02071,03-07-2025,July,2025,Beverage,Juice,https://i.ibb.co/bM9d4qvH/juice.png,Orange Juice,4,4.5,18,7.52,3.51,6.97,Swiggy,Online
O02072,24-03-2025,March,2025,Beverage,Juice,https://i.ibb.co/bM9d4qvH/juice.png,Mango Juice,3,5.25,15.75,6.82,2.55,6.38,Zomato,Card
O02073,29-11-2025,November,2025,Appetizer,French Fries,https://i.ibb.co/23d8CKt3/fries.png,Salted Fries,1,7.46,7.46,3.33,1.38,2.75,UberEats,Cash
O02074,26-07-2025,July,2025,Beverage,Hot Drinks,https://i.ibb.co/mFCQYCrw/hot.png,Green Tea,3,8.52,25.56,10.34,4.51,10.71,In-Store,Online
O02075,25-06-2025,June,2025,Main Menu,Veg Mania,https://i.ibb.co/svfg0hg2/vegmania.png,Corn Supreme,1,17.16,17.16,6.1,2.96,8.1,UberEats,Card
O02076,09-08-2025,August,2025,Appetizer,Macaroni,https://i.ibb.co/zVLCV731/macaroni.png,Classic Mac,2,10.72,21.44,7.91,3.59,9.94,Zomato,UPI
O02077,13-04-2025,April,2025,Main Menu,Club Veg,https://i.ibb.co/7tVrrcM1/clubveg.png,Triple Cheese Club,4,18.43,73.72,26.35,9.22,38.15,UberEats,Online
O02078,26-09-2025,September,2025,Appetizer,Burger,https://i.ibb.co/KjvbDYc5/burger.png,Aloo Tikki Burger,1,13.04,13.04,5.19,2.42,5.43,Swiggy,UPI
O02079,28-03-2025,March,2025,Main Menu,Veg Mania,https://i.ibb.co/svfg0hg2/vegmania.png,Paneer Delight,3,13.48,40.44,17.12,5.24,18.08,UberEats,Online
O02080,15-01-2025,January,2025,Beverage,Hot Drinks,https://i.ibb.co/mFCQYCrw/hot.png,Espresso,3,6.57,19.71,6.39,3.65,9.67,Zomato,Card
O02081,14-11-2025,November,2025,Appetizer,Burger,https://i.ibb.co/KjvbDYc5/burger.png,Veg Cheese Burger,3,10.16,30.48,11.64,5.21,13.63,UberEats,Cash
O02082,21-03-2025,March,2025,Beverage,Hot Drinks,https://i.ibb.co/mFCQYCrw/hot.png,Cappuccino,2,4.35,8.7,3.3,1.57,3.83,In-Store,Card
O02083,18-03-2025,March,2025,Appetizer,Burger,https://i.ibb.co/KjvbDYc5/burger.png,Aloo Tikki Burger,4,10.65,42.6,16.82,7.94,17.84,Swiggy,UPI
O02084,25-02-2025,February,2025,Appetizer,French Fries,https://i.ibb.co/23d8CKt3/fries.png,Peri Peri Fries,3,12.22,36.66,12.35,6.22,18.09,Zomato,Cash
O02085,09-04-2025,April,2025,Beverage,Juice,https://i.ibb.co/bM9d4qvH/juice.png,Watermelon Juice,4,8.38,33.52,10.2,3.95,19.37,In-Store,Online
O02086,01-03-2025,March,2025,Beverage,Juice,https://i.ibb.co/bM9d4qvH/juice.png,Watermelon Juice,3,7.58,22.74,8.65,4.27,9.82,Zomato,UPI
O02087,03-05-2025,May,2025,Appetizer,Burger,https://i.ibb.co/KjvbDYc5/burger.png,Spicy Bean Burger,2,8.13,16.26,5.71,1.74,8.81,Swiggy,UPI
O02088,03-09-2025,September,2025,Beverage,Juice,https://i.ibb.co/bM9d4qvH/juice.png,Orange Juice,1,7.6,7.6,3.11,1.05,3.44,UberEats,Online
O02089,26-11-2025,November,2025,Main Menu,Club Veg,https://i.ibb.co/7tVrrcM1/clubveg.png,Spicy Club,1,10.09,10.09,3.22,1.54,5.33,Zomato,Online
O02090,30-05-2025,May,2025,Beverage,Hot Drinks,https://i.ibb.co/mFCQYCrw/hot.png,Green Tea,3,4.9,14.7,5.64,1.91,7.15,In-Store,Online
O02091,09-09-2025,September,2025,Main Menu,Pizza,https://i.ibb.co/vx6T9K8X/pizza-1.png,Margherita,2,14.07,28.14,9.7,2.97,15.47,UberEats,Online
O02092,19-07-2025,July,2025,Appetizer,Macaroni,https://i.ibb.co/zVLCV731/macaroni.png,Veg Loaded Mac,2,6.69,13.38,5.36,2.35,5.67,Swiggy,Cash
O02093,15-02-2025,February,2025,Appetizer,French Fries,https://i.ibb.co/23d8CKt3/fries.png,Peri Peri Fries,1,9.74,9.74,3.86,1.72,4.16,UberEats,Cash
O02094,15-01-2025,January,2025,Main Menu,Club Veg,https://i.ibb.co/7tVrrcM1/clubveg.png,Corn & Mayo Club,3,18.34,55.02,24.13,8.52,22.37,Zomato,UPI
O02095,27-01-2025,January,2025,Beverage,Hot Drinks,https://i.ibb.co/mFCQYCrw/hot.png,Cappuccino,2,6.01,12.02,3.66,2.4,5.96,UberEats,Cash
O02096,20-02-2025,February,2025,Appetizer,Burger,https://i.ibb.co/KjvbDYc5/burger.png,Veg Cheese Burger,4,10.47,41.88,17.77,7.63,16.48,UberEats,Cash
O02097,15-04-2025,April,2025,Appetizer,Burger,https://i.ibb.co/KjvbDYc5/burger.png,Aloo Tikki Burger,3,11.61,34.83,15.67,4.4,14.76,Swiggy,Online
O02098,19-12-2025,December,2025,Main Menu,Club Veg,https://i.ibb.co/7tVrrcM1/clubveg.png,Triple Cheese Club,4,16.96,67.84,20.36,11.64,35.84,Zomato,UPI
O02099,19-07-2025,July,2025,Main Menu,Club Veg,https://i.ibb.co/7tVrrcM1/clubveg.png,Corn & Mayo Club,2,11.04,22.08,6.85,4.35,10.88,Swiggy,Card
O02100,03-11-2025,November,2025,Main Menu,Club Veg,https://i.ibb.co/7tVrrcM1/clubveg.png,Corn & Mayo Club,4,16.01,64.04,26.09,8.47,29.48,UberEats,Card
O02101,20-05-2025,May,2025,Appetizer,French Fries,https://i.ibb.co/23d8CKt3/fries.png,Salted Fries,4,9.59,38.36,13.14,5.52,19.7,In-Store,Online
O02102,23-05-2025,May,2025,Main Menu,Pizza,https://i.ibb.co/vx6T9K8X/pizza-1.png,Peppy Paneer,2,10.73,21.46,7.66,4.02,9.78,Swiggy,Online
O02103,23-12-2025,December,2025,Appetizer,Burger,https://i.ibb.co/KjvbDYc5/burger.png,Veg Cheese Burger,2,8.73,17.46,6.97,2.53,7.96,Swiggy,Cash
O02104,23-03-2025,March,2025,Appetizer,Burger,https://i.ibb.co/KjvbDYc5/burger.png,Veg Cheese Burger,1,9.66,9.66,4.28,1.86,3.52,UberEats,Card
O02105,12-05-2025,May,2025,Beverage,Hot Drinks,https://i.ibb.co/mFCQYCrw/hot.png,Hot Chocolate,3,6.56,19.68,6.84,3.39,9.45,UberEats,UPI
O02106,14-05-2025,May,2025,Main Menu,Veg Mania,https://i.ibb.co/svfg0hg2/vegmania.png,Veg Overload,4,11.69,46.76,20.47,8.49,17.8,Zomato,Cash
O02107,12-09-2025,September,2025,Main Menu,Sandwich,https://i.ibb.co/fzhvYTxp/sandwich.png,Grilled Veg,1,18.8,18.8,6.69,3.17,8.94,In-Store,Online
O02108,27-02-2025,February,2025,Main Menu,Veg Mania,https://i.ibb.co/svfg0hg2/vegmania.png,Veg Overload,1,11.6,11.6,4.88,2.2,4.52,Zomato,Cash
O02109,04-02-2025,February,2025,Main Menu,Pizza,https://i.ibb.co/vx6T9K8X/pizza-1.png,Peppy Paneer,3,10.06,30.18,11.01,4.54,14.63,In-Store,Card
O02110,02-11-2025,November,2025,Main Menu,Sandwich,https://i.ibb.co/fzhvYTxp/sandwich.png,Cheese Chilli,3,12.96,38.88,13.7,4.58,20.6,UberEats,Cash
O02111,08-01-2025,January,2025,Main Menu,Club Veg,https://i.ibb.co/7tVrrcM1/clubveg.png,Spicy Club,3,14.64,43.92,14.56,4.72,24.64,Zomato,UPI
O02112,13-04-2025,April,2025,Beverage,Juice,https://i.ibb.co/bM9d4qvH/juice.png,Mixed Fruit Juice,3,7.08,21.24,8.72,3.31,9.21,In-Store,Card
O02113,16-09-2025,September,2025,Main Menu,Sandwich,https://i.ibb.co/fzhvYTxp/sandwich.png,Cheese Chilli,2,13.78,27.56,9.01,2.83,15.72,Zomato,UPI
O02114,13-08-2025,August,2025,Main Menu,Pizza,https://i.ibb.co/vx6T9K8X/pizza-1.png,Margherita,4,15.88,63.52,24.24,9.73,29.55,Zomato,UPI
O02115,24-03-2025,March,2025,Main Menu,Club Veg,https://i.ibb.co/7tVrrcM1/clubveg.png,Triple Cheese Club,1,16.98,16.98,5.65,2.11,9.22,Swiggy,Cash
O02116,23-09-2025,September,2025,Beverage,Juice,https://i.ibb.co/bM9d4qvH/juice.png,Mango Juice,2,5.38,10.76,3.87,1.42,5.47,UberEats,UPI
O02117,15-03-2025,March,2025,Main Menu,Sandwich,https://i.ibb.co/fzhvYTxp/sandwich.png,Grilled Veg,3,19.39,58.17,19.93,7.93,30.31,In-Store,Cash
O02118,30-01-2025,January,2025,Appetizer,French Fries,https://i.ibb.co/23d8CKt3/fries.png,Salted Fries,2,13.83,27.66,12.4,5.39,9.87,Zomato,Cash
O02119,07-10-2025,October,2025,Main Menu,Veg Mania,https://i.ibb.co/svfg0hg2/vegmania.png,Veg Overload,1,19.33,19.33,6.46,2.37,10.5,In-Store,UPI
O02120,12-11-2025,November,2025,Appetizer,Macaroni,https://i.ibb.co/zVLCV731/macaroni.png,Cheese Mac,2,10.83,21.66,9.01,2.24,10.41,In-Store,UPI
O02121,22-11-2025,November,2025,Appetizer,Macaroni,https://i.ibb.co/zVLCV731/macaroni.png,Cheese Mac,4,7.49,29.96,10.29,5.35,14.32,In-Store,UPI
O02122,15-03-2025,March,2025,Appetizer,French Fries,https://i.ibb.co/23d8CKt3/fries.png,Peri Peri Fries,1,6.35,6.35,2.04,0.66,3.65,In-Store,UPI
O02123,08-07-2025,July,2025,Beverage,Juice,https://i.ibb.co/bM9d4qvH/juice.png,Mixed Fruit Juice,3,8.77,26.31,10.67,3.52,12.12,UberEats,Card
O02124,24-08-2025,August,2025,Appetizer,French Fries,https://i.ibb.co/23d8CKt3/fries.png,Peri Peri Fries,1,13.46,13.46,5.71,1.49,6.26,In-Store,Card
O02125,30-06-2025,June,2025,Main Menu,Pizza,https://i.ibb.co/vx6T9K8X/pizza-1.png,Veggie Paradise,1,16.97,16.97,7.34,3.12,6.51,In-Store,Online
O02126,20-08-2025,August,2025,Appetizer,Macaroni,https://i.ibb.co/zVLCV731/macaroni.png,Spicy Mac,2,7.99,15.98,5.7,2.14,8.14,UberEats,UPI
O02127,07-12-2025,December,2025,Appetizer,Burger,https://i.ibb.co/KjvbDYc5/burger.png,Veg Cheese Burger,4,13.13,52.52,19.61,6.89,26.02,Zomato,Card
O02128,08-04-2025,April,2025,Beverage,Juice,https://i.ibb.co/bM9d4qvH/juice.png,Watermelon Juice,1,4.78,4.78,1.47,0.66,2.65,In-Store,Online
O02129,26-11-2025,November,2025,Appetizer,Burger,https://i.ibb.co/KjvbDYc5/burger.png,Spicy Bean Burger,1,11.74,11.74,3.97,1.36,6.41,Zomato,Online
O02130,05-10-2025,October,2025,Beverage,Hot Drinks,https://i.ibb.co/mFCQYCrw/hot.png,Hot Chocolate,3,6.03,18.09,5.82,2.05,10.22,In-Store,Cash
O02131,22-04-2025,April,2025,Appetizer,French Fries,https://i.ibb.co/23d8CKt3/fries.png,Peri Peri Fries,4,12.43,49.72,18.73,7.23,23.76,In-Store,Online
O02132,15-08-2025,August,2025,Main Menu,Sandwich,https://i.ibb.co/fzhvYTxp/sandwich.png,Classic Veg,2,16.6,33.2,10.6,5.77,16.83,Zomato,UPI
O02133,15-12-2025,December,2025,Beverage,Juice,https://i.ibb.co/bM9d4qvH/juice.png,Mixed Fruit Juice,2,5.31,10.62,4.64,1.13,4.85,Zomato,Card
O02134,12-06-2025,June,2025,Appetizer,Burger,https://i.ibb.co/KjvbDYc5/burger.png,Veg Cheese Burger,4,7.5,30,9.09,5.32,15.59,In-Store,UPI
O02135,10-11-2025,November,2025,Beverage,Juice,https://i.ibb.co/bM9d4qvH/juice.png,Orange Juice,1,4.22,4.22,1.49,0.77,1.96,Swiggy,Cash
O02136,05-01-2025,January,2025,Main Menu,Club Veg,https://i.ibb.co/7tVrrcM1/clubveg.png,Triple Cheese Club,3,12.44,37.32,15.32,6.34,15.66,UberEats,UPI
O02137,19-03-2025,March,2025,Main Menu,Club Veg,https://i.ibb.co/7tVrrcM1/clubveg.png,Triple Cheese Club,3,19.03,57.09,25.45,10.56,21.08,UberEats,UPI
O02138,17-08-2025,August,2025,Appetizer,Macaroni,https://i.ibb.co/zVLCV731/macaroni.png,Cheese Mac,2,8.32,16.64,6.79,1.98,7.87,UberEats,UPI
O02139,15-10-2025,October,2025,Main Menu,Sandwich,https://i.ibb.co/fzhvYTxp/sandwich.png,Cheese Chilli,4,10.72,42.88,18.77,5.95,18.16,In-Store,Cash
O02140,13-11-2025,November,2025,Appetizer,Burger,https://i.ibb.co/KjvbDYc5/burger.png,Spicy Bean Burger,4,12.42,49.68,21.4,5.2,23.08,UberEats,Card
O02141,06-12-2025,December,2025,Main Menu,Pizza,https://i.ibb.co/vx6T9K8X/pizza-1.png,Margherita,1,11.58,11.58,4.67,1.5,5.41,Swiggy,Card
O02142,31-08-2025,August,2025,Appetizer,Macaroni,https://i.ibb.co/zVLCV731/macaroni.png,Cheese Mac,1,8.2,8.2,3.61,0.84,3.75,Swiggy,UPI
O02143,27-10-2025,October,2025,Beverage,Juice,https://i.ibb.co/bM9d4qvH/juice.png,Mixed Fruit Juice,4,4.11,16.44,5.41,2.74,8.29,Swiggy,Online
O02144,18-10-2025,October,2025,Appetizer,Macaroni,https://i.ibb.co/zVLCV731/macaroni.png,Classic Mac,2,10.06,20.12,8.06,3.59,8.47,UberEats,Cash
O02145,11-03-2025,March,2025,Beverage,Hot Drinks,https://i.ibb.co/mFCQYCrw/hot.png,Green Tea,1,6.95,6.95,2.64,1.05,3.26,Zomato,Cash
O02146,11-04-2025,April,2025,Beverage,Hot Drinks,https://i.ibb.co/mFCQYCrw/hot.png,Hot Chocolate,3,6.39,19.17,7.24,3,8.93,Swiggy,UPI
O02147,11-09-2025,September,2025,Main Menu,Pizza,https://i.ibb.co/vx6T9K8X/pizza-1.png,Farmhouse,2,11.96,23.92,10.52,3.04,10.36,UberEats,UPI
O02148,20-09-2025,September,2025,Appetizer,French Fries,https://i.ibb.co/23d8CKt3/fries.png,Salted Fries,3,12.96,38.88,11.89,5.08,21.91,In-Store,UPI
O02149,27-01-2025,January,2025,Beverage,Juice,https://i.ibb.co/bM9d4qvH/juice.png,Watermelon Juice,3,4.24,12.72,4.92,1.77,6.03,UberEats,Online
O02150,22-06-2025,June,2025,Main Menu,Club Veg,https://i.ibb.co/7tVrrcM1/clubveg.png,Corn & Mayo Club,3,15.15,45.45,16.28,5.27,23.9,Swiggy,UPI
O02151,17-01-2025,January,2025,Main Menu,Veg Mania,https://i.ibb.co/svfg0hg2/vegmania.png,Paneer Delight,3,15.8,47.4,17.87,7.52,22.01,UberEats,Online
O02152,29-08-2025,August,2025,Appetizer,Macaroni,https://i.ibb.co/zVLCV731/macaroni.png,Classic Mac,1,8.61,8.61,2.61,1.13,4.87,UberEats,Online
O02153,07-07-2025,July,2025,Beverage,Hot Drinks,https://i.ibb.co/mFCQYCrw/hot.png,Green Tea,2,6.77,13.54,5,1.91,6.63,UberEats,Card
O02154,14-05-2025,May,2025,Beverage,Juice,https://i.ibb.co/bM9d4qvH/juice.png,Mixed Fruit Juice,4,4.05,16.2,7.21,2.33,6.66,UberEats,UPI
O02155,19-08-2025,August,2025,Beverage,Juice,https://i.ibb.co/bM9d4qvH/juice.png,Watermelon Juice,1,8.23,8.23,2.72,1.56,3.95,Swiggy,Cash
O02156,24-02-2025,February,2025,Main Menu,Veg Mania,https://i.ibb.co/svfg0hg2/vegmania.png,Mushroom Magic,1,11.15,11.15,4.7,1.99,4.46,UberEats,Cash
O02157,20-10-2025,October,2025,Main Menu,Veg Mania,https://i.ibb.co/svfg0hg2/vegmania.png,Paneer Delight,3,17.16,51.48,22.48,7.73,21.27,Swiggy,Cash
O02158,24-06-2025,June,2025,Beverage,Juice,https://i.ibb.co/bM9d4qvH/juice.png,Mango Juice,2,8.71,17.42,6.15,2.71,8.56,In-Store,UPI
O02159,24-02-2025,February,2025,Beverage,Juice,https://i.ibb.co/bM9d4qvH/juice.png,Orange Juice,2,8.3,16.6,6.03,1.9,8.67,Zomato,Card
O02160,11-02-2025,February,2025,Main Menu,Veg Mania,https://i.ibb.co/svfg0hg2/vegmania.png,Paneer Delight,3,10.17,30.51,10.4,3.57,16.54,Swiggy,Online
O02161,30-04-2025,April,2025,Main Menu,Veg Mania,https://i.ibb.co/svfg0hg2/vegmania.png,Paneer Delight,1,17.7,17.7,6.69,3.15,7.86,In-Store,UPI
O02162,29-09-2025,September,2025,Main Menu,Pizza,https://i.ibb.co/vx6T9K8X/pizza-1.png,Farmhouse,4,11.63,46.52,19.69,5.6,21.23,In-Store,Card
O02163,28-05-2025,May,2025,Beverage,Juice,https://i.ibb.co/bM9d4qvH/juice.png,Mixed Fruit Juice,4,4.63,18.52,6.3,3.41,8.81,Zomato,Cash
O02164,01-04-2025,April,2025,Main Menu,Club Veg,https://i.ibb.co/7tVrrcM1/clubveg.png,Veggie Club Special,3,18.39,55.17,21.55,9.3,24.32,Zomato,Cash
O02165,08-02-2025,February,2025,Main Menu,Sandwich,https://i.ibb.co/fzhvYTxp/sandwich.png,Paneer Tikka,2,13.12,26.24,10.9,3.74,11.6,Zomato,Card
O02166,22-11-2025,November,2025,Beverage,Hot Drinks,https://i.ibb.co/mFCQYCrw/hot.png,Green Tea,1,6.59,6.59,2.24,1.11,3.24,UberEats,Card
O02167,09-05-2025,May,2025,Appetizer,French Fries,https://i.ibb.co/23d8CKt3/fries.png,Peri Peri Fries,1,8.45,8.45,3.72,1.56,3.17,Swiggy,UPI
O02168,24-03-2025,March,2025,Main Menu,Veg Mania,https://i.ibb.co/svfg0hg2/vegmania.png,Paneer Delight,2,13.42,26.84,11.15,3.28,12.41,In-Store,UPI
O02169,31-01-2025,January,2025,Beverage,Hot Drinks,https://i.ibb.co/mFCQYCrw/hot.png,Espresso,1,5.21,5.21,1.62,0.85,2.74,In-Store,Cash
O02170,12-12-2025,December,2025,Main Menu,Club Veg,https://i.ibb.co/7tVrrcM1/clubveg.png,Spicy Club,1,10.02,10.02,4.47,1.95,3.6,Swiggy,UPI
O02171,13-06-2025,June,2025,Appetizer,Macaroni,https://i.ibb.co/zVLCV731/macaroni.png,Spicy Mac,3,7.72,23.16,7.1,4.07,11.99,UberEats,Online
O02172,08-09-2025,September,2025,Appetizer,French Fries,https://i.ibb.co/23d8CKt3/fries.png,Peri Peri Fries,1,9.81,9.81,3.44,1.15,5.22,Zomato,Card
O02173,20-12-2025,December,2025,Appetizer,Macaroni,https://i.ibb.co/zVLCV731/macaroni.png,Spicy Mac,3,12.35,37.05,13.97,4.66,18.42,In-Store,UPI
O02174,26-08-2025,August,2025,Appetizer,Macaroni,https://i.ibb.co/zVLCV731/macaroni.png,Cheese Mac,4,9.28,37.12,13.17,5.17,18.78,Zomato,Online
O02175,13-01-2025,January,2025,Main Menu,Club Veg,https://i.ibb.co/7tVrrcM1/clubveg.png,Corn & Mayo Club,4,19.38,77.52,24.37,12.86,40.29,Zomato,Online
O02176,08-01-2025,January,2025,Appetizer,French Fries,https://i.ibb.co/23d8CKt3/fries.png,Peri Peri Fries,1,6.26,6.26,1.9,0.78,3.58,Zomato,Card
O02177,18-02-2025,February,2025,Main Menu,Pizza,https://i.ibb.co/vx6T9K8X/pizza-1.png,Veggie Paradise,1,10.15,10.15,3.79,1.74,4.62,Zomato,UPI
O02178,12-04-2025,April,2025,Main Menu,Pizza,https://i.ibb.co/vx6T9K8X/pizza-1.png,Veggie Paradise,1,19.34,19.34,7.01,3.73,8.6,Zomato,UPI
O02179,23-05-2025,May,2025,Main Menu,Sandwich,https://i.ibb.co/fzhvYTxp/sandwich.png,Classic Veg,4,12,48,17.76,6.27,23.97,In-Store,Online
O02180,23-03-2025,March,2025,Appetizer,French Fries,https://i.ibb.co/23d8CKt3/fries.png,Salted Fries,3,8.44,25.32,9.97,5.03,10.32,UberEats,Cash
O02181,15-06-2025,June,2025,Beverage,Hot Drinks,https://i.ibb.co/mFCQYCrw/hot.png,Hot Chocolate,2,4.57,9.14,2.79,0.99,5.36,Zomato,Card
O02182,11-09-2025,September,2025,Main Menu,Pizza,https://i.ibb.co/vx6T9K8X/pizza-1.png,Veggie Paradise,3,18.78,56.34,21.94,8.23,26.17,Swiggy,UPI
O02183,23-03-2025,March,2025,Appetizer,French Fries,https://i.ibb.co/23d8CKt3/fries.png,Cheese Fries,4,8.82,35.28,14.4,6.57,14.31,In-Store,Cash
O02184,08-03-2025,March,2025,Beverage,Hot Drinks,https://i.ibb.co/mFCQYCrw/hot.png,Hot Chocolate,1,8.97,8.97,3.76,1.32,3.89,UberEats,Card
O02185,17-10-2025,October,2025,Appetizer,Burger,https://i.ibb.co/KjvbDYc5/burger.png,Aloo Tikki Burger,4,12.17,48.68,14.69,6.08,27.91,In-Store,UPI
O02186,07-05-2025,May,2025,Main Menu,Club Veg,https://i.ibb.co/7tVrrcM1/clubveg.png,Veggie Club Special,2,16.04,32.08,10.2,3.26,18.62,UberEats,Online
O02187,12-10-2025,October,2025,Appetizer,French Fries,https://i.ibb.co/23d8CKt3/fries.png,Cheese Fries,2,7.96,15.92,5.06,3.18,7.68,Zomato,Card
O02188,20-11-2025,November,2025,Beverage,Juice,https://i.ibb.co/bM9d4qvH/juice.png,Mango Juice,2,6.04,12.08,4.91,1.35,5.82,Zomato,Online
O02189,29-08-2025,August,2025,Main Menu,Club Veg,https://i.ibb.co/7tVrrcM1/clubveg.png,Triple Cheese Club,4,18.48,73.92,29.08,7.44,37.4,In-Store,Card
O02190,14-06-2025,June,2025,Main Menu,Pizza,https://i.ibb.co/vx6T9K8X/pizza-1.png,Veggie Paradise,2,19.04,38.08,11.74,5.99,20.35,UberEats,Cash
O02191,19-07-2025,July,2025,Main Menu,Club Veg,https://i.ibb.co/7tVrrcM1/clubveg.png,Veggie Club Special,2,14.81,29.62,11.03,3.96,14.63,UberEats,Cash
O02192,07-05-2025,May,2025,Main Menu,Veg Mania,https://i.ibb.co/svfg0hg2/vegmania.png,Corn Supreme,1,14,14,5.3,2.71,5.99,UberEats,Online
O02193,16-03-2025,March,2025,Appetizer,Macaroni,https://i.ibb.co/zVLCV731/macaroni.png,Spicy Mac,1,11.54,11.54,4.58,1.54,5.42,UberEats,Card
O02194,07-04-2025,April,2025,Beverage,Juice,https://i.ibb.co/bM9d4qvH/juice.png,Watermelon Juice,3,5.44,16.32,5.6,2.48,8.24,Swiggy,Card
O02195,16-09-2025,September,2025,Appetizer,Burger,https://i.ibb.co/KjvbDYc5/burger.png,Spicy Bean Burger,2,7.68,15.36,5.21,2.3,7.85,In-Store,Cash
O02196,14-05-2025,May,2025,Main Menu,Sandwich,https://i.ibb.co/fzhvYTxp/sandwich.png,Paneer Tikka,4,17.79,71.16,27.27,10.13,33.76,Swiggy,Cash
O02197,26-11-2025,November,2025,Appetizer,Burger,https://i.ibb.co/KjvbDYc5/burger.png,Paneer Burger,1,8.92,8.92,2.97,1.53,4.42,In-Store,Card
O02198,17-11-2025,November,2025,Appetizer,French Fries,https://i.ibb.co/23d8CKt3/fries.png,Peri Peri Fries,3,8.23,24.69,8.09,3.2,13.4,In-Store,UPI
O02199,21-05-2025,May,2025,Appetizer,Macaroni,https://i.ibb.co/zVLCV731/macaroni.png,Cheese Mac,2,6.67,13.34,5.61,2.33,5.4,In-Store,UPI
O02200,28-10-2025,October,2025,Main Menu,Club Veg,https://i.ibb.co/7tVrrcM1/clubveg.png,Triple Cheese Club,1,19.69,19.69,7.91,3.61,8.17,Swiggy,Cash
O02201,10-10-2025,October,2025,Appetizer,Macaroni,https://i.ibb.co/zVLCV731/macaroni.png,Cheese Mac,3,6.18,18.54,6.88,2.62,9.04,UberEats,Online
O02202,14-01-2025,January,2025,Beverage,Hot Drinks,https://i.ibb.co/mFCQYCrw/hot.png,Hot Chocolate,3,5.72,17.16,7.32,1.72,8.12,In-Store,Card
O02203,10-11-2025,November,2025,Main Menu,Club Veg,https://i.ibb.co/7tVrrcM1/clubveg.png,Spicy Club,4,10.3,41.2,12.47,4.65,24.08,Swiggy,Cash
O02204,09-03-2025,March,2025,Appetizer,Burger,https://i.ibb.co/KjvbDYc5/burger.png,Aloo Tikki Burger,2,9.77,19.54,8.61,2.19,8.74,Zomato,Card
O02205,25-09-2025,September,2025,Main Menu,Sandwich,https://i.ibb.co/fzhvYTxp/sandwich.png,Grilled Veg,2,10.3,20.6,7.12,3.18,10.3,UberEats,UPI
O02206,11-02-2025,February,2025,Appetizer,Macaroni,https://i.ibb.co/zVLCV731/macaroni.png,Classic Mac,1,10.18,10.18,3.87,1.11,5.2,In-Store,Online
O02207,01-02-2025,February,2025,Beverage,Hot Drinks,https://i.ibb.co/mFCQYCrw/hot.png,Green Tea,1,9,9,3.75,1.18,4.07,Zomato,Cash
O02208,18-08-2025,August,2025,Main Menu,Veg Mania,https://i.ibb.co/svfg0hg2/vegmania.png,Corn Supreme,2,19.82,39.64,11.91,5.17,22.56,Zomato,Card
O02209,27-11-2025,November,2025,Beverage,Juice,https://i.ibb.co/bM9d4qvH/juice.png,Orange Juice,1,6.36,6.36,1.99,1.16,3.21,Zomato,Online
O02210,22-01-2025,January,2025,Main Menu,Sandwich,https://i.ibb.co/fzhvYTxp/sandwich.png,Cheese Chilli,4,11.99,47.96,14.48,7.97,25.51,Zomato,UPI
O02211,18-07-2025,July,2025,Beverage,Hot Drinks,https://i.ibb.co/mFCQYCrw/hot.png,Espresso,1,5.27,5.27,1.69,1.01,2.57,UberEats,Online
O02212,09-12-2025,December,2025,Beverage,Hot Drinks,https://i.ibb.co/mFCQYCrw/hot.png,Espresso,2,6.85,13.7,5.49,1.9,6.31,Swiggy,Card
O02213,19-01-2025,January,2025,Main Menu,Sandwich,https://i.ibb.co/fzhvYTxp/sandwich.png,Classic Veg,4,11.66,46.64,16.22,8.04,22.38,Swiggy,UPI
O02214,11-02-2025,February,2025,Beverage,Hot Drinks,https://i.ibb.co/mFCQYCrw/hot.png,Cappuccino,3,7.96,23.88,9.27,3.75,10.86,In-Store,Card
O02215,02-10-2025,October,2025,Main Menu,Club Veg,https://i.ibb.co/7tVrrcM1/clubveg.png,Spicy Club,2,15.5,31,10.99,5.39,14.62,UberEats,Online
O02216,14-04-2025,April,2025,Beverage,Hot Drinks,https://i.ibb.co/mFCQYCrw/hot.png,Hot Chocolate,2,4.89,9.78,3.13,1.04,5.61,Zomato,UPI
O02217,21-07-2025,July,2025,Main Menu,Club Veg,https://i.ibb.co/7tVrrcM1/clubveg.png,Corn & Mayo Club,3,19.57,58.71,24.22,10.82,23.67,Swiggy,Online
O02218,30-11-2025,November,2025,Beverage,Hot Drinks,https://i.ibb.co/mFCQYCrw/hot.png,Cappuccino,2,5.95,11.9,5.27,1.94,4.69,Zomato,Cash
O02219,18-07-2025,July,2025,Main Menu,Sandwich,https://i.ibb.co/fzhvYTxp/sandwich.png,Cheese Chilli,4,16.03,64.12,23.46,12.52,28.14,UberEats,Card
O02220,05-06-2025,June,2025,Appetizer,Macaroni,https://i.ibb.co/zVLCV731/macaroni.png,Classic Mac,3,7.76,23.28,8.01,2.41,12.86,Zomato,UPI
O02221,19-09-2025,September,2025,Main Menu,Club Veg,https://i.ibb.co/7tVrrcM1/clubveg.png,Triple Cheese Club,2,14.5,29,12.82,4.31,11.87,Zomato,Card
O02222,16-04-2025,April,2025,Appetizer,French Fries,https://i.ibb.co/23d8CKt3/fries.png,Loaded Fries,2,12.68,25.36,11.02,4.94,9.4,UberEats,Online
O02223,05-11-2025,November,2025,Main Menu,Pizza,https://i.ibb.co/vx6T9K8X/pizza-1.png,Veggie Paradise,3,12.17,36.51,15.02,4.31,17.18,UberEats,Card
O02224,12-11-2025,November,2025,Main Menu,Veg Mania,https://i.ibb.co/svfg0hg2/vegmania.png,Paneer Delight,3,17.51,52.53,22.58,5.42,24.53,Swiggy,Cash
O02225,01-01-2025,January,2025,Appetizer,Macaroni,https://i.ibb.co/zVLCV731/macaroni.png,Spicy Mac,4,12.1,48.4,20.06,8.24,20.1,Zomato,Cash
O02226,08-07-2025,July,2025,Main Menu,Sandwich,https://i.ibb.co/fzhvYTxp/sandwich.png,Classic Veg,2,14.9,29.8,11.19,3.02,15.59,UberEats,Cash
O02227,02-08-2025,August,2025,Beverage,Juice,https://i.ibb.co/bM9d4qvH/juice.png,Watermelon Juice,1,5.2,5.2,2.31,0.83,2.06,Swiggy,Cash
O02228,14-03-2025,March,2025,Appetizer,Macaroni,https://i.ibb.co/zVLCV731/macaroni.png,Cheese Mac,4,13.49,53.96,16.25,9.37,28.34,Swiggy,Cash
O02229,31-03-2025,March,2025,Main Menu,Veg Mania,https://i.ibb.co/svfg0hg2/vegmania.png,Paneer Delight,3,19.12,57.36,22.19,6.9,28.27,Zomato,Online
O02230,22-12-2025,December,2025,Beverage,Hot Drinks,https://i.ibb.co/mFCQYCrw/hot.png,Hot Chocolate,3,6.52,19.56,8.44,3.71,7.41,Swiggy,Online
O02231,21-12-2025,December,2025,Main Menu,Sandwich,https://i.ibb.co/fzhvYTxp/sandwich.png,Grilled Veg,3,13.45,40.35,13.99,7.14,19.22,In-Store,Online
O02232,20-01-2025,January,2025,Appetizer,Macaroni,https://i.ibb.co/zVLCV731/macaroni.png,Spicy Mac,1,10.15,10.15,3.26,1.24,5.65,In-Store,Card
O02233,23-10-2025,October,2025,Main Menu,Veg Mania,https://i.ibb.co/svfg0hg2/vegmania.png,Corn Supreme,3,17.64,52.92,16.8,7.24,28.88,UberEats,Online
O02234,17-05-2025,May,2025,Main Menu,Club Veg,https://i.ibb.co/7tVrrcM1/clubveg.png,Veggie Club Special,1,16.43,16.43,6.93,2.4,7.1,Zomato,Online
O02235,29-11-2025,November,2025,Main Menu,Pizza,https://i.ibb.co/vx6T9K8X/pizza-1.png,Veggie Paradise,4,14.1,56.4,18.08,7.56,30.76,Zomato,Cash
O02236,06-07-2025,July,2025,Main Menu,Club Veg,https://i.ibb.co/7tVrrcM1/clubveg.png,Corn & Mayo Club,3,18.21,54.63,18.98,6.87,28.78,In-Store,Card
O02237,04-12-2025,December,2025,Appetizer,French Fries,https://i.ibb.co/23d8CKt3/fries.png,Peri Peri Fries,4,10.67,42.68,17.3,6.2,19.18,UberEats,UPI
O02238,31-03-2025,March,2025,Beverage,Hot Drinks,https://i.ibb.co/mFCQYCrw/hot.png,Hot Chocolate,4,8.39,33.56,12.6,6.36,14.6,In-Store,UPI
O02239,17-03-2025,March,2025,Beverage,Hot Drinks,https://i.ibb.co/mFCQYCrw/hot.png,Green Tea,2,8.04,16.08,5.03,2.15,8.9,UberEats,Online
O02240,05-11-2025,November,2025,Appetizer,Burger,https://i.ibb.co/KjvbDYc5/burger.png,Paneer Burger,2,10.19,20.38,7.47,2.15,10.76,UberEats,Online
O02241,04-10-2025,October,2025,Beverage,Juice,https://i.ibb.co/bM9d4qvH/juice.png,Orange Juice,1,6.94,6.94,2.44,1.19,3.31,UberEats,Card
O02242,24-06-2025,June,2025,Beverage,Juice,https://i.ibb.co/bM9d4qvH/juice.png,Mango Juice,2,6.08,12.16,4.95,1.72,5.49,Zomato,Online
O02243,03-08-2025,August,2025,Main Menu,Veg Mania,https://i.ibb.co/svfg0hg2/vegmania.png,Paneer Delight,4,12.27,49.08,17.02,6.62,25.44,Swiggy,UPI
O02244,07-12-2025,December,2025,Main Menu,Sandwich,https://i.ibb.co/fzhvYTxp/sandwich.png,Paneer Tikka,4,19.79,79.16,28.29,12.58,38.29,In-Store,Cash
O02245,11-07-2025,July,2025,Beverage,Hot Drinks,https://i.ibb.co/mFCQYCrw/hot.png,Green Tea,1,5.21,5.21,1.98,0.84,2.39,Zomato,UPI
O02246,28-07-2025,July,2025,Beverage,Juice,https://i.ibb.co/bM9d4qvH/juice.png,Mango Juice,2,6.04,12.08,4.9,1.48,5.7,In-Store,Card
O02247,07-04-2025,April,2025,Beverage,Juice,https://i.ibb.co/bM9d4qvH/juice.png,Orange Juice,3,6.56,19.68,7.77,2.88,9.03,In-Store,Card
O02248,22-12-2025,December,2025,Appetizer,Burger,https://i.ibb.co/KjvbDYc5/burger.png,Spicy Bean Burger,3,8.28,24.84,9.29,2.72,12.83,UberEats,Card
O02249,23-11-2025,November,2025,Main Menu,Sandwich,https://i.ibb.co/fzhvYTxp/sandwich.png,Grilled Veg,2,11.03,22.06,9.65,4.32,8.09,Swiggy,Cash
O02250,03-03-2025,March,2025,Main Menu,Sandwich,https://i.ibb.co/fzhvYTxp/sandwich.png,Grilled Veg,4,19.9,79.6,34.51,13.68,31.41,Swiggy,UPI
O02251,02-03-2025,March,2025,Appetizer,Macaroni,https://i.ibb.co/zVLCV731/macaroni.png,Spicy Mac,4,12.57,50.28,21.4,5.11,23.77,Swiggy,UPI
O02252,18-07-2025,July,2025,Appetizer,Burger,https://i.ibb.co/KjvbDYc5/burger.png,Paneer Burger,2,9.48,18.96,6.35,3.08,9.53,In-Store,Online
O02253,11-11-2025,November,2025,Beverage,Juice,https://i.ibb.co/bM9d4qvH/juice.png,Mixed Fruit Juice,4,4.2,16.8,6.62,3.07,7.11,Swiggy,Online
O02254,29-06-2025,June,2025,Main Menu,Club Veg,https://i.ibb.co/7tVrrcM1/clubveg.png,Corn & Mayo Club,3,10.65,31.95,9.74,4.69,17.52,In-Store,Cash
O02255,19-12-2025,December,2025,Beverage,Hot Drinks,https://i.ibb.co/mFCQYCrw/hot.png,Green Tea,1,5.99,5.99,1.86,1.13,3,Swiggy,Online
O02256,07-09-2025,September,2025,Main Menu,Pizza,https://i.ibb.co/vx6T9K8X/pizza-1.png,Peppy Paneer,4,18.55,74.2,26.62,14.01,33.57,Swiggy,Cash
O02257,20-11-2025,November,2025,Main Menu,Pizza,https://i.ibb.co/vx6T9K8X/pizza-1.png,Veggie Paradise,4,12.8,51.2,19.12,7.88,24.2,UberEats,Card
O02258,29-08-2025,August,2025,Main Menu,Club Veg,https://i.ibb.co/7tVrrcM1/clubveg.png,Spicy Club,3,13.66,40.98,17.83,7.52,15.63,In-Store,Card
O02259,30-07-2025,July,2025,Main Menu,Veg Mania,https://i.ibb.co/svfg0hg2/vegmania.png,Mushroom Magic,4,16.16,64.64,23.38,9.82,31.44,Swiggy,Online
O02260,15-09-2025,September,2025,Main Menu,Pizza,https://i.ibb.co/vx6T9K8X/pizza-1.png,Peppy Paneer,3,16.74,50.22,17.66,7.52,25.04,In-Store,Cash
O02261,27-10-2025,October,2025,Main Menu,Pizza,https://i.ibb.co/vx6T9K8X/pizza-1.png,Farmhouse,3,15.19,45.57,15.23,6.72,23.62,In-Store,UPI
O02262,21-01-2025,January,2025,Appetizer,French Fries,https://i.ibb.co/23d8CKt3/fries.png,Cheese Fries,3,12.88,38.64,16.01,5.52,17.11,In-Store,Cash
O02263,21-03-2025,March,2025,Main Menu,Sandwich,https://i.ibb.co/fzhvYTxp/sandwich.png,Classic Veg,3,17.28,51.84,18.75,7.98,25.11,In-Store,Card
O02264,18-07-2025,July,2025,Beverage,Juice,https://i.ibb.co/bM9d4qvH/juice.png,Mixed Fruit Juice,3,8.46,25.38,9.5,4.69,11.19,Swiggy,UPI
O02265,25-04-2025,April,2025,Appetizer,French Fries,https://i.ibb.co/23d8CKt3/fries.png,Loaded Fries,1,7.36,7.36,2.42,0.75,4.19,Zomato,Online
O02266,01-03-2025,March,2025,Main Menu,Sandwich,https://i.ibb.co/fzhvYTxp/sandwich.png,Cheese Chilli,4,16.8,67.2,22.45,12.96,31.79,Zomato,Cash
O02267,12-09-2025,September,2025,Appetizer,French Fries,https://i.ibb.co/23d8CKt3/fries.png,Loaded Fries,3,12.1,36.3,12.22,6.23,17.85,Swiggy,UPI
O02268,06-10-2025,October,2025,Main Menu,Pizza,https://i.ibb.co/vx6T9K8X/pizza-1.png,Veggie Paradise,3,12.12,36.36,12.66,4.22,19.48,Swiggy,UPI
O02269,13-10-2025,October,2025,Beverage,Hot Drinks,https://i.ibb.co/mFCQYCrw/hot.png,Espresso,3,7.94,23.82,9.75,3.52,10.55,Swiggy,Cash
O02270,07-12-2025,December,2025,Appetizer,Macaroni,https://i.ibb.co/zVLCV731/macaroni.png,Spicy Mac,3,12.81,38.43,12.21,6.03,20.19,Zomato,Card
O02271,13-01-2025,January,2025,Main Menu,Veg Mania,https://i.ibb.co/svfg0hg2/vegmania.png,Mushroom Magic,2,17.84,35.68,13.39,4.16,18.13,Zomato,Online
O02272,07-10-2025,October,2025,Appetizer,French Fries,https://i.ibb.co/23d8CKt3/fries.png,Cheese Fries,2,8.33,16.66,6.81,3.27,6.58,In-Store,Cash
O02273,05-04-2025,April,2025,Beverage,Hot Drinks,https://i.ibb.co/mFCQYCrw/hot.png,Espresso,1,4.09,4.09,1.52,0.68,1.89,Swiggy,Card
O02274,17-03-2025,March,2025,Appetizer,Burger,https://i.ibb.co/KjvbDYc5/burger.png,Spicy Bean Burger,4,9.33,37.32,14.07,4.97,18.28,Swiggy,UPI
O02275,19-09-2025,September,2025,Main Menu,Veg Mania,https://i.ibb.co/svfg0hg2/vegmania.png,Corn Supreme,2,14.74,29.48,13.13,3.2,13.15,Swiggy,UPI
O02276,13-06-2025,June,2025,Main Menu,Pizza,https://i.ibb.co/vx6T9K8X/pizza-1.png,Farmhouse,1,14.19,14.19,4.84,2.19,7.16,Zomato,Online
O02277,03-09-2025,September,2025,Main Menu,Veg Mania,https://i.ibb.co/svfg0hg2/vegmania.png,Mushroom Magic,4,14.76,59.04,24.14,8.91,25.99,In-Store,Cash
O02278,08-12-2025,December,2025,Main Menu,Sandwich,https://i.ibb.co/fzhvYTxp/sandwich.png,Grilled Veg,3,17.5,52.5,23.5,5.35,23.65,In-Store,Cash
O02279,26-03-2025,March,2025,Main Menu,Pizza,https://i.ibb.co/vx6T9K8X/pizza-1.png,Peppy Paneer,1,12.53,12.53,5.25,2.41,4.87,Zomato,UPI
O02280,31-01-2025,January,2025,Appetizer,Burger,https://i.ibb.co/KjvbDYc5/burger.png,Paneer Burger,2,7.89,15.78,5.92,2.96,6.9,In-Store,Cash
O02281,10-12-2025,December,2025,Beverage,Hot Drinks,https://i.ibb.co/mFCQYCrw/hot.png,Green Tea,3,7.41,22.23,8.38,3.81,10.04,In-Store,Card
O02282,07-03-2025,March,2025,Appetizer,French Fries,https://i.ibb.co/23d8CKt3/fries.png,Loaded Fries,4,6.71,26.84,9.95,3.75,13.14,Zomato,Card
O02283,24-09-2025,September,2025,Appetizer,Macaroni,https://i.ibb.co/zVLCV731/macaroni.png,Classic Mac,4,9.61,38.44,15.06,6.84,16.54,In-Store,Cash
O02284,03-02-2025,February,2025,Beverage,Juice,https://i.ibb.co/bM9d4qvH/juice.png,Mango Juice,4,6.48,25.92,9.64,4.21,12.07,Swiggy,UPI
O02285,21-07-2025,July,2025,Appetizer,Macaroni,https://i.ibb.co/zVLCV731/macaroni.png,Veg Loaded Mac,4,8.88,35.52,13.77,7.09,14.66,UberEats,UPI
O02286,29-08-2025,August,2025,Beverage,Hot Drinks,https://i.ibb.co/mFCQYCrw/hot.png,Green Tea,1,7.74,7.74,2.45,0.86,4.43,Zomato,Online
O02287,16-02-2025,February,2025,Beverage,Hot Drinks,https://i.ibb.co/mFCQYCrw/hot.png,Hot Chocolate,2,4.49,8.98,3.59,0.95,4.44,Swiggy,UPI
O02288,18-05-2025,May,2025,Appetizer,Macaroni,https://i.ibb.co/zVLCV731/macaroni.png,Cheese Mac,3,13.06,39.18,15.73,5.81,17.64,UberEats,UPI
O02289,17-10-2025,October,2025,Main Menu,Club Veg,https://i.ibb.co/7tVrrcM1/clubveg.png,Spicy Club,4,18.74,74.96,24.22,9.38,41.36,Zomato,UPI
O02290,13-12-2025,December,2025,Appetizer,Macaroni,https://i.ibb.co/zVLCV731/macaroni.png,Veg Loaded Mac,3,12.45,37.35,11.92,7.46,17.97,In-Store,Card
O02291,13-03-2025,March,2025,Beverage,Hot Drinks,https://i.ibb.co/mFCQYCrw/hot.png,Cappuccino,2,7.62,15.24,4.68,1.53,9.03,UberEats,UPI
O02292,25-08-2025,August,2025,Beverage,Juice,https://i.ibb.co/bM9d4qvH/juice.png,Orange Juice,2,6.09,12.18,4.17,2.38,5.63,UberEats,Card
O02293,03-11-2025,November,2025,Beverage,Hot Drinks,https://i.ibb.co/mFCQYCrw/hot.png,Cappuccino,3,7.55,22.65,8.25,3.52,10.88,In-Store,UPI
O02294,20-07-2025,July,2025,Appetizer,French Fries,https://i.ibb.co/23d8CKt3/fries.png,Cheese Fries,1,12.32,12.32,4.72,1.54,6.06,In-Store,UPI
O02295,11-05-2025,May,2025,Beverage,Juice,https://i.ibb.co/bM9d4qvH/juice.png,Watermelon Juice,2,4.14,8.28,3.69,0.88,3.71,Swiggy,Online
O02296,21-07-2025,July,2025,Main Menu,Veg Mania,https://i.ibb.co/svfg0hg2/vegmania.png,Mushroom Magic,4,13.01,52.04,22.42,8.91,20.71,UberEats,Online
O02297,09-10-2025,October,2025,Beverage,Hot Drinks,https://i.ibb.co/mFCQYCrw/hot.png,Green Tea,2,4.45,8.9,2.72,1.02,5.16,Zomato,UPI
O02298,07-08-2025,August,2025,Beverage,Hot Drinks,https://i.ibb.co/mFCQYCrw/hot.png,Espresso,4,8.99,35.96,12.68,6.68,16.6,In-Store,Online
O02299,10-06-2025,June,2025,Main Menu,Sandwich,https://i.ibb.co/fzhvYTxp/sandwich.png,Cheese Chilli,2,15.66,31.32,11.54,5.73,14.05,Swiggy,UPI
O02300,22-01-2025,January,2025,Main Menu,Club Veg,https://i.ibb.co/7tVrrcM1/clubveg.png,Triple Cheese Club,2,18.73,37.46,16.45,5.7,15.31,UberEats,Card
O02301,18-12-2025,December,2025,Appetizer,Burger,https://i.ibb.co/KjvbDYc5/burger.png,Aloo Tikki Burger,3,10.63,31.89,10.93,5.63,15.33,Swiggy,Cash
O02302,22-06-2025,June,2025,Beverage,Hot Drinks,https://i.ibb.co/mFCQYCrw/hot.png,Hot Chocolate,1,5.59,5.59,2.34,0.77,2.48,In-Store,Card
O02303,23-04-2025,April,2025,Beverage,Hot Drinks,https://i.ibb.co/mFCQYCrw/hot.png,Hot Chocolate,2,7.17,14.34,5.59,1.52,7.23,Zomato,Card
O02304,11-10-2025,October,2025,Beverage,Hot Drinks,https://i.ibb.co/mFCQYCrw/hot.png,Cappuccino,2,5.92,11.84,4.23,2.15,5.46,Zomato,Online
O02305,05-10-2025,October,2025,Beverage,Juice,https://i.ibb.co/bM9d4qvH/juice.png,Mango Juice,4,7.01,28.04,8.94,5.53,13.57,Swiggy,UPI
O02306,05-03-2025,March,2025,Main Menu,Sandwich,https://i.ibb.co/fzhvYTxp/sandwich.png,Classic Veg,4,11.83,47.32,21.28,7.07,18.97,Zomato,Card
O02307,09-11-2025,November,2025,Main Menu,Sandwich,https://i.ibb.co/fzhvYTxp/sandwich.png,Cheese Chilli,2,15.13,30.26,12.69,3.18,14.39,UberEats,Cash
O02308,03-05-2025,May,2025,Beverage,Hot Drinks,https://i.ibb.co/mFCQYCrw/hot.png,Green Tea,2,7.29,14.58,6.26,2.76,5.56,In-Store,Online
O02309,29-04-2025,April,2025,Main Menu,Veg Mania,https://i.ibb.co/svfg0hg2/vegmania.png,Veg Overload,1,11.3,11.3,3.91,1.77,5.62,In-Store,Online
O02310,16-07-2025,July,2025,Beverage,Hot Drinks,https://i.ibb.co/mFCQYCrw/hot.png,Espresso,1,6.49,6.49,2.58,1,2.91,UberEats,Card
O02311,09-09-2025,September,2025,Appetizer,French Fries,https://i.ibb.co/23d8CKt3/fries.png,Cheese Fries,1,11.96,11.96,4.31,1.7,5.95,UberEats,Cash
O02312,17-09-2025,September,2025,Beverage,Hot Drinks,https://i.ibb.co/mFCQYCrw/hot.png,Green Tea,2,5.43,10.86,3.71,1.26,5.89,Zomato,UPI
O02313,27-12-2025,December,2025,Main Menu,Pizza,https://i.ibb.co/vx6T9K8X/pizza-1.png,Farmhouse,3,19.73,59.19,25.02,9.28,24.89,In-Store,Card
O02314,10-06-2025,June,2025,Appetizer,Macaroni,https://i.ibb.co/zVLCV731/macaroni.png,Veg Loaded Mac,1,7.41,7.41,3.11,1.32,2.98,Zomato,UPI
O02315,14-07-2025,July,2025,Beverage,Hot Drinks,https://i.ibb.co/mFCQYCrw/hot.png,Espresso,4,5.44,21.76,7.16,3.38,11.22,Zomato,Cash
O02316,12-01-2025,January,2025,Appetizer,French Fries,https://i.ibb.co/23d8CKt3/fries.png,Cheese Fries,4,7.26,29.04,11.15,3.45,14.44,UberEats,Online
O02317,09-09-2025,September,2025,Appetizer,French Fries,https://i.ibb.co/23d8CKt3/fries.png,Loaded Fries,2,10.81,21.62,7.15,2.8,11.67,In-Store,Cash
O02318,11-05-2025,May,2025,Appetizer,Burger,https://i.ibb.co/KjvbDYc5/burger.png,Paneer Burger,3,11.97,35.91,11.33,6.6,17.98,UberEats,UPI
O02319,22-03-2025,March,2025,Main Menu,Sandwich,https://i.ibb.co/fzhvYTxp/sandwich.png,Cheese Chilli,1,10.83,10.83,4.34,2.16,4.33,Swiggy,Online
O02320,25-01-2025,January,2025,Main Menu,Veg Mania,https://i.ibb.co/svfg0hg2/vegmania.png,Mushroom Magic,3,17.33,51.99,19.5,7.57,24.92,Swiggy,Cash
O02321,10-02-2025,February,2025,Beverage,Hot Drinks,https://i.ibb.co/mFCQYCrw/hot.png,Green Tea,2,7.47,14.94,5.88,2.01,7.05,Zomato,UPI
O02322,12-08-2025,August,2025,Appetizer,Burger,https://i.ibb.co/KjvbDYc5/burger.png,Veg Cheese Burger,3,8.12,24.36,8.75,4.09,11.52,In-Store,UPI
O02323,24-09-2025,September,2025,Main Menu,Sandwich,https://i.ibb.co/fzhvYTxp/sandwich.png,Grilled Veg,2,19.94,39.88,15.55,5.12,19.21,Swiggy,Card
O02324,08-10-2025,October,2025,Appetizer,Macaroni,https://i.ibb.co/zVLCV731/macaroni.png,Cheese Mac,2,8.62,17.24,6.36,2.16,8.72,Zomato,Cash
O02325,05-11-2025,November,2025,Beverage,Juice,https://i.ibb.co/bM9d4qvH/juice.png,Orange Juice,1,4.1,4.1,1.49,0.6,2.01,Swiggy,UPI
O02326,01-10-2025,October,2025,Main Menu,Pizza,https://i.ibb.co/vx6T9K8X/pizza-1.png,Peppy Paneer,4,10.17,40.68,13.19,5.57,21.92,Zomato,Card
O02327,06-04-2025,April,2025,Main Menu,Veg Mania,https://i.ibb.co/svfg0hg2/vegmania.png,Corn Supreme,3,13.61,40.83,12.57,5.86,22.4,Zomato,UPI
O02328,11-01-2025,January,2025,Beverage,Juice,https://i.ibb.co/bM9d4qvH/juice.png,Mixed Fruit Juice,1,8.2,8.2,2.62,1.41,4.17,Zomato,Card
O02329,29-08-2025,August,2025,Main Menu,Sandwich,https://i.ibb.co/fzhvYTxp/sandwich.png,Cheese Chilli,4,12.95,51.8,19.42,10.15,22.23,UberEats,UPI
O02330,06-05-2025,May,2025,Appetizer,Burger,https://i.ibb.co/KjvbDYc5/burger.png,Aloo Tikki Burger,3,11.98,35.94,14.93,4.47,16.54,Zomato,Card
O02331,07-11-2025,November,2025,Main Menu,Veg Mania,https://i.ibb.co/svfg0hg2/vegmania.png,Veg Overload,2,18.49,36.98,15.73,6.71,14.54,Zomato,Cash
O02332,24-08-2025,August,2025,Beverage,Hot Drinks,https://i.ibb.co/mFCQYCrw/hot.png,Green Tea,3,4.71,14.13,4.26,1.75,8.12,In-Store,Online
O02333,24-09-2025,September,2025,Appetizer,French Fries,https://i.ibb.co/23d8CKt3/fries.png,Loaded Fries,3,10.9,32.7,12.31,5.71,14.68,UberEats,Online
O02334,15-09-2025,September,2025,Appetizer,Burger,https://i.ibb.co/KjvbDYc5/burger.png,Aloo Tikki Burger,2,10.81,21.62,6.61,2.22,12.79,Zomato,Cash
O02335,08-07-2025,July,2025,Appetizer,Burger,https://i.ibb.co/KjvbDYc5/burger.png,Spicy Bean Burger,4,8.54,34.16,14.18,5.87,14.11,In-Store,Online
O02336,11-07-2025,July,2025,Main Menu,Club Veg,https://i.ibb.co/7tVrrcM1/clubveg.png,Corn & Mayo Club,3,16.4,49.2,16.78,5.52,26.9,Zomato,Cash
O02337,11-08-2025,August,2025,Beverage,Juice,https://i.ibb.co/bM9d4qvH/juice.png,Mixed Fruit Juice,1,5.63,5.63,2.35,0.75,2.53,Zomato,UPI
O02338,06-05-2025,May,2025,Main Menu,Veg Mania,https://i.ibb.co/svfg0hg2/vegmania.png,Mushroom Magic,2,15.58,31.16,12.81,5.32,13.03,In-Store,UPI
O02339,24-07-2025,July,2025,Appetizer,French Fries,https://i.ibb.co/23d8CKt3/fries.png,Loaded Fries,2,11.43,22.86,7.17,2.58,13.11,UberEats,Card
O02340,08-03-2025,March,2025,Appetizer,Burger,https://i.ibb.co/KjvbDYc5/burger.png,Veg Cheese Burger,2,12.92,25.84,8.03,4.89,12.92,Zomato,Cash
O02341,11-07-2025,July,2025,Main Menu,Club Veg,https://i.ibb.co/7tVrrcM1/clubveg.png,Corn & Mayo Club,2,17.48,34.96,14.96,4.89,15.11,In-Store,Online
O02342,03-11-2025,November,2025,Appetizer,Macaroni,https://i.ibb.co/zVLCV731/macaroni.png,Spicy Mac,1,12.37,12.37,4.32,1.35,6.7,Swiggy,Online
O02343,30-06-2025,June,2025,Appetizer,Burger,https://i.ibb.co/KjvbDYc5/burger.png,Paneer Burger,2,9.83,19.66,8.33,2.1,9.23,Zomato,Cash
O02344,16-03-2025,March,2025,Beverage,Hot Drinks,https://i.ibb.co/mFCQYCrw/hot.png,Espresso,2,5.56,11.12,4.02,2.17,4.93,Swiggy,Card
O02345,24-09-2025,September,2025,Appetizer,Burger,https://i.ibb.co/KjvbDYc5/burger.png,Spicy Bean Burger,1,8.37,8.37,2.99,1.29,4.09,In-Store,UPI
O02346,24-08-2025,August,2025,Appetizer,French Fries,https://i.ibb.co/23d8CKt3/fries.png,Cheese Fries,3,7.02,21.06,8.69,3.18,9.19,UberEats,UPI
O02347,22-09-2025,September,2025,Beverage,Juice,https://i.ibb.co/bM9d4qvH/juice.png,Mixed Fruit Juice,4,8.29,33.16,12.78,4.43,15.95,In-Store,Online
O02348,19-01-2025,January,2025,Beverage,Juice,https://i.ibb.co/bM9d4qvH/juice.png,Mango Juice,3,4.95,14.85,4.97,1.55,8.33,In-Store,UPI
O02349,14-08-2025,August,2025,Beverage,Hot Drinks,https://i.ibb.co/mFCQYCrw/hot.png,Cappuccino,3,8.25,24.75,8.88,3.24,12.63,Zomato,Card
O02350,12-11-2025,November,2025,Appetizer,Macaroni,https://i.ibb.co/zVLCV731/macaroni.png,Spicy Mac,3,8.75,26.25,9.04,3.55,13.66,Zomato,Cash
O02351,05-06-2025,June,2025,Main Menu,Sandwich,https://i.ibb.co/fzhvYTxp/sandwich.png,Cheese Chilli,4,19.01,76.04,30.26,14.11,31.67,In-Store,Card
O02352,19-03-2025,March,2025,Appetizer,French Fries,https://i.ibb.co/23d8CKt3/fries.png,Cheese Fries,4,7.47,29.88,13.4,4.4,12.08,Zomato,Cash
O02353,25-03-2025,March,2025,Main Menu,Club Veg,https://i.ibb.co/7tVrrcM1/clubveg.png,Corn & Mayo Club,2,15.3,30.6,9.92,4.04,16.64,Swiggy,Card
O02354,26-03-2025,March,2025,Beverage,Hot Drinks,https://i.ibb.co/mFCQYCrw/hot.png,Espresso,2,8.39,16.78,6.99,2.73,7.06,Swiggy,Online
O02355,12-11-2025,November,2025,Beverage,Hot Drinks,https://i.ibb.co/mFCQYCrw/hot.png,Green Tea,2,5.27,10.54,3.19,1.41,5.94,UberEats,UPI
O02356,07-12-2025,December,2025,Appetizer,French Fries,https://i.ibb.co/23d8CKt3/fries.png,Peri Peri Fries,2,11.44,22.88,8.49,2.73,11.66,UberEats,Card
O02357,12-01-2025,January,2025,Appetizer,Macaroni,https://i.ibb.co/zVLCV731/macaroni.png,Veg Loaded Mac,1,11.29,11.29,3.94,2.17,5.18,UberEats,UPI
O02358,27-07-2025,July,2025,Main Menu,Club Veg,https://i.ibb.co/7tVrrcM1/clubveg.png,Spicy Club,2,19.63,39.26,16.18,7.34,15.74,Swiggy,Card
O02359,25-04-2025,April,2025,Main Menu,Sandwich,https://i.ibb.co/fzhvYTxp/sandwich.png,Classic Veg,3,17.52,52.56,23.1,8.38,21.08,Zomato,Cash
O02360,05-10-2025,October,2025,Beverage,Hot Drinks,https://i.ibb.co/mFCQYCrw/hot.png,Green Tea,4,5.99,23.96,10.33,2.72,10.91,In-Store,Online
O02361,19-06-2025,June,2025,Appetizer,Burger,https://i.ibb.co/KjvbDYc5/burger.png,Veg Cheese Burger,3,8.86,26.58,8.41,4.18,13.99,Zomato,Online
O02362,03-02-2025,February,2025,Appetizer,Burger,https://i.ibb.co/KjvbDYc5/burger.png,Spicy Bean Burger,1,9.18,9.18,3.91,1.4,3.87,In-Store,Online
O02363,01-08-2025,August,2025,Appetizer,Burger,https://i.ibb.co/KjvbDYc5/burger.png,Paneer Burger,2,10.2,20.4,8.01,2.87,9.52,UberEats,Cash
O02364,01-05-2025,May,2025,Appetizer,Macaroni,https://i.ibb.co/zVLCV731/macaroni.png,Spicy Mac,4,11.46,45.84,20.35,6.62,18.87,Zomato,Online
O02365,01-05-2025,May,2025,Appetizer,Burger,https://i.ibb.co/KjvbDYc5/burger.png,Veg Cheese Burger,3,12.01,36.03,11.72,5.11,19.2,UberEats,Card
O02366,17-06-2025,June,2025,Beverage,Hot Drinks,https://i.ibb.co/mFCQYCrw/hot.png,Espresso,2,5.28,10.56,3.51,1.13,5.92,Swiggy,Cash
O02367,05-01-2025,January,2025,Main Menu,Pizza,https://i.ibb.co/vx6T9K8X/pizza-1.png,Veggie Paradise,2,18.48,36.96,16.54,5.15,15.27,Swiggy,Card
O02368,02-01-2025,January,2025,Appetizer,Burger,https://i.ibb.co/KjvbDYc5/burger.png,Aloo Tikki Burger,1,8.55,8.55,3.29,1.18,4.08,Zomato,UPI
O02369,14-12-2025,December,2025,Beverage,Hot Drinks,https://i.ibb.co/mFCQYCrw/hot.png,Espresso,2,6.16,12.32,4.2,2.13,5.99,Swiggy,Card
O02370,19-06-2025,June,2025,Main Menu,Veg Mania,https://i.ibb.co/svfg0hg2/vegmania.png,Paneer Delight,1,17.15,17.15,7.41,2.48,7.26,Swiggy,Cash
O02371,29-03-2025,March,2025,Appetizer,Macaroni,https://i.ibb.co/zVLCV731/macaroni.png,Classic Mac,4,7.11,28.44,9.64,3.04,15.76,UberEats,UPI
O02372,27-09-2025,September,2025,Main Menu,Club Veg,https://i.ibb.co/7tVrrcM1/clubveg.png,Veggie Club Special,1,14.62,14.62,4.86,1.76,8,Swiggy,Online
O02373,14-05-2025,May,2025,Main Menu,Veg Mania,https://i.ibb.co/svfg0hg2/vegmania.png,Veg Overload,3,10.14,30.42,11.12,5.19,14.11,Zomato,UPI
O02374,21-07-2025,July,2025,Appetizer,French Fries,https://i.ibb.co/23d8CKt3/fries.png,Peri Peri Fries,2,13.61,27.22,10.11,5.32,11.79,In-Store,Online
O02375,18-09-2025,September,2025,Appetizer,Macaroni,https://i.ibb.co/zVLCV731/macaroni.png,Spicy Mac,1,11.85,11.85,3.74,1.64,6.47,In-Store,Card
O02376,08-12-2025,December,2025,Appetizer,Burger,https://i.ibb.co/KjvbDYc5/burger.png,Veg Cheese Burger,4,12.77,51.08,17.19,8.81,25.08,In-Store,Card
O02377,21-03-2025,March,2025,Main Menu,Veg Mania,https://i.ibb.co/svfg0hg2/vegmania.png,Paneer Delight,2,19.55,39.1,16.49,7.35,15.26,Swiggy,Card
O02378,18-08-2025,August,2025,Main Menu,Sandwich,https://i.ibb.co/fzhvYTxp/sandwich.png,Grilled Veg,3,10.32,30.96,12.67,4.24,14.05,UberEats,UPI
O02379,13-06-2025,June,2025,Beverage,Juice,https://i.ibb.co/bM9d4qvH/juice.png,Mixed Fruit Juice,1,6.22,6.22,2.11,0.66,3.45,In-Store,Online
O02380,26-11-2025,November,2025,Beverage,Hot Drinks,https://i.ibb.co/mFCQYCrw/hot.png,Cappuccino,2,8.16,16.32,6.21,2.71,7.4,In-Store,Cash
O02381,22-03-2025,March,2025,Appetizer,Burger,https://i.ibb.co/KjvbDYc5/burger.png,Paneer Burger,3,10.44,31.32,12.92,3.56,14.84,Swiggy,Cash
O02382,10-05-2025,May,2025,Appetizer,Burger,https://i.ibb.co/KjvbDYc5/burger.png,Spicy Bean Burger,2,7.94,15.88,5.44,1.9,8.54,In-Store,Online
O02383,15-06-2025,June,2025,Appetizer,Burger,https://i.ibb.co/KjvbDYc5/burger.png,Paneer Burger,2,7.94,15.88,5.55,1.74,8.59,In-Store,UPI
O02384,25-12-2025,December,2025,Main Menu,Veg Mania,https://i.ibb.co/svfg0hg2/vegmania.png,Mushroom Magic,4,12.68,50.72,18.22,6.96,25.54,UberEats,Online
O02385,07-09-2025,September,2025,Appetizer,Burger,https://i.ibb.co/KjvbDYc5/burger.png,Aloo Tikki Burger,4,7.42,29.68,11.37,3.04,15.27,Zomato,Card
O02386,06-11-2025,November,2025,Appetizer,Macaroni,https://i.ibb.co/zVLCV731/macaroni.png,Cheese Mac,2,7.16,14.32,5.08,1.73,7.51,Zomato,Online
O02387,05-01-2025,January,2025,Beverage,Hot Drinks,https://i.ibb.co/mFCQYCrw/hot.png,Hot Chocolate,3,6.43,19.29,7.21,2.69,9.39,UberEats,UPI
O02388,23-02-2025,February,2025,Appetizer,French Fries,https://i.ibb.co/23d8CKt3/fries.png,Peri Peri Fries,4,6.36,25.44,9.64,3.69,12.11,Zomato,Card
O02389,15-12-2025,December,2025,Beverage,Hot Drinks,https://i.ibb.co/mFCQYCrw/hot.png,Green Tea,3,8.39,25.17,8.21,3.81,13.15,Zomato,Online
O02390,21-01-2025,January,2025,Appetizer,French Fries,https://i.ibb.co/23d8CKt3/fries.png,Cheese Fries,2,11.78,23.56,9.04,3.89,10.63,In-Store,Cash
O02391,20-06-2025,June,2025,Main Menu,Pizza,https://i.ibb.co/vx6T9K8X/pizza-1.png,Margherita,1,16.47,16.47,5.64,2.47,8.36,In-Store,Online
O02392,08-11-2025,November,2025,Beverage,Juice,https://i.ibb.co/bM9d4qvH/juice.png,Watermelon Juice,1,4.93,4.93,1.78,0.84,2.31,Zomato,Online
O02393,03-06-2025,June,2025,Beverage,Juice,https://i.ibb.co/bM9d4qvH/juice.png,Mango Juice,3,7.98,23.94,9.5,2.68,11.76,UberEats,Online
O02394,03-01-2025,January,2025,Beverage,Juice,https://i.ibb.co/bM9d4qvH/juice.png,Orange Juice,4,5.12,20.48,7.6,3.48,9.4,Zomato,Online
O02395,23-07-2025,July,2025,Main Menu,Pizza,https://i.ibb.co/vx6T9K8X/pizza-1.png,Margherita,2,12.02,24.04,8.19,4.01,11.84,Swiggy,UPI
O02396,07-10-2025,October,2025,Appetizer,Burger,https://i.ibb.co/KjvbDYc5/burger.png,Paneer Burger,4,7.31,29.24,9.66,5.73,13.85,Swiggy,Online
O02397,20-04-2025,April,2025,Beverage,Hot Drinks,https://i.ibb.co/mFCQYCrw/hot.png,Espresso,3,8.58,25.74,9.11,4.3,12.33,Zomato,Online
O02398,18-06-2025,June,2025,Main Menu,Sandwich,https://i.ibb.co/fzhvYTxp/sandwich.png,Grilled Veg,3,12.32,36.96,15.06,4.97,16.93,In-Store,Cash
O02399,28-11-2025,November,2025,Main Menu,Pizza,https://i.ibb.co/vx6T9K8X/pizza-1.png,Margherita,1,13.39,13.39,5.44,2.24,5.71,Swiggy,Card
O02400,13-05-2025,May,2025,Main Menu,Club Veg,https://i.ibb.co/7tVrrcM1/clubveg.png,Spicy Club,2,16.71,33.42,11.77,5.89,15.76,In-Store,Card
O02401,15-04-2025,April,2025,Beverage,Juice,https://i.ibb.co/bM9d4qvH/juice.png,Watermelon Juice,2,5.76,11.52,4.36,2.24,4.92,Swiggy,UPI
O02402,05-10-2025,October,2025,Beverage,Juice,https://i.ibb.co/bM9d4qvH/juice.png,Orange Juice,3,7.29,21.87,7.52,3,11.35,Zomato,Cash
O02403,03-05-2025,May,2025,Main Menu,Club Veg,https://i.ibb.co/7tVrrcM1/clubveg.png,Veggie Club Special,1,15.96,15.96,5.56,2.16,8.24,Swiggy,Online
O02404,04-03-2025,March,2025,Beverage,Hot Drinks,https://i.ibb.co/mFCQYCrw/hot.png,Espresso,3,5.27,15.81,6.11,2.99,6.71,In-Store,UPI
O02405,02-07-2025,July,2025,Main Menu,Club Veg,https://i.ibb.co/7tVrrcM1/clubveg.png,Veggie Club Special,4,12.02,48.08,19.23,5.46,23.39,In-Store,Card
O02406,09-05-2025,May,2025,Beverage,Juice,https://i.ibb.co/bM9d4qvH/juice.png,Orange Juice,1,4.53,4.53,1.83,0.68,2.02,Swiggy,Card
O02407,25-06-2025,June,2025,Main Menu,Sandwich,https://i.ibb.co/fzhvYTxp/sandwich.png,Classic Veg,1,19.25,19.25,6.08,3.79,9.38,UberEats,Cash
O02408,19-07-2025,July,2025,Appetizer,Burger,https://i.ibb.co/KjvbDYc5/burger.png,Spicy Bean Burger,1,6.48,6.48,2.19,0.98,3.31,Zomato,Card
O02409,14-11-2025,November,2025,Beverage,Hot Drinks,https://i.ibb.co/mFCQYCrw/hot.png,Espresso,2,6.87,13.74,4.94,2.43,6.37,Zomato,Online
O02410,23-08-2025,August,2025,Appetizer,Macaroni,https://i.ibb.co/zVLCV731/macaroni.png,Veg Loaded Mac,4,9.21,36.84,15.85,4.76,16.23,Zomato,Cash
O02411,20-08-2025,August,2025,Main Menu,Veg Mania,https://i.ibb.co/svfg0hg2/vegmania.png,Corn Supreme,3,18.55,55.65,22.35,9.32,23.98,Swiggy,UPI
O02412,23-06-2025,June,2025,Appetizer,French Fries,https://i.ibb.co/23d8CKt3/fries.png,Salted Fries,1,11.7,11.7,4.17,1.9,5.63,UberEats,Online
O02413,10-03-2025,March,2025,Main Menu,Veg Mania,https://i.ibb.co/svfg0hg2/vegmania.png,Mushroom Magic,3,12.81,38.43,12.13,6.78,19.52,In-Store,Online
O02414,10-10-2025,October,2025,Beverage,Hot Drinks,https://i.ibb.co/mFCQYCrw/hot.png,Espresso,2,6.78,13.56,6,1.82,5.74,Swiggy,UPI
O02415,09-06-2025,June,2025,Beverage,Hot Drinks,https://i.ibb.co/mFCQYCrw/hot.png,Hot Chocolate,4,6.53,26.12,11.04,3.12,11.96,Swiggy,Cash
O02416,03-06-2025,June,2025,Beverage,Juice,https://i.ibb.co/bM9d4qvH/juice.png,Watermelon Juice,4,7.23,28.92,10.28,3.08,15.56,In-Store,Card
O02417,24-06-2025,June,2025,Appetizer,Burger,https://i.ibb.co/KjvbDYc5/burger.png,Paneer Burger,4,10.68,42.72,17.59,7.43,17.7,Swiggy,Online
O02418,03-06-2025,June,2025,Appetizer,Burger,https://i.ibb.co/KjvbDYc5/burger.png,Aloo Tikki Burger,3,12.67,38.01,11.97,7.34,18.7,UberEats,UPI
O02419,31-12-2025,December,2025,Main Menu,Sandwich,https://i.ibb.co/fzhvYTxp/sandwich.png,Grilled Veg,4,10.81,43.24,15.6,5.23,22.41,UberEats,Cash
O02420,16-05-2025,May,2025,Appetizer,Macaroni,https://i.ibb.co/zVLCV731/macaroni.png,Classic Mac,4,12.05,48.2,16.52,8.77,22.91,Zomato,Card
O02421,10-02-2025,February,2025,Main Menu,Veg Mania,https://i.ibb.co/svfg0hg2/vegmania.png,Corn Supreme,2,18.55,37.1,14.97,6.84,15.29,UberEats,Cash
O02422,09-10-2025,October,2025,Beverage,Hot Drinks,https://i.ibb.co/mFCQYCrw/hot.png,Hot Chocolate,1,6.66,6.66,2.06,0.81,3.79,Swiggy,Online
O02423,09-06-2025,June,2025,Appetizer,Burger,https://i.ibb.co/KjvbDYc5/burger.png,Paneer Burger,4,8.5,34,13.61,5.23,15.16,UberEats,Cash
O02424,05-02-2025,February,2025,Main Menu,Veg Mania,https://i.ibb.co/svfg0hg2/vegmania.png,Paneer Delight,4,14.95,59.8,21.63,8.81,29.36,In-Store,Cash
O02425,04-07-2025,July,2025,Appetizer,French Fries,https://i.ibb.co/23d8CKt3/fries.png,Salted Fries,3,12.74,38.22,12.5,5.48,20.24,UberEats,Card
O02426,15-10-2025,October,2025,Main Menu,Veg Mania,https://i.ibb.co/svfg0hg2/vegmania.png,Corn Supreme,2,12.94,25.88,11.1,2.79,11.99,Zomato,Card
O02427,19-10-2025,October,2025,Beverage,Juice,https://i.ibb.co/bM9d4qvH/juice.png,Orange Juice,2,6.48,12.96,5.14,1.9,5.92,In-Store,Card
O02428,29-12-2025,December,2025,Main Menu,Sandwich,https://i.ibb.co/fzhvYTxp/sandwich.png,Cheese Chilli,3,16.79,50.37,15.3,8.82,26.25,In-Store,Cash
O02429,25-09-2025,September,2025,Appetizer,French Fries,https://i.ibb.co/23d8CKt3/fries.png,Peri Peri Fries,2,12.68,25.36,10.67,3.12,11.57,In-Store,Card
O02430,09-08-2025,August,2025,Main Menu,Pizza,https://i.ibb.co/vx6T9K8X/pizza-1.png,Farmhouse,3,10.32,30.96,10.26,5.5,15.2,UberEats,UPI
O02431,27-07-2025,July,2025,Beverage,Hot Drinks,https://i.ibb.co/mFCQYCrw/hot.png,Hot Chocolate,1,4.96,4.96,1.93,0.92,2.11,UberEats,Card
O02432,05-03-2025,March,2025,Beverage,Hot Drinks,https://i.ibb.co/mFCQYCrw/hot.png,Hot Chocolate,1,4.01,4.01,1.6,0.53,1.88,In-Store,Cash
O02433,27-07-2025,July,2025,Beverage,Juice,https://i.ibb.co/bM9d4qvH/juice.png,Watermelon Juice,3,5.7,17.1,7.25,2.31,7.54,Zomato,Card
O02434,25-10-2025,October,2025,Main Menu,Sandwich,https://i.ibb.co/fzhvYTxp/sandwich.png,Cheese Chilli,3,19.82,59.46,19.37,10.53,29.56,Swiggy,Card
O02435,24-01-2025,January,2025,Beverage,Juice,https://i.ibb.co/bM9d4qvH/juice.png,Mixed Fruit Juice,3,4.4,13.2,5.83,2.54,4.83,Zomato,Card
O02436,27-02-2025,February,2025,Beverage,Juice,https://i.ibb.co/bM9d4qvH/juice.png,Mango Juice,2,6.04,12.08,5.17,1.59,5.32,Swiggy,Cash
O02437,24-02-2025,February,2025,Appetizer,Burger,https://i.ibb.co/KjvbDYc5/burger.png,Spicy Bean Burger,3,9.88,29.64,13.01,4.09,12.54,Zomato,Card
O02438,28-11-2025,November,2025,Main Menu,Club Veg,https://i.ibb.co/7tVrrcM1/clubveg.png,Spicy Club,2,19.13,38.26,15.25,4.57,18.44,In-Store,Online
O02439,23-09-2025,September,2025,Beverage,Hot Drinks,https://i.ibb.co/mFCQYCrw/hot.png,Green Tea,3,8.73,26.19,8.48,5.04,12.67,Zomato,Card
O02440,19-07-2025,July,2025,Appetizer,Burger,https://i.ibb.co/KjvbDYc5/burger.png,Veg Cheese Burger,3,13.15,39.45,16.19,5.75,17.51,In-Store,Online
O02441,12-08-2025,August,2025,Main Menu,Club Veg,https://i.ibb.co/7tVrrcM1/clubveg.png,Triple Cheese Club,1,16.93,16.93,6.5,2.2,8.23,In-Store,Online
O02442,01-02-2025,February,2025,Main Menu,Pizza,https://i.ibb.co/vx6T9K8X/pizza-1.png,Peppy Paneer,4,16.9,67.6,20.66,7.05,39.89,Zomato,Online
O02443,28-05-2025,May,2025,Main Menu,Club Veg,https://i.ibb.co/7tVrrcM1/clubveg.png,Spicy Club,1,16.78,16.78,5.21,2.83,8.74,Zomato,Online
O02444,31-08-2025,August,2025,Beverage,Juice,https://i.ibb.co/bM9d4qvH/juice.png,Mixed Fruit Juice,3,6.98,20.94,7.41,4.03,9.5,UberEats,UPI
O02445,25-04-2025,April,2025,Appetizer,Burger,https://i.ibb.co/KjvbDYc5/burger.png,Paneer Burger,2,8.06,16.12,6.26,3.09,6.77,In-Store,Online
O02446,24-03-2025,March,2025,Appetizer,Burger,https://i.ibb.co/KjvbDYc5/burger.png,Spicy Bean Burger,3,10.05,30.15,9.28,5.88,14.99,Zomato,Cash
O02447,27-11-2025,November,2025,Appetizer,Macaroni,https://i.ibb.co/zVLCV731/macaroni.png,Cheese Mac,3,13.02,39.06,17.54,4.27,17.25,Zomato,Cash
O02448,09-07-2025,July,2025,Beverage,Hot Drinks,https://i.ibb.co/mFCQYCrw/hot.png,Espresso,1,8.39,8.39,2.84,1.57,3.98,UberEats,UPI
O02449,26-07-2025,July,2025,Main Menu,Veg Mania,https://i.ibb.co/svfg0hg2/vegmania.png,Paneer Delight,4,16.7,66.8,28.98,6.89,30.93,Zomato,UPI
O02450,06-05-2025,May,2025,Beverage,Juice,https://i.ibb.co/bM9d4qvH/juice.png,Mixed Fruit Juice,4,4.25,17,7.41,2.52,7.07,Swiggy,Card
O02451,17-06-2025,June,2025,Beverage,Hot Drinks,https://i.ibb.co/mFCQYCrw/hot.png,Hot Chocolate,1,6.83,6.83,2.53,0.75,3.55,Swiggy,Online
O02452,06-04-2025,April,2025,Main Menu,Club Veg,https://i.ibb.co/7tVrrcM1/clubveg.png,Corn & Mayo Club,1,14.89,14.89,4.47,2.11,8.31,UberEats,UPI
O02453,13-04-2025,April,2025,Beverage,Hot Drinks,https://i.ibb.co/mFCQYCrw/hot.png,Hot Chocolate,4,7.99,31.96,10.87,5.21,15.88,Swiggy,Online
O02454,16-11-2025,November,2025,Main Menu,Sandwich,https://i.ibb.co/fzhvYTxp/sandwich.png,Paneer Tikka,2,10.69,21.38,8.26,3.63,9.49,Swiggy,UPI
O02455,30-08-2025,August,2025,Main Menu,Club Veg,https://i.ibb.co/7tVrrcM1/clubveg.png,Corn & Mayo Club,2,17.12,34.24,12.64,4.49,17.11,Zomato,Online
O02456,09-01-2025,January,2025,Beverage,Juice,https://i.ibb.co/bM9d4qvH/juice.png,Orange Juice,4,7.86,31.44,10.22,3.22,18,Zomato,Card
O02457,23-01-2025,January,2025,Main Menu,Pizza,https://i.ibb.co/vx6T9K8X/pizza-1.png,Veggie Paradise,2,16.55,33.1,10.59,5.28,17.23,Swiggy,Cash
O02458,08-10-2025,October,2025,Appetizer,French Fries,https://i.ibb.co/23d8CKt3/fries.png,Peri Peri Fries,4,9.38,37.52,12.2,6.44,18.88,Zomato,Card
O02459,09-07-2025,July,2025,Main Menu,Veg Mania,https://i.ibb.co/svfg0hg2/vegmania.png,Corn Supreme,2,10.89,21.78,8.89,2.28,10.61,Swiggy,Online
O02460,24-05-2025,May,2025,Beverage,Hot Drinks,https://i.ibb.co/mFCQYCrw/hot.png,Cappuccino,1,5.11,5.11,1.79,0.77,2.55,Swiggy,UPI
O02461,10-11-2025,November,2025,Main Menu,Veg Mania,https://i.ibb.co/svfg0hg2/vegmania.png,Corn Supreme,4,12.68,50.72,22.57,9.96,18.19,Zomato,Cash
O02462,19-12-2025,December,2025,Appetizer,French Fries,https://i.ibb.co/23d8CKt3/fries.png,Peri Peri Fries,2,12.36,24.72,8.93,3.15,12.64,Swiggy,Online
O02463,30-07-2025,July,2025,Appetizer,Burger,https://i.ibb.co/KjvbDYc5/burger.png,Aloo Tikki Burger,4,12.55,50.2,16.23,7.24,26.73,Zomato,UPI
O02464,07-08-2025,August,2025,Beverage,Hot Drinks,https://i.ibb.co/mFCQYCrw/hot.png,Hot Chocolate,2,5.9,11.8,4.23,2.25,5.32,In-Store,Card
O02465,19-02-2025,February,2025,Beverage,Juice,https://i.ibb.co/bM9d4qvH/juice.png,Watermelon Juice,4,6.25,25,10.08,4.35,10.57,Zomato,Card
O02466,30-04-2025,April,2025,Beverage,Juice,https://i.ibb.co/bM9d4qvH/juice.png,Mango Juice,3,6.35,19.05,7.06,2.5,9.49,Zomato,Card
O02467,09-03-2025,March,2025,Appetizer,Macaroni,https://i.ibb.co/zVLCV731/macaroni.png,Classic Mac,2,12.61,25.22,7.79,5.03,12.4,In-Store,Card
O02468,10-03-2025,March,2025,Main Menu,Veg Mania,https://i.ibb.co/svfg0hg2/vegmania.png,Mushroom Magic,3,10.46,31.38,11.12,5.44,14.82,UberEats,UPI
O02469,10-08-2025,August,2025,Main Menu,Veg Mania,https://i.ibb.co/svfg0hg2/vegmania.png,Mushroom Magic,3,17.89,53.67,16.3,10.19,27.18,In-Store,Online
O02470,29-03-2025,March,2025,Appetizer,Burger,https://i.ibb.co/KjvbDYc5/burger.png,Veg Cheese Burger,1,9.73,9.73,2.96,1.39,5.38,In-Store,Cash
O02471,22-03-2025,March,2025,Main Menu,Veg Mania,https://i.ibb.co/svfg0hg2/vegmania.png,Mushroom Magic,4,18.77,75.08,27.07,14.53,33.48,In-Store,Cash
O02472,28-04-2025,April,2025,Beverage,Juice,https://i.ibb.co/bM9d4qvH/juice.png,Watermelon Juice,1,4.57,4.57,1.51,0.63,2.43,UberEats,Online
O02473,01-11-2025,November,2025,Beverage,Juice,https://i.ibb.co/bM9d4qvH/juice.png,Mixed Fruit Juice,2,4.09,8.18,3.24,1.34,3.6,In-Store,Card
O02474,16-08-2025,August,2025,Appetizer,Macaroni,https://i.ibb.co/zVLCV731/macaroni.png,Veg Loaded Mac,1,10.07,10.07,4.19,1.3,4.58,Zomato,Cash
O02475,27-07-2025,July,2025,Appetizer,Macaroni,https://i.ibb.co/zVLCV731/macaroni.png,Spicy Mac,2,11.43,22.86,8.17,3.31,11.38,Swiggy,Cash
O02476,06-03-2025,March,2025,Main Menu,Sandwich,https://i.ibb.co/fzhvYTxp/sandwich.png,Grilled Veg,4,16.61,66.44,29.76,11.74,24.94,In-Store,Online
O02477,25-10-2025,October,2025,Beverage,Juice,https://i.ibb.co/bM9d4qvH/juice.png,Orange Juice,4,5.08,20.32,6.35,3.29,10.68,Zomato,Card
O02478,04-05-2025,May,2025,Main Menu,Veg Mania,https://i.ibb.co/svfg0hg2/vegmania.png,Mushroom Magic,3,11.6,34.8,14.94,6.45,13.41,Swiggy,UPI
O02479,03-10-2025,October,2025,Main Menu,Club Veg,https://i.ibb.co/7tVrrcM1/clubveg.png,Spicy Club,4,16.1,64.4,23.51,7.98,32.91,UberEats,Card
O02480,23-01-2025,January,2025,Appetizer,Macaroni,https://i.ibb.co/zVLCV731/macaroni.png,Cheese Mac,3,7.43,22.29,7.29,3.71,11.29,Zomato,Card
O02481,22-11-2025,November,2025,Main Menu,Sandwich,https://i.ibb.co/fzhvYTxp/sandwich.png,Classic Veg,3,12.52,37.56,16.35,3.8,17.41,Swiggy,Online
O02482,21-11-2025,November,2025,Beverage,Juice,https://i.ibb.co/bM9d4qvH/juice.png,Watermelon Juice,2,5.75,11.5,3.56,1.39,6.55,In-Store,Card
O02483,22-05-2025,May,2025,Appetizer,Burger,https://i.ibb.co/KjvbDYc5/burger.png,Aloo Tikki Burger,3,6.69,20.07,7.89,2.43,9.75,Swiggy,Cash
O02484,20-12-2025,December,2025,Main Menu,Veg Mania,https://i.ibb.co/svfg0hg2/vegmania.png,Paneer Delight,2,15.62,31.24,11.97,5,14.27,UberEats,Card
O02485,23-11-2025,November,2025,Beverage,Juice,https://i.ibb.co/bM9d4qvH/juice.png,Orange Juice,3,7.21,21.63,7.54,2.59,11.5,Zomato,Online
O02486,13-08-2025,August,2025,Beverage,Hot Drinks,https://i.ibb.co/mFCQYCrw/hot.png,Espresso,2,6.85,13.7,5.49,2.73,5.48,Swiggy,Card
O02487,10-06-2025,June,2025,Appetizer,French Fries,https://i.ibb.co/23d8CKt3/fries.png,Salted Fries,2,11.34,22.68,9.14,3.96,9.58,UberEats,UPI
O02488,23-03-2025,March,2025,Main Menu,Sandwich,https://i.ibb.co/fzhvYTxp/sandwich.png,Classic Veg,4,13.52,54.08,21.27,6.1,26.71,UberEats,Online
O02489,09-02-2025,February,2025,Main Menu,Sandwich,https://i.ibb.co/fzhvYTxp/sandwich.png,Paneer Tikka,3,18.35,55.05,22.99,7.17,24.89,Swiggy,UPI
O02490,29-08-2025,August,2025,Main Menu,Pizza,https://i.ibb.co/vx6T9K8X/pizza-1.png,Veggie Paradise,1,16.21,16.21,6.34,2.85,7.02,Swiggy,Cash
O02491,26-01-2025,January,2025,Main Menu,Club Veg,https://i.ibb.co/7tVrrcM1/clubveg.png,Veggie Club Special,3,19.15,57.45,19.44,6.43,31.58,In-Store,UPI
O02492,24-06-2025,June,2025,Main Menu,Club Veg,https://i.ibb.co/7tVrrcM1/clubveg.png,Spicy Club,4,19.98,79.92,32.49,13.28,34.15,Zomato,Online
O02493,16-10-2025,October,2025,Main Menu,Sandwich,https://i.ibb.co/fzhvYTxp/sandwich.png,Classic Veg,3,18.37,55.11,17,5.8,32.31,Zomato,UPI
O02494,27-04-2025,April,2025,Appetizer,Macaroni,https://i.ibb.co/zVLCV731/macaroni.png,Classic Mac,3,13.45,40.35,12.5,5.65,22.2,UberEats,UPI
O02495,23-10-2025,October,2025,Appetizer,French Fries,https://i.ibb.co/23d8CKt3/fries.png,Salted Fries,4,13.32,53.28,18.15,6.91,28.22,Swiggy,Online
O02496,28-07-2025,July,2025,Main Menu,Sandwich,https://i.ibb.co/fzhvYTxp/sandwich.png,Classic Veg,3,10.1,30.3,11.09,5.44,13.77,In-Store,UPI
O02497,16-11-2025,November,2025,Beverage,Juice,https://i.ibb.co/bM9d4qvH/juice.png,Mango Juice,3,4.55,13.65,5.24,1.41,7,Swiggy,Cash
O02498,25-01-2025,January,2025,Main Menu,Pizza,https://i.ibb.co/vx6T9K8X/pizza-1.png,Peppy Paneer,2,14.63,29.26,10.81,3.74,14.71,Swiggy,Cash
O02499,17-11-2025,November,2025,Beverage,Hot Drinks,https://i.ibb.co/mFCQYCrw/hot.png,Cappuccino,4,8.37,33.48,11.77,5.59,16.12,In-Store,Online
O02500,22-09-2025,September,2025,Main Menu,Pizza,https://i.ibb.co/vx6T9K8X/pizza-1.png,Farmhouse,1,13.17,13.17,4.64,1.79,6.74,Swiggy,Online
O02501,05-05-2025,May,2025,Main Menu,Veg Mania,https://i.ibb.co/svfg0hg2/vegmania.png,Mushroom Magic,3,15.54,46.62,20.86,7.36,18.4,In-Store,UPI
O02502,29-03-2025,March,2025,Beverage,Hot Drinks,https://i.ibb.co/mFCQYCrw/hot.png,Green Tea,1,8.5,8.5,2.58,1.17,4.75,UberEats,Card
O02503,05-05-2025,May,2025,Appetizer,French Fries,https://i.ibb.co/23d8CKt3/fries.png,Peri Peri Fries,3,8.2,24.6,10.41,3.8,10.39,UberEats,Online
O02504,23-02-2025,February,2025,Appetizer,Macaroni,https://i.ibb.co/zVLCV731/macaroni.png,Classic Mac,4,8.01,32.04,13.91,5.36,12.77,In-Store,Cash
O02505,30-05-2025,May,2025,Beverage,Hot Drinks,https://i.ibb.co/mFCQYCrw/hot.png,Cappuccino,2,8.66,17.32,6.58,3.05,7.69,UberEats,UPI
O02506,22-01-2025,January,2025,Main Menu,Pizza,https://i.ibb.co/vx6T9K8X/pizza-1.png,Farmhouse,3,16.64,49.92,16.02,6.49,27.41,UberEats,UPI
O02507,16-12-2025,December,2025,Main Menu,Club Veg,https://i.ibb.co/7tVrrcM1/clubveg.png,Veggie Club Special,3,16.04,48.12,19.96,5.14,23.02,Swiggy,Cash
O02508,13-07-2025,July,2025,Appetizer,Macaroni,https://i.ibb.co/zVLCV731/macaroni.png,Veg Loaded Mac,4,11.55,46.2,13.92,8.68,23.6,UberEats,Cash
O02509,25-02-2025,February,2025,Appetizer,Burger,https://i.ibb.co/KjvbDYc5/burger.png,Veg Cheese Burger,2,13.58,27.16,8.34,4.38,14.44,UberEats,UPI
O02510,10-03-2025,March,2025,Appetizer,French Fries,https://i.ibb.co/23d8CKt3/fries.png,Salted Fries,2,13.24,26.48,10.14,4.58,11.76,UberEats,Cash
O02511,18-12-2025,December,2025,Beverage,Juice,https://i.ibb.co/bM9d4qvH/juice.png,Watermelon Juice,1,4.06,4.06,1.73,0.53,1.8,Zomato,Card
O02512,17-04-2025,April,2025,Appetizer,Burger,https://i.ibb.co/KjvbDYc5/burger.png,Paneer Burger,2,8.78,17.56,5.79,2.72,9.05,UberEats,Cash
O02513,24-04-2025,April,2025,Main Menu,Veg Mania,https://i.ibb.co/svfg0hg2/vegmania.png,Paneer Delight,4,10.23,40.92,14.09,7.96,18.87,Swiggy,Online
O02514,27-08-2025,August,2025,Beverage,Juice,https://i.ibb.co/bM9d4qvH/juice.png,Orange Juice,3,6.37,19.11,6.04,2.88,10.19,Zomato,Card
O02515,16-02-2025,February,2025,Beverage,Juice,https://i.ibb.co/bM9d4qvH/juice.png,Mixed Fruit Juice,4,8.76,35.04,14.92,6.07,14.05,Zomato,Card
O02516,26-11-2025,November,2025,Appetizer,Burger,https://i.ibb.co/KjvbDYc5/burger.png,Aloo Tikki Burger,3,7.05,21.15,9.35,3.39,8.41,In-Store,Cash
O02517,09-02-2025,February,2025,Main Menu,Pizza,https://i.ibb.co/vx6T9K8X/pizza-1.png,Peppy Paneer,1,12.32,12.32,3.73,2.1,6.49,In-Store,Cash
O02518,14-09-2025,September,2025,Appetizer,French Fries,https://i.ibb.co/23d8CKt3/fries.png,Salted Fries,1,7.19,7.19,3.06,0.74,3.39,Swiggy,Card
O02519,14-01-2025,January,2025,Main Menu,Veg Mania,https://i.ibb.co/svfg0hg2/vegmania.png,Corn Supreme,1,11.4,11.4,5,1.53,4.87,In-Store,Cash
O02520,07-03-2025,March,2025,Beverage,Juice,https://i.ibb.co/bM9d4qvH/juice.png,Mango Juice,2,6.32,12.64,4.13,2.35,6.16,In-Store,UPI
O02521,23-11-2025,November,2025,Beverage,Hot Drinks,https://i.ibb.co/mFCQYCrw/hot.png,Hot Chocolate,4,5.99,23.96,9.02,4.12,10.82,UberEats,Cash
O02522,01-08-2025,August,2025,Main Menu,Sandwich,https://i.ibb.co/fzhvYTxp/sandwich.png,Classic Veg,3,14.93,44.79,19.79,5.13,19.87,UberEats,UPI
O02523,30-01-2025,January,2025,Main Menu,Club Veg,https://i.ibb.co/7tVrrcM1/clubveg.png,Triple Cheese Club,1,18.63,18.63,6.11,3.66,8.86,Swiggy,UPI
O02524,04-10-2025,October,2025,Appetizer,Burger,https://i.ibb.co/KjvbDYc5/burger.png,Veg Cheese Burger,4,11.23,44.92,14.37,4.99,25.56,In-Store,Online
O02525,14-01-2025,January,2025,Beverage,Juice,https://i.ibb.co/bM9d4qvH/juice.png,Mixed Fruit Juice,2,7.76,15.52,4.74,2.11,8.67,Zomato,Card
O02526,22-03-2025,March,2025,Main Menu,Sandwich,https://i.ibb.co/fzhvYTxp/sandwich.png,Grilled Veg,3,11.92,35.76,12.04,6.18,17.54,Zomato,Online
O02527,21-06-2025,June,2025,Appetizer,Macaroni,https://i.ibb.co/zVLCV731/macaroni.png,Classic Mac,1,13.85,13.85,4.44,1.69,7.72,Swiggy,UPI
O02528,23-12-2025,December,2025,Beverage,Hot Drinks,https://i.ibb.co/mFCQYCrw/hot.png,Cappuccino,1,4.33,4.33,1.58,0.83,1.92,In-Store,Cash
O02529,19-11-2025,November,2025,Main Menu,Club Veg,https://i.ibb.co/7tVrrcM1/clubveg.png,Veggie Club Special,1,17.44,17.44,7.08,3.26,7.1,In-Store,Online
O02530,11-08-2025,August,2025,Beverage,Juice,https://i.ibb.co/bM9d4qvH/juice.png,Orange Juice,2,5.57,11.14,4.35,1.88,4.91,Swiggy,Card
O02531,10-01-2025,January,2025,Main Menu,Sandwich,https://i.ibb.co/fzhvYTxp/sandwich.png,Grilled Veg,4,14.81,59.24,23.09,8.51,27.64,Zomato,UPI
O02532,23-07-2025,July,2025,Beverage,Juice,https://i.ibb.co/bM9d4qvH/juice.png,Orange Juice,1,5.78,5.78,1.88,0.96,2.94,In-Store,Card
O02533,22-08-2025,August,2025,Main Menu,Club Veg,https://i.ibb.co/7tVrrcM1/clubveg.png,Veggie Club Special,4,17.88,71.52,22.82,12.39,36.31,Swiggy,Card
O02534,11-05-2025,May,2025,Appetizer,Macaroni,https://i.ibb.co/zVLCV731/macaroni.png,Classic Mac,4,9.59,38.36,12.36,5.57,20.43,In-Store,Card
O02535,20-10-2025,October,2025,Main Menu,Pizza,https://i.ibb.co/vx6T9K8X/pizza-1.png,Veggie Paradise,4,14.21,56.84,24.28,9.26,23.3,In-Store,Card
O02536,18-04-2025,April,2025,Beverage,Hot Drinks,https://i.ibb.co/mFCQYCrw/hot.png,Hot Chocolate,1,8.45,8.45,3.04,0.95,4.46,Swiggy,Cash
O02537,05-06-2025,June,2025,Beverage,Juice,https://i.ibb.co/bM9d4qvH/juice.png,Mixed Fruit Juice,1,4.36,4.36,1.75,0.47,2.14,Zomato,UPI
O02538,02-05-2025,May,2025,Appetizer,French Fries,https://i.ibb.co/23d8CKt3/fries.png,Peri Peri Fries,3,10.64,31.92,13.2,4.88,13.84,In-Store,Cash
O02539,30-04-2025,April,2025,Beverage,Hot Drinks,https://i.ibb.co/mFCQYCrw/hot.png,Espresso,2,5.3,10.6,3.89,1.8,4.91,Swiggy,Cash
O02540,09-07-2025,July,2025,Appetizer,French Fries,https://i.ibb.co/23d8CKt3/fries.png,Salted Fries,1,10.76,10.76,4.32,1.08,5.36,Swiggy,UPI
O02541,25-10-2025,October,2025,Beverage,Juice,https://i.ibb.co/bM9d4qvH/juice.png,Watermelon Juice,4,4.96,19.84,8.36,2.24,9.24,UberEats,Card
O02542,20-08-2025,August,2025,Appetizer,French Fries,https://i.ibb.co/23d8CKt3/fries.png,Peri Peri Fries,4,11.08,44.32,16.59,8.56,19.17,In-Store,Online
O02543,21-10-2025,October,2025,Appetizer,French Fries,https://i.ibb.co/23d8CKt3/fries.png,Cheese Fries,3,12.29,36.87,11.71,4.79,20.37,In-Store,Cash
O02544,01-06-2025,June,2025,Main Menu,Club Veg,https://i.ibb.co/7tVrrcM1/clubveg.png,Corn & Mayo Club,4,16.33,65.32,27.74,12.38,25.2,Zomato,Card
O02545,17-10-2025,October,2025,Main Menu,Club Veg,https://i.ibb.co/7tVrrcM1/clubveg.png,Triple Cheese Club,1,10.18,10.18,4.32,1.29,4.57,UberEats,Card
O02546,08-04-2025,April,2025,Main Menu,Sandwich,https://i.ibb.co/fzhvYTxp/sandwich.png,Cheese Chilli,4,15.22,60.88,27.27,6.7,26.91,UberEats,Card
O02547,26-07-2025,July,2025,Beverage,Juice,https://i.ibb.co/bM9d4qvH/juice.png,Mixed Fruit Juice,2,5.54,11.08,4.26,1.27,5.55,Swiggy,Online
O02548,23-07-2025,July,2025,Beverage,Juice,https://i.ibb.co/bM9d4qvH/juice.png,Mixed Fruit Juice,4,5.6,22.4,7.85,3.75,10.8,In-Store,Cash
O02549,15-08-2025,August,2025,Main Menu,Sandwich,https://i.ibb.co/fzhvYTxp/sandwich.png,Paneer Tikka,3,11.33,33.99,13.49,6.28,14.22,Zomato,Card
O02550,10-12-2025,December,2025,Beverage,Hot Drinks,https://i.ibb.co/mFCQYCrw/hot.png,Cappuccino,4,8.15,32.6,14.66,4.67,13.27,Zomato,Cash
O02551,02-01-2025,January,2025,Appetizer,Macaroni,https://i.ibb.co/zVLCV731/macaroni.png,Classic Mac,1,7.46,7.46,3.34,1.33,2.79,Zomato,Online
O02552,16-01-2025,January,2025,Beverage,Juice,https://i.ibb.co/bM9d4qvH/juice.png,Mixed Fruit Juice,4,4.58,18.32,6.57,2.85,8.9,UberEats,Card
O02553,05-12-2025,December,2025,Appetizer,Burger,https://i.ibb.co/KjvbDYc5/burger.png,Spicy Bean Burger,3,7.32,21.96,8.81,2.74,10.41,In-Store,UPI
O02554,19-11-2025,November,2025,Main Menu,Sandwich,https://i.ibb.co/fzhvYTxp/sandwich.png,Grilled Veg,2,19.43,38.86,17.14,5.03,16.69,In-Store,Online
O02555,11-12-2025,December,2025,Beverage,Juice,https://i.ibb.co/bM9d4qvH/juice.png,Mango Juice,2,7.93,15.86,5.59,3.12,7.15,UberEats,UPI
O02556,09-05-2025,May,2025,Main Menu,Club Veg,https://i.ibb.co/7tVrrcM1/clubveg.png,Corn & Mayo Club,2,11.12,22.24,10.01,2.91,9.32,Zomato,Card
O02557,09-06-2025,June,2025,Beverage,Hot Drinks,https://i.ibb.co/mFCQYCrw/hot.png,Espresso,4,7.38,29.52,12.75,4,12.77,Swiggy,Card
O02558,25-04-2025,April,2025,Main Menu,Veg Mania,https://i.ibb.co/svfg0hg2/vegmania.png,Veg Overload,2,19.49,38.98,13.68,5.2,20.1,In-Store,Online
O02559,29-01-2025,January,2025,Main Menu,Pizza,https://i.ibb.co/vx6T9K8X/pizza-1.png,Farmhouse,2,15.98,31.96,11.32,4.46,16.18,Swiggy,Cash
O02560,09-04-2025,April,2025,Beverage,Hot Drinks,https://i.ibb.co/mFCQYCrw/hot.png,Espresso,3,5.89,17.67,5.67,3.02,8.98,Swiggy,Cash
O02561,28-09-2025,September,2025,Main Menu,Club Veg,https://i.ibb.co/7tVrrcM1/clubveg.png,Triple Cheese Club,1,16.86,16.86,6.34,3.04,7.48,UberEats,Cash
O02562,14-06-2025,June,2025,Main Menu,Pizza,https://i.ibb.co/vx6T9K8X/pizza-1.png,Veggie Paradise,2,13.68,27.36,8.66,5.03,13.67,Zomato,Card
O02563,15-08-2025,August,2025,Beverage,Hot Drinks,https://i.ibb.co/mFCQYCrw/hot.png,Cappuccino,4,7.45,29.8,9.37,3.34,17.09,Swiggy,UPI
O02564,23-11-2025,November,2025,Appetizer,Macaroni,https://i.ibb.co/zVLCV731/macaroni.png,Classic Mac,3,8.8,26.4,11.29,5.03,10.08,In-Store,Online
O02565,03-11-2025,November,2025,Appetizer,Macaroni,https://i.ibb.co/zVLCV731/macaroni.png,Cheese Mac,4,10.75,43,15.09,6.24,21.67,Swiggy,Online
O02566,26-07-2025,July,2025,Appetizer,French Fries,https://i.ibb.co/23d8CKt3/fries.png,Peri Peri Fries,4,6.58,26.32,9.68,3.75,12.89,Zomato,UPI
O02567,12-10-2025,October,2025,Main Menu,Pizza,https://i.ibb.co/vx6T9K8X/pizza-1.png,Veggie Paradise,2,19.45,38.9,16.72,6.09,16.09,In-Store,Cash
O02568,17-10-2025,October,2025,Beverage,Juice,https://i.ibb.co/bM9d4qvH/juice.png,Watermelon Juice,4,8.21,32.84,13.2,5.28,14.36,Swiggy,Online
O02569,12-12-2025,December,2025,Beverage,Hot Drinks,https://i.ibb.co/mFCQYCrw/hot.png,Espresso,1,8.3,8.3,3.1,1.09,4.11,Zomato,Card
O02570,21-08-2025,August,2025,Main Menu,Veg Mania,https://i.ibb.co/svfg0hg2/vegmania.png,Mushroom Magic,1,13.37,13.37,5.76,1.91,5.7,UberEats,UPI
O02571,29-03-2025,March,2025,Main Menu,Club Veg,https://i.ibb.co/7tVrrcM1/clubveg.png,Corn & Mayo Club,3,12.63,37.89,14.74,4.5,18.65,Swiggy,Online
O02572,10-02-2025,February,2025,Appetizer,Burger,https://i.ibb.co/KjvbDYc5/burger.png,Veg Cheese Burger,3,12.47,37.41,13.71,4.07,19.63,Zomato,Cash
O02573,05-11-2025,November,2025,Main Menu,Veg Mania,https://i.ibb.co/svfg0hg2/vegmania.png,Veg Overload,3,17.81,53.43,17.05,10.41,25.97,Swiggy,Card
O02574,02-05-2025,May,2025,Beverage,Hot Drinks,https://i.ibb.co/mFCQYCrw/hot.png,Cappuccino,3,5.53,16.59,5.25,2.07,9.27,In-Store,Online
O02575,21-10-2025,October,2025,Appetizer,Macaroni,https://i.ibb.co/zVLCV731/macaroni.png,Classic Mac,3,11.72,35.16,13.24,4.37,17.55,Zomato,Card
O02576,08-02-2025,February,2025,Beverage,Hot Drinks,https://i.ibb.co/mFCQYCrw/hot.png,Hot Chocolate,3,8.32,24.96,10.03,3.68,11.25,UberEats,Cash
O02577,28-03-2025,March,2025,Beverage,Hot Drinks,https://i.ibb.co/mFCQYCrw/hot.png,Espresso,1,5.68,5.68,2.4,1,2.28,Zomato,Online
O02578,19-09-2025,September,2025,Main Menu,Veg Mania,https://i.ibb.co/svfg0hg2/vegmania.png,Veg Overload,2,11.51,23.02,7.65,3.81,11.56,UberEats,UPI
O02579,02-05-2025,May,2025,Appetizer,Burger,https://i.ibb.co/KjvbDYc5/burger.png,Paneer Burger,3,12.69,38.07,11.73,6.48,19.86,Swiggy,Online
O02580,01-10-2025,October,2025,Main Menu,Sandwich,https://i.ibb.co/fzhvYTxp/sandwich.png,Classic Veg,3,16.36,49.08,15.95,5.07,28.06,In-Store,Card
O02581,08-02-2025,February,2025,Main Menu,Sandwich,https://i.ibb.co/fzhvYTxp/sandwich.png,Grilled Veg,4,19.04,76.16,32.34,13.7,30.12,In-Store,Card
O02582,18-11-2025,November,2025,Main Menu,Club Veg,https://i.ibb.co/7tVrrcM1/clubveg.png,Corn & Mayo Club,3,12.17,36.51,12.71,3.79,20.01,Zomato,UPI
O02583,09-09-2025,September,2025,Beverage,Hot Drinks,https://i.ibb.co/mFCQYCrw/hot.png,Cappuccino,4,4.7,18.8,7.95,2.01,8.84,In-Store,Card
O02584,05-05-2025,May,2025,Main Menu,Sandwich,https://i.ibb.co/fzhvYTxp/sandwich.png,Paneer Tikka,2,16.02,32.04,9.95,5.64,16.45,In-Store,Cash
O02585,28-04-2025,April,2025,Beverage,Hot Drinks,https://i.ibb.co/mFCQYCrw/hot.png,Espresso,4,5.71,22.84,8.85,2.93,11.06,In-Store,Online
O02586,15-12-2025,December,2025,Main Menu,Pizza,https://i.ibb.co/vx6T9K8X/pizza-1.png,Veggie Paradise,2,11.45,22.9,7.97,3.16,11.77,Swiggy,Online
O02587,01-05-2025,May,2025,Appetizer,French Fries,https://i.ibb.co/23d8CKt3/fries.png,Peri Peri Fries,1,10.99,10.99,4.68,1.23,5.08,Swiggy,UPI
O02588,12-07-2025,July,2025,Beverage,Juice,https://i.ibb.co/bM9d4qvH/juice.png,Orange Juice,3,6.52,19.56,8,2.48,9.08,Zomato,Card
O02589,19-11-2025,November,2025,Appetizer,Macaroni,https://i.ibb.co/zVLCV731/macaroni.png,Cheese Mac,4,8.82,35.28,14.17,4.54,16.57,Swiggy,Online
O02590,04-12-2025,December,2025,Appetizer,Burger,https://i.ibb.co/KjvbDYc5/burger.png,Paneer Burger,1,9.05,9.05,2.82,1.06,5.17,In-Store,Cash
O02591,16-05-2025,May,2025,Appetizer,French Fries,https://i.ibb.co/23d8CKt3/fries.png,Peri Peri Fries,3,10.87,32.61,10.61,4.75,17.25,Swiggy,Card
O02592,20-10-2025,October,2025,Main Menu,Club Veg,https://i.ibb.co/7tVrrcM1/clubveg.png,Corn & Mayo Club,3,13.81,41.43,18.63,6.75,16.05,In-Store,Cash
O02593,30-10-2025,October,2025,Beverage,Hot Drinks,https://i.ibb.co/mFCQYCrw/hot.png,Cappuccino,2,7.91,15.82,5.47,2.68,7.67,In-Store,UPI
O02594,09-01-2025,January,2025,Main Menu,Sandwich,https://i.ibb.co/fzhvYTxp/sandwich.png,Grilled Veg,2,10.77,21.54,7.55,2.47,11.52,UberEats,Cash
O02595,21-12-2025,December,2025,Beverage,Juice,https://i.ibb.co/bM9d4qvH/juice.png,Mixed Fruit Juice,2,8.53,17.06,6.18,2,8.88,UberEats,UPI
O02596,08-03-2025,March,2025,Appetizer,French Fries,https://i.ibb.co/23d8CKt3/fries.png,Cheese Fries,4,10.63,42.52,14.15,4.95,23.42,Swiggy,Cash
O02597,27-06-2025,June,2025,Appetizer,French Fries,https://i.ibb.co/23d8CKt3/fries.png,Loaded Fries,4,10.02,40.08,13.72,7.27,19.09,Swiggy,Online
O02598,02-07-2025,July,2025,Main Menu,Sandwich,https://i.ibb.co/fzhvYTxp/sandwich.png,Classic Veg,1,17.56,17.56,6.13,2.9,8.53,In-Store,Online
O02599,11-04-2025,April,2025,Beverage,Juice,https://i.ibb.co/bM9d4qvH/juice.png,Orange Juice,4,6.85,27.4,11.77,5.17,10.46,In-Store,UPI
O02600,09-02-2025,February,2025,Beverage,Juice,https://i.ibb.co/bM9d4qvH/juice.png,Mixed Fruit Juice,3,4.84,14.52,6.38,2.76,5.38,In-Store,Online
O02601,05-10-2025,October,2025,Main Menu,Pizza,https://i.ibb.co/vx6T9K8X/pizza-1.png,Veggie Paradise,1,11.32,11.32,5.07,1.76,4.49,Zomato,Card
O02602,22-09-2025,September,2025,Beverage,Juice,https://i.ibb.co/bM9d4qvH/juice.png,Mixed Fruit Juice,1,5.66,5.66,2.5,1.13,2.03,Swiggy,UPI
O02603,26-09-2025,September,2025,Main Menu,Pizza,https://i.ibb.co/vx6T9K8X/pizza-1.png,Farmhouse,4,15.99,63.96,19.34,9.83,34.79,Zomato,UPI
O02604,23-12-2025,December,2025,Appetizer,Burger,https://i.ibb.co/KjvbDYc5/burger.png,Paneer Burger,1,9.07,9.07,3.27,0.98,4.82,In-Store,Online
O02605,14-11-2025,November,2025,Appetizer,French Fries,https://i.ibb.co/23d8CKt3/fries.png,Loaded Fries,4,8.02,32.08,10.41,5.62,16.05,Swiggy,Cash
O02606,05-03-2025,March,2025,Main Menu,Club Veg,https://i.ibb.co/7tVrrcM1/clubveg.png,Veggie Club Special,4,10.6,42.4,16.34,5.98,20.08,UberEats,UPI
O02607,09-05-2025,May,2025,Main Menu,Pizza,https://i.ibb.co/vx6T9K8X/pizza-1.png,Veggie Paradise,2,17.45,34.9,11.85,3.94,19.11,In-Store,Card
O02608,30-06-2025,June,2025,Beverage,Hot Drinks,https://i.ibb.co/mFCQYCrw/hot.png,Cappuccino,1,6.04,6.04,2.24,0.88,2.92,Zomato,Card
O02609,30-09-2025,September,2025,Beverage,Hot Drinks,https://i.ibb.co/mFCQYCrw/hot.png,Green Tea,1,7.12,7.12,3.03,1.37,2.72,Zomato,Card
O02610,21-10-2025,October,2025,Main Menu,Club Veg,https://i.ibb.co/7tVrrcM1/clubveg.png,Corn & Mayo Club,1,17.69,17.69,6.12,3.51,8.06,Zomato,UPI
O02611,17-12-2025,December,2025,Beverage,Hot Drinks,https://i.ibb.co/mFCQYCrw/hot.png,Cappuccino,2,4.82,9.64,4.18,1.02,4.44,UberEats,Online
O02612,25-06-2025,June,2025,Appetizer,Burger,https://i.ibb.co/KjvbDYc5/burger.png,Veg Cheese Burger,4,11.72,46.88,20.1,8.14,18.64,In-Store,Card
O02613,24-04-2025,April,2025,Appetizer,French Fries,https://i.ibb.co/23d8CKt3/fries.png,Cheese Fries,1,9.19,9.19,3.95,1.22,4.02,Swiggy,Card
O02614,24-02-2025,February,2025,Beverage,Hot Drinks,https://i.ibb.co/mFCQYCrw/hot.png,Hot Chocolate,4,8.72,34.88,14.1,3.88,16.9,UberEats,Cash
O02615,08-09-2025,September,2025,Beverage,Hot Drinks,https://i.ibb.co/mFCQYCrw/hot.png,Green Tea,3,5.24,15.72,5.77,2.61,7.34,UberEats,Cash
O02616,14-06-2025,June,2025,Appetizer,French Fries,https://i.ibb.co/23d8CKt3/fries.png,Cheese Fries,4,13.14,52.56,15.94,5.3,31.32,UberEats,Card
O02617,10-04-2025,April,2025,Appetizer,French Fries,https://i.ibb.co/23d8CKt3/fries.png,Salted Fries,4,7.92,31.68,9.59,5.92,16.17,Swiggy,Cash
O02618,03-11-2025,November,2025,Appetizer,Burger,https://i.ibb.co/KjvbDYc5/burger.png,Aloo Tikki Burger,1,6.34,6.34,2.72,1.06,2.56,Zomato,UPI
O02619,01-05-2025,May,2025,Appetizer,Burger,https://i.ibb.co/KjvbDYc5/burger.png,Aloo Tikki Burger,4,10.49,41.96,17.02,7.18,17.76,UberEats,Card
O02620,07-06-2025,June,2025,Main Menu,Club Veg,https://i.ibb.co/7tVrrcM1/clubveg.png,Spicy Club,4,17.32,69.28,26.8,9.91,32.57,In-Store,Cash
O02621,17-06-2025,June,2025,Main Menu,Veg Mania,https://i.ibb.co/svfg0hg2/vegmania.png,Mushroom Magic,1,18.18,18.18,7.28,3.15,7.75,Zomato,UPI
O02622,20-04-2025,April,2025,Appetizer,Macaroni,https://i.ibb.co/zVLCV731/macaroni.png,Classic Mac,4,9.6,38.4,12.82,5.67,19.91,Zomato,Online
O02623,12-06-2025,June,2025,Main Menu,Veg Mania,https://i.ibb.co/svfg0hg2/vegmania.png,Corn Supreme,1,13.95,13.95,4.79,1.78,7.38,Zomato,Cash
O02624,14-02-2025,February,2025,Main Menu,Club Veg,https://i.ibb.co/7tVrrcM1/clubveg.png,Veggie Club Special,2,18.96,37.92,12.03,6.54,19.35,In-Store,Online
O02625,28-09-2025,September,2025,Main Menu,Pizza,https://i.ibb.co/vx6T9K8X/pizza-1.png,Margherita,4,10.3,41.2,18.34,5.36,17.5,Zomato,Online
O02626,20-05-2025,May,2025,Appetizer,Burger,https://i.ibb.co/KjvbDYc5/burger.png,Veg Cheese Burger,4,9.47,37.88,12.73,5.74,19.41,UberEats,Online
O02627,12-03-2025,March,2025,Appetizer,French Fries,https://i.ibb.co/23d8CKt3/fries.png,Loaded Fries,4,7.77,31.08,11.98,3.4,15.7,In-Store,Cash
O02628,26-10-2025,October,2025,Beverage,Hot Drinks,https://i.ibb.co/mFCQYCrw/hot.png,Green Tea,4,6.93,27.72,11.6,5.04,11.08,In-Store,UPI
O02629,27-03-2025,March,2025,Main Menu,Pizza,https://i.ibb.co/vx6T9K8X/pizza-1.png,Peppy Paneer,3,13.4,40.2,13.53,7.55,19.12,UberEats,UPI
O02630,20-11-2025,November,2025,Appetizer,French Fries,https://i.ibb.co/23d8CKt3/fries.png,Loaded Fries,2,12.3,24.6,10.23,4.72,9.65,UberEats,UPI
O02631,11-11-2025,November,2025,Appetizer,Burger,https://i.ibb.co/KjvbDYc5/burger.png,Veg Cheese Burger,3,6.8,20.4,8.06,3.76,8.58,UberEats,Cash
O02632,21-12-2025,December,2025,Appetizer,Macaroni,https://i.ibb.co/zVLCV731/macaroni.png,Classic Mac,2,6.78,13.56,5.28,2.56,5.72,Zomato,Cash
O02633,22-01-2025,January,2025,Main Menu,Club Veg,https://i.ibb.co/7tVrrcM1/clubveg.png,Spicy Club,4,19.82,79.28,31.23,8.17,39.88,Zomato,Card
O02634,02-05-2025,May,2025,Main Menu,Veg Mania,https://i.ibb.co/svfg0hg2/vegmania.png,Corn Supreme,4,19.25,77,26.43,14.55,36.02,UberEats,Cash
O02635,03-01-2025,January,2025,Appetizer,Macaroni,https://i.ibb.co/zVLCV731/macaroni.png,Spicy Mac,3,12.06,36.18,15.14,5.09,15.95,Swiggy,Card
O02636,21-11-2025,November,2025,Appetizer,French Fries,https://i.ibb.co/23d8CKt3/fries.png,Peri Peri Fries,2,12.34,24.68,10.21,4.72,9.75,Swiggy,UPI
O02637,26-05-2025,May,2025,Beverage,Hot Drinks,https://i.ibb.co/mFCQYCrw/hot.png,Green Tea,1,8.05,8.05,3.12,1.6,3.33,In-Store,Card
O02638,20-12-2025,December,2025,Main Menu,Pizza,https://i.ibb.co/vx6T9K8X/pizza-1.png,Veggie Paradise,1,17.86,17.86,7.04,2.91,7.91,In-Store,UPI
O02639,31-07-2025,July,2025,Main Menu,Veg Mania,https://i.ibb.co/svfg0hg2/vegmania.png,Mushroom Magic,1,13.98,13.98,5.18,1.44,7.36,UberEats,Card
O02640,28-05-2025,May,2025,Main Menu,Veg Mania,https://i.ibb.co/svfg0hg2/vegmania.png,Mushroom Magic,1,11.55,11.55,4.2,1.89,5.46,Zomato,Cash
O02641,10-03-2025,March,2025,Main Menu,Veg Mania,https://i.ibb.co/svfg0hg2/vegmania.png,Mushroom Magic,4,14.91,59.64,17.95,8.77,32.92,Zomato,Card
O02642,04-01-2025,January,2025,Beverage,Hot Drinks,https://i.ibb.co/mFCQYCrw/hot.png,Espresso,1,8.25,8.25,2.78,1.07,4.4,Swiggy,Online
O02643,05-01-2025,January,2025,Main Menu,Sandwich,https://i.ibb.co/fzhvYTxp/sandwich.png,Classic Veg,1,13.98,13.98,4.93,2.02,7.03,UberEats,Online
O02644,15-04-2025,April,2025,Beverage,Hot Drinks,https://i.ibb.co/mFCQYCrw/hot.png,Hot Chocolate,1,7.98,7.98,2.75,0.85,4.38,Swiggy,Card
O02645,26-07-2025,July,2025,Beverage,Juice,https://i.ibb.co/bM9d4qvH/juice.png,Mixed Fruit Juice,2,7.46,14.92,6.02,2.48,6.42,Zomato,Card
O02646,03-09-2025,September,2025,Appetizer,Macaroni,https://i.ibb.co/zVLCV731/macaroni.png,Veg Loaded Mac,2,6.77,13.54,5.49,2.38,5.67,UberEats,UPI
O02647,11-03-2025,March,2025,Appetizer,Burger,https://i.ibb.co/KjvbDYc5/burger.png,Aloo Tikki Burger,1,9.82,9.82,3.1,1.39,5.33,UberEats,Card
O02648,16-02-2025,February,2025,Beverage,Hot Drinks,https://i.ibb.co/mFCQYCrw/hot.png,Green Tea,1,7.61,7.61,3.33,1.46,2.82,Zomato,Cash
O02649,28-01-2025,January,2025,Beverage,Juice,https://i.ibb.co/bM9d4qvH/juice.png,Mixed Fruit Juice,4,8.37,33.48,12.89,4.16,16.43,Swiggy,Online
O02650,02-02-2025,February,2025,Appetizer,French Fries,https://i.ibb.co/23d8CKt3/fries.png,Peri Peri Fries,1,11.49,11.49,3.62,2.27,5.6,Zomato,Online
O02651,22-04-2025,April,2025,Beverage,Juice,https://i.ibb.co/bM9d4qvH/juice.png,Orange Juice,1,8.35,8.35,2.91,1.55,3.89,UberEats,Card
O02652,21-03-2025,March,2025,Beverage,Juice,https://i.ibb.co/bM9d4qvH/juice.png,Mixed Fruit Juice,1,6.59,6.59,2.54,0.71,3.34,Zomato,Cash
O02653,07-08-2025,August,2025,Appetizer,French Fries,https://i.ibb.co/23d8CKt3/fries.png,Salted Fries,4,9.1,36.4,15.13,5.53,15.74,UberEats,Card
O02654,09-10-2025,October,2025,Main Menu,Sandwich,https://i.ibb.co/fzhvYTxp/sandwich.png,Cheese Chilli,2,18.9,37.8,11.86,4.27,21.67,UberEats,UPI
O02655,06-05-2025,May,2025,Beverage,Juice,https://i.ibb.co/bM9d4qvH/juice.png,Watermelon Juice,4,8.3,33.2,11.8,3.9,17.5,UberEats,UPI
O02656,04-03-2025,March,2025,Appetizer,French Fries,https://i.ibb.co/23d8CKt3/fries.png,Loaded Fries,4,8.62,34.48,14.08,6.87,13.53,In-Store,Card
O02657,21-07-2025,July,2025,Appetizer,Burger,https://i.ibb.co/KjvbDYc5/burger.png,Aloo Tikki Burger,3,6.39,19.17,8.18,3.54,7.45,UberEats,UPI
O02658,23-10-2025,October,2025,Appetizer,French Fries,https://i.ibb.co/23d8CKt3/fries.png,Salted Fries,1,6.7,6.7,2.52,1.28,2.9,Zomato,Online
O02659,26-10-2025,October,2025,Appetizer,Burger,https://i.ibb.co/KjvbDYc5/burger.png,Veg Cheese Burger,3,12.78,38.34,14.89,7.28,16.17,Zomato,Online
O02660,24-03-2025,March,2025,Main Menu,Club Veg,https://i.ibb.co/7tVrrcM1/clubveg.png,Veggie Club Special,4,15.47,61.88,19.49,7.78,34.61,In-Store,Online
O02661,27-02-2025,February,2025,Main Menu,Pizza,https://i.ibb.co/vx6T9K8X/pizza-1.png,Peppy Paneer,2,10.95,21.9,9.44,3.01,9.45,Zomato,Card
O02662,18-03-2025,March,2025,Main Menu,Veg Mania,https://i.ibb.co/svfg0hg2/vegmania.png,Mushroom Magic,2,14.31,28.62,10.51,5.49,12.62,UberEats,Online
O02663,28-01-2025,January,2025,Beverage,Juice,https://i.ibb.co/bM9d4qvH/juice.png,Mango Juice,1,5.38,5.38,1.74,0.59,3.05,Swiggy,Cash
O02664,11-10-2025,October,2025,Appetizer,French Fries,https://i.ibb.co/23d8CKt3/fries.png,Loaded Fries,1,9.21,9.21,3.58,1.17,4.46,In-Store,UPI
O02665,18-04-2025,April,2025,Beverage,Hot Drinks,https://i.ibb.co/mFCQYCrw/hot.png,Hot Chocolate,4,7.87,31.48,9.6,5.3,16.58,Zomato,Card
O02666,01-10-2025,October,2025,Appetizer,Burger,https://i.ibb.co/KjvbDYc5/burger.png,Aloo Tikki Burger,2,11.66,23.32,10.42,2.34,10.56,Zomato,Cash
O02667,04-06-2025,June,2025,Main Menu,Pizza,https://i.ibb.co/vx6T9K8X/pizza-1.png,Margherita,2,13.07,26.14,8.12,4.03,13.99,UberEats,Cash
O02668,04-02-2025,February,2025,Appetizer,Burger,https://i.ibb.co/KjvbDYc5/burger.png,Veg Cheese Burger,1,11.44,11.44,4.76,1.75,4.93,Swiggy,Cash
O02669,26-11-2025,November,2025,Beverage,Juice,https://i.ibb.co/bM9d4qvH/juice.png,Watermelon Juice,2,6.14,12.28,4.65,2.2,5.43,Swiggy,Cash
O02670,12-04-2025,April,2025,Appetizer,Macaroni,https://i.ibb.co/zVLCV731/macaroni.png,Cheese Mac,2,13.42,26.84,11.62,4.96,10.26,Swiggy,Card
O02671,23-10-2025,October,2025,Appetizer,Macaroni,https://i.ibb.co/zVLCV731/macaroni.png,Classic Mac,4,10.99,43.96,14.93,8.4,20.63,Zomato,Online
O02672,08-11-2025,November,2025,Main Menu,Sandwich,https://i.ibb.co/fzhvYTxp/sandwich.png,Classic Veg,3,13.29,39.87,15.41,7.4,17.06,Swiggy,Card
O02673,19-03-2025,March,2025,Main Menu,Sandwich,https://i.ibb.co/fzhvYTxp/sandwich.png,Cheese Chilli,3,14.39,43.17,17.27,4.43,21.47,Swiggy,Online
O02674,27-08-2025,August,2025,Beverage,Juice,https://i.ibb.co/bM9d4qvH/juice.png,Orange Juice,2,7.48,14.96,5.62,2,7.34,Swiggy,Cash
O02675,27-02-2025,February,2025,Appetizer,Macaroni,https://i.ibb.co/zVLCV731/macaroni.png,Classic Mac,3,10.35,31.05,9.54,4.01,17.5,Zomato,Card
O02676,03-03-2025,March,2025,Beverage,Juice,https://i.ibb.co/bM9d4qvH/juice.png,Mixed Fruit Juice,3,7.76,23.28,7.71,3.78,11.79,Zomato,UPI
O02677,28-09-2025,September,2025,Appetizer,Burger,https://i.ibb.co/KjvbDYc5/burger.png,Veg Cheese Burger,3,12.76,38.28,11.62,6.16,20.5,Zomato,Cash
O02678,20-10-2025,October,2025,Main Menu,Pizza,https://i.ibb.co/vx6T9K8X/pizza-1.png,Veggie Paradise,3,19.93,59.79,25.19,6.94,27.66,UberEats,Card
O02679,07-01-2025,January,2025,Beverage,Juice,https://i.ibb.co/bM9d4qvH/juice.png,Mixed Fruit Juice,3,5.65,16.95,7.37,2.93,6.65,UberEats,Cash
O02680,25-05-2025,May,2025,Main Menu,Veg Mania,https://i.ibb.co/svfg0hg2/vegmania.png,Paneer Delight,4,14.04,56.16,20.53,6.31,29.32,UberEats,Cash
O02681,16-12-2025,December,2025,Appetizer,French Fries,https://i.ibb.co/23d8CKt3/fries.png,Peri Peri Fries,1,13.62,13.62,4.51,1.53,7.58,UberEats,Cash
O02682,07-12-2025,December,2025,Appetizer,Burger,https://i.ibb.co/KjvbDYc5/burger.png,Veg Cheese Burger,3,6.25,18.75,6.56,3.71,8.48,UberEats,Online
O02683,09-01-2025,January,2025,Beverage,Juice,https://i.ibb.co/bM9d4qvH/juice.png,Watermelon Juice,2,5.62,11.24,3.49,1.59,6.16,UberEats,Online
O02684,02-12-2025,December,2025,Main Menu,Sandwich,https://i.ibb.co/fzhvYTxp/sandwich.png,Paneer Tikka,3,14.77,44.31,19.11,5.27,19.93,Zomato,Online
O02685,19-02-2025,February,2025,Main Menu,Pizza,https://i.ibb.co/vx6T9K8X/pizza-1.png,Margherita,4,10.24,40.96,12.49,6.5,21.97,Zomato,UPI
O02686,06-08-2025,August,2025,Appetizer,French Fries,https://i.ibb.co/23d8CKt3/fries.png,Cheese Fries,4,8.77,35.08,10.92,4.52,19.64,UberEats,Online
O02687,08-03-2025,March,2025,Main Menu,Veg Mania,https://i.ibb.co/svfg0hg2/vegmania.png,Corn Supreme,2,15.66,31.32,10.58,5.47,15.27,Swiggy,Card
O02688,14-03-2025,March,2025,Appetizer,Burger,https://i.ibb.co/KjvbDYc5/burger.png,Spicy Bean Burger,2,12.18,24.36,10.41,3.94,10.01,Swiggy,UPI
O02689,24-03-2025,March,2025,Appetizer,Burger,https://i.ibb.co/KjvbDYc5/burger.png,Spicy Bean Burger,2,7.42,14.84,6.46,1.56,6.82,UberEats,Cash
O02690,03-11-2025,November,2025,Beverage,Juice,https://i.ibb.co/bM9d4qvH/juice.png,Mixed Fruit Juice,2,4.59,9.18,4.1,1.65,3.43,Swiggy,Online
O02691,30-10-2025,October,2025,Main Menu,Pizza,https://i.ibb.co/vx6T9K8X/pizza-1.png,Farmhouse,4,18.48,73.92,31.6,10.63,31.69,Zomato,Card
O02692,29-09-2025,September,2025,Beverage,Juice,https://i.ibb.co/bM9d4qvH/juice.png,Watermelon Juice,2,8.77,17.54,7.16,2.22,8.16,UberEats,UPI
O02693,17-12-2025,December,2025,Beverage,Juice,https://i.ibb.co/bM9d4qvH/juice.png,Mango Juice,1,8.98,8.98,3.16,1.57,4.25,UberEats,Cash
O02694,31-01-2025,January,2025,Main Menu,Veg Mania,https://i.ibb.co/svfg0hg2/vegmania.png,Corn Supreme,4,18.37,73.48,25.89,10.68,36.91,In-Store,Online
O02695,24-11-2025,November,2025,Appetizer,Macaroni,https://i.ibb.co/zVLCV731/macaroni.png,Spicy Mac,4,13.79,55.16,20.83,6.77,27.56,UberEats,Cash
O02696,15-08-2025,August,2025,Beverage,Hot Drinks,https://i.ibb.co/mFCQYCrw/hot.png,Hot Chocolate,4,6.89,27.56,10.18,4.45,12.93,UberEats,Online
O02697,07-05-2025,May,2025,Appetizer,Macaroni,https://i.ibb.co/zVLCV731/macaroni.png,Classic Mac,4,8.19,32.76,14.15,6.01,12.6,Zomato,UPI
O02698,11-08-2025,August,2025,Main Menu,Veg Mania,https://i.ibb.co/svfg0hg2/vegmania.png,Paneer Delight,1,10.36,10.36,3.27,1.92,5.17,Swiggy,Cash
O02699,04-03-2025,March,2025,Main Menu,Sandwich,https://i.ibb.co/fzhvYTxp/sandwich.png,Grilled Veg,2,19.61,39.22,16.32,4.74,18.16,In-Store,Card
O02700,19-08-2025,August,2025,Appetizer,Macaroni,https://i.ibb.co/zVLCV731/macaroni.png,Classic Mac,4,7.25,29,8.76,3.28,16.96,In-Store,Card
O02701,22-09-2025,September,2025,Main Menu,Veg Mania,https://i.ibb.co/svfg0hg2/vegmania.png,Paneer Delight,1,14.3,14.3,6.27,1.53,6.5,UberEats,Online
O02702,17-03-2025,March,2025,Beverage,Juice,https://i.ibb.co/bM9d4qvH/juice.png,Orange Juice,4,5.08,20.32,6.14,2.19,11.99,UberEats,Cash
O02703,13-02-2025,February,2025,Main Menu,Veg Mania,https://i.ibb.co/svfg0hg2/vegmania.png,Veg Overload,2,11.54,23.08,8.32,4.49,10.27,In-Store,Cash
O02704,28-01-2025,January,2025,Appetizer,French Fries,https://i.ibb.co/23d8CKt3/fries.png,Peri Peri Fries,4,12.42,49.68,19.48,9.24,20.96,UberEats,Cash
O02705,28-05-2025,May,2025,Appetizer,French Fries,https://i.ibb.co/23d8CKt3/fries.png,Cheese Fries,2,10.43,20.86,6.58,2.24,12.04,In-Store,UPI
O02706,25-07-2025,July,2025,Main Menu,Veg Mania,https://i.ibb.co/svfg0hg2/vegmania.png,Mushroom Magic,1,16.15,16.15,6.45,2.72,6.98,Swiggy,Cash
O02707,11-08-2025,August,2025,Main Menu,Club Veg,https://i.ibb.co/7tVrrcM1/clubveg.png,Spicy Club,3,16.06,48.18,20.3,7.49,20.39,In-Store,Online
O02708,08-08-2025,August,2025,Beverage,Hot Drinks,https://i.ibb.co/mFCQYCrw/hot.png,Green Tea,1,6.59,6.59,2.39,0.71,3.49,Swiggy,Card
O02709,15-10-2025,October,2025,Main Menu,Club Veg,https://i.ibb.co/7tVrrcM1/clubveg.png,Veggie Club Special,1,17.03,17.03,7.21,1.8,8.02,Zomato,Online
O02710,14-08-2025,August,2025,Appetizer,Macaroni,https://i.ibb.co/zVLCV731/macaroni.png,Spicy Mac,2,7.51,15.02,6.63,2.39,6,In-Store,Card
O02711,30-06-2025,June,2025,Beverage,Juice,https://i.ibb.co/bM9d4qvH/juice.png,Mango Juice,4,6.25,25,10.68,3.7,10.62,Zomato,Online
O02712,17-01-2025,January,2025,Main Menu,Club Veg,https://i.ibb.co/7tVrrcM1/clubveg.png,Corn & Mayo Club,4,19.69,78.76,32.99,8.9,36.87,In-Store,Online
O02713,09-06-2025,June,2025,Appetizer,French Fries,https://i.ibb.co/23d8CKt3/fries.png,Salted Fries,3,6.55,19.65,8.44,3.8,7.41,Swiggy,Cash
O02714,17-08-2025,August,2025,Beverage,Hot Drinks,https://i.ibb.co/mFCQYCrw/hot.png,Green Tea,1,7.88,7.88,3.09,1.19,3.6,Swiggy,UPI
O02715,11-01-2025,January,2025,Beverage,Hot Drinks,https://i.ibb.co/mFCQYCrw/hot.png,Cappuccino,1,8.92,8.92,3.33,1.01,4.58,Swiggy,UPI
O02716,02-01-2025,January,2025,Appetizer,Burger,https://i.ibb.co/KjvbDYc5/burger.png,Aloo Tikki Burger,2,11.42,22.84,7.98,2.46,12.4,UberEats,Card
O02717,11-05-2025,May,2025,Beverage,Juice,https://i.ibb.co/bM9d4qvH/juice.png,Watermelon Juice,2,4.98,9.96,3.49,1.37,5.1,In-Store,Online
O02718,28-09-2025,September,2025,Appetizer,French Fries,https://i.ibb.co/23d8CKt3/fries.png,Peri Peri Fries,4,9.73,38.92,14.89,4.95,19.08,Swiggy,Card
O02719,30-10-2025,October,2025,Appetizer,French Fries,https://i.ibb.co/23d8CKt3/fries.png,Salted Fries,4,13.82,55.28,19.26,5.9,30.12,In-Store,Online
O02720,12-10-2025,October,2025,Beverage,Hot Drinks,https://i.ibb.co/mFCQYCrw/hot.png,Espresso,2,7.03,14.06,6.11,1.88,6.07,In-Store,Online
O02721,18-03-2025,March,2025,Main Menu,Pizza,https://i.ibb.co/vx6T9K8X/pizza-1.png,Peppy Paneer,4,11.03,44.12,13.87,7.39,22.86,Swiggy,Online
O02722,20-10-2025,October,2025,Appetizer,Burger,https://i.ibb.co/KjvbDYc5/burger.png,Veg Cheese Burger,4,13.04,52.16,15.91,5.76,30.49,Zomato,UPI
O02723,04-04-2025,April,2025,Main Menu,Club Veg,https://i.ibb.co/7tVrrcM1/clubveg.png,Triple Cheese Club,1,19.7,19.7,7.83,2.39,9.48,In-Store,Cash
O02724,31-12-2025,December,2025,Appetizer,Burger,https://i.ibb.co/KjvbDYc5/burger.png,Spicy Bean Burger,1,6.06,6.06,2.36,0.8,2.9,Zomato,Cash
O02725,28-08-2025,August,2025,Main Menu,Pizza,https://i.ibb.co/vx6T9K8X/pizza-1.png,Farmhouse,4,15.34,61.36,27.52,10.02,23.82,Swiggy,Cash
O02726,29-01-2025,January,2025,Main Menu,Veg Mania,https://i.ibb.co/svfg0hg2/vegmania.png,Corn Supreme,4,14.37,57.48,23.94,7.88,25.66,Swiggy,Cash
O02727,09-07-2025,July,2025,Beverage,Hot Drinks,https://i.ibb.co/mFCQYCrw/hot.png,Cappuccino,2,5.82,11.64,4.62,1.83,5.19,Swiggy,Cash
O02728,12-01-2025,January,2025,Beverage,Hot Drinks,https://i.ibb.co/mFCQYCrw/hot.png,Espresso,3,8.19,24.57,9.98,3.27,11.32,Swiggy,Online
O02729,05-06-2025,June,2025,Beverage,Juice,https://i.ibb.co/bM9d4qvH/juice.png,Mango Juice,4,7.7,30.8,12.09,5.99,12.72,Swiggy,Online
O02730,25-09-2025,September,2025,Beverage,Juice,https://i.ibb.co/bM9d4qvH/juice.png,Mixed Fruit Juice,3,5.08,15.24,5.06,2.16,8.02,UberEats,Online
O02731,04-10-2025,October,2025,Main Menu,Veg Mania,https://i.ibb.co/svfg0hg2/vegmania.png,Paneer Delight,2,17.65,35.3,14.72,4.73,15.85,UberEats,Cash
O02732,31-08-2025,August,2025,Appetizer,Macaroni,https://i.ibb.co/zVLCV731/macaroni.png,Classic Mac,2,13.1,26.2,9.47,5.21,11.52,Zomato,Card
O02733,16-10-2025,October,2025,Main Menu,Club Veg,https://i.ibb.co/7tVrrcM1/clubveg.png,Corn & Mayo Club,2,12.56,25.12,10.18,3.76,11.18,Swiggy,Cash
O02734,19-09-2025,September,2025,Appetizer,French Fries,https://i.ibb.co/23d8CKt3/fries.png,Cheese Fries,1,13.63,13.63,6.02,2.17,5.44,Zomato,Online
O02735,16-09-2025,September,2025,Main Menu,Pizza,https://i.ibb.co/vx6T9K8X/pizza-1.png,Veggie Paradise,3,16.26,48.78,21.87,9.21,17.7,In-Store,Cash
O02736,23-01-2025,January,2025,Beverage,Hot Drinks,https://i.ibb.co/mFCQYCrw/hot.png,Cappuccino,1,6.11,6.11,2.49,0.99,2.63,Swiggy,UPI
O02737,25-10-2025,October,2025,Appetizer,Burger,https://i.ibb.co/KjvbDYc5/burger.png,Paneer Burger,2,8.81,17.62,6.28,2.58,8.76,In-Store,Cash
O02738,10-10-2025,October,2025,Beverage,Juice,https://i.ibb.co/bM9d4qvH/juice.png,Mango Juice,2,6,12,3.61,2.36,6.03,In-Store,UPI
O02739,20-12-2025,December,2025,Beverage,Juice,https://i.ibb.co/bM9d4qvH/juice.png,Watermelon Juice,2,8.85,17.7,5.33,2.91,9.46,In-Store,UPI
O02740,24-08-2025,August,2025,Beverage,Hot Drinks,https://i.ibb.co/mFCQYCrw/hot.png,Cappuccino,3,5.36,16.08,5.1,3.07,7.91,UberEats,Cash
O02741,04-08-2025,August,2025,Beverage,Hot Drinks,https://i.ibb.co/mFCQYCrw/hot.png,Green Tea,4,7.06,28.24,9.02,3.08,16.14,In-Store,Card
O02742,16-05-2025,May,2025,Beverage,Hot Drinks,https://i.ibb.co/mFCQYCrw/hot.png,Espresso,1,7.44,7.44,2.44,1.12,3.88,UberEats,Online
O02743,09-06-2025,June,2025,Main Menu,Veg Mania,https://i.ibb.co/svfg0hg2/vegmania.png,Veg Overload,1,11.5,11.5,4.05,2.12,5.33,Swiggy,Card
O02744,23-06-2025,June,2025,Main Menu,Pizza,https://i.ibb.co/vx6T9K8X/pizza-1.png,Farmhouse,2,18.65,37.3,15.73,4.31,17.26,Zomato,UPI
O02745,05-05-2025,May,2025,Beverage,Hot Drinks,https://i.ibb.co/mFCQYCrw/hot.png,Hot Chocolate,1,4.32,4.32,1.89,0.82,1.61,Zomato,Cash
O02746,21-10-2025,October,2025,Main Menu,Club Veg,https://i.ibb.co/7tVrrcM1/clubveg.png,Corn & Mayo Club,2,15.47,30.94,11.77,3.75,15.42,Zomato,Cash
O02747,12-03-2025,March,2025,Appetizer,Macaroni,https://i.ibb.co/zVLCV731/macaroni.png,Spicy Mac,1,12.19,12.19,4.53,2.17,5.49,Zomato,Online
O02748,22-10-2025,October,2025,Main Menu,Pizza,https://i.ibb.co/vx6T9K8X/pizza-1.png,Margherita,4,12.52,50.08,15.4,8.06,26.62,Swiggy,Cash
O02749,07-02-2025,February,2025,Main Menu,Veg Mania,https://i.ibb.co/svfg0hg2/vegmania.png,Mushroom Magic,1,18.31,18.31,6.65,3.23,8.43,UberEats,Card
O02750,28-07-2025,July,2025,Main Menu,Sandwich,https://i.ibb.co/fzhvYTxp/sandwich.png,Cheese Chilli,3,18.49,55.47,19.72,7.13,28.62,In-Store,Online
O02751,24-06-2025,June,2025,Main Menu,Sandwich,https://i.ibb.co/fzhvYTxp/sandwich.png,Grilled Veg,2,17.51,35.02,15.05,5.93,14.04,UberEats,UPI
O02752,19-09-2025,September,2025,Main Menu,Pizza,https://i.ibb.co/vx6T9K8X/pizza-1.png,Peppy Paneer,2,10.15,20.3,7.84,3.05,9.41,Swiggy,Card
O02753,23-05-2025,May,2025,Appetizer,Macaroni,https://i.ibb.co/zVLCV731/macaroni.png,Cheese Mac,1,9.65,9.65,2.92,1.76,4.97,UberEats,Cash
O02754,19-02-2025,February,2025,Appetizer,Macaroni,https://i.ibb.co/zVLCV731/macaroni.png,Classic Mac,1,11.45,11.45,4.61,2.22,4.62,Zomato,UPI
O02755,15-01-2025,January,2025,Beverage,Hot Drinks,https://i.ibb.co/mFCQYCrw/hot.png,Green Tea,3,8.36,25.08,8.96,3.98,12.14,Swiggy,Online
O02756,05-09-2025,September,2025,Beverage,Juice,https://i.ibb.co/bM9d4qvH/juice.png,Mango Juice,2,4.02,8.04,2.69,1.4,3.95,UberEats,Cash
O02757,05-10-2025,October,2025,Beverage,Juice,https://i.ibb.co/bM9d4qvH/juice.png,Mixed Fruit Juice,2,6.06,12.12,4.62,1.44,6.06,In-Store,Card
O02758,20-05-2025,May,2025,Main Menu,Pizza,https://i.ibb.co/vx6T9K8X/pizza-1.png,Peppy Paneer,3,15.77,47.31,21.08,9.36,16.87,In-Store,Cash
O02759,17-06-2025,June,2025,Beverage,Juice,https://i.ibb.co/bM9d4qvH/juice.png,Mixed Fruit Juice,4,8.4,33.6,12.06,4.71,16.83,In-Store,UPI
O02760,05-08-2025,August,2025,Beverage,Juice,https://i.ibb.co/bM9d4qvH/juice.png,Mixed Fruit Juice,2,4.01,8.02,3.1,1.43,3.49,In-Store,UPI
O02761,15-07-2025,July,2025,Beverage,Hot Drinks,https://i.ibb.co/mFCQYCrw/hot.png,Espresso,1,8.89,8.89,3.91,1.48,3.5,UberEats,UPI
O02762,14-05-2025,May,2025,Appetizer,French Fries,https://i.ibb.co/23d8CKt3/fries.png,Salted Fries,2,10.56,21.12,7.79,3.37,9.96,Swiggy,Cash
O02763,11-03-2025,March,2025,Beverage,Juice,https://i.ibb.co/bM9d4qvH/juice.png,Orange Juice,4,7.23,28.92,9.49,3.07,16.36,In-Store,UPI
O02764,23-12-2025,December,2025,Appetizer,French Fries,https://i.ibb.co/23d8CKt3/fries.png,Salted Fries,4,6.12,24.48,10.85,3.63,10,UberEats,Cash
O02765,31-08-2025,August,2025,Main Menu,Pizza,https://i.ibb.co/vx6T9K8X/pizza-1.png,Margherita,2,11.81,23.62,8.03,2.67,12.92,Zomato,Online
O02766,04-08-2025,August,2025,Appetizer,Burger,https://i.ibb.co/KjvbDYc5/burger.png,Spicy Bean Burger,3,7.23,21.69,6.9,2.18,12.61,Zomato,Cash
O02767,24-10-2025,October,2025,Appetizer,Macaroni,https://i.ibb.co/zVLCV731/macaroni.png,Veg Loaded Mac,3,13.99,41.97,15.23,6.13,20.61,Swiggy,Online
O02768,04-01-2025,January,2025,Main Menu,Veg Mania,https://i.ibb.co/svfg0hg2/vegmania.png,Corn Supreme,4,14.68,58.72,24.81,7.64,26.27,Zomato,UPI
O02769,25-10-2025,October,2025,Appetizer,Burger,https://i.ibb.co/KjvbDYc5/burger.png,Aloo Tikki Burger,3,7.81,23.43,9.59,4.38,9.46,UberEats,Online
O02770,16-12-2025,December,2025,Appetizer,French Fries,https://i.ibb.co/23d8CKt3/fries.png,Loaded Fries,3,13.41,40.23,18.04,7.15,15.04,In-Store,Online
O02771,26-01-2025,January,2025,Appetizer,Macaroni,https://i.ibb.co/zVLCV731/macaroni.png,Veg Loaded Mac,2,7.96,15.92,5.61,2.11,8.2,Zomato,Cash
O02772,11-06-2025,June,2025,Appetizer,Macaroni,https://i.ibb.co/zVLCV731/macaroni.png,Spicy Mac,2,9.63,19.26,7.74,2.49,9.03,In-Store,UPI
O02773,15-01-2025,January,2025,Beverage,Hot Drinks,https://i.ibb.co/mFCQYCrw/hot.png,Hot Chocolate,4,7.41,29.64,10.67,4.24,14.73,UberEats,Card
O02774,17-09-2025,September,2025,Beverage,Juice,https://i.ibb.co/bM9d4qvH/juice.png,Mixed Fruit Juice,3,6.27,18.81,7.99,3.49,7.33,Zomato,Card
O02775,13-05-2025,May,2025,Appetizer,Macaroni,https://i.ibb.co/zVLCV731/macaroni.png,Cheese Mac,4,6.52,26.08,7.92,4.1,14.06,Zomato,Online
O02776,25-12-2025,December,2025,Appetizer,Burger,https://i.ibb.co/KjvbDYc5/burger.png,Aloo Tikki Burger,1,12.72,12.72,5.33,2.3,5.09,In-Store,UPI
O02777,08-11-2025,November,2025,Appetizer,Burger,https://i.ibb.co/KjvbDYc5/burger.png,Aloo Tikki Burger,2,8.69,17.38,6.83,3.33,7.22,Swiggy,Online
O02778,06-04-2025,April,2025,Main Menu,Sandwich,https://i.ibb.co/fzhvYTxp/sandwich.png,Cheese Chilli,2,16.27,32.54,13.5,5.99,13.05,UberEats,Card
O02779,08-08-2025,August,2025,Appetizer,French Fries,https://i.ibb.co/23d8CKt3/fries.png,Loaded Fries,4,6.13,24.52,9.81,4.18,10.53,UberEats,Online
O02780,11-06-2025,June,2025,Beverage,Juice,https://i.ibb.co/bM9d4qvH/juice.png,Mixed Fruit Juice,3,5.12,15.36,6.81,1.85,6.7,Swiggy,Cash
O02781,01-04-2025,April,2025,Appetizer,French Fries,https://i.ibb.co/23d8CKt3/fries.png,Salted Fries,2,8.57,17.14,5.84,2.22,9.08,Swiggy,UPI
O02782,09-05-2025,May,2025,Beverage,Hot Drinks,https://i.ibb.co/mFCQYCrw/hot.png,Espresso,3,8.94,26.82,9.93,5.33,11.56,Swiggy,Cash
O02783,31-08-2025,August,2025,Beverage,Hot Drinks,https://i.ibb.co/mFCQYCrw/hot.png,Green Tea,2,7.02,14.04,4.93,2.06,7.05,In-Store,Card
O02784,10-02-2025,February,2025,Main Menu,Club Veg,https://i.ibb.co/7tVrrcM1/clubveg.png,Corn & Mayo Club,1,12.73,12.73,4.95,1.29,6.49,Swiggy,UPI
O02785,11-03-2025,March,2025,Beverage,Hot Drinks,https://i.ibb.co/mFCQYCrw/hot.png,Hot Chocolate,3,7.08,21.24,7.43,4.15,9.66,Zomato,Online
O02786,17-03-2025,March,2025,Beverage,Juice,https://i.ibb.co/bM9d4qvH/juice.png,Mango Juice,2,6.83,13.66,4.4,2.16,7.1,Swiggy,Card
O02787,09-05-2025,May,2025,Main Menu,Pizza,https://i.ibb.co/vx6T9K8X/pizza-1.png,Peppy Paneer,3,17.21,51.63,15.87,9.75,26.01,Zomato,Online
O02788,23-12-2025,December,2025,Beverage,Hot Drinks,https://i.ibb.co/mFCQYCrw/hot.png,Espresso,4,7.08,28.32,9.42,3.56,15.34,In-Store,UPI
O02789,28-03-2025,March,2025,Appetizer,Macaroni,https://i.ibb.co/zVLCV731/macaroni.png,Cheese Mac,1,10.84,10.84,4.02,1.11,5.71,UberEats,Card
O02790,10-12-2025,December,2025,Beverage,Juice,https://i.ibb.co/bM9d4qvH/juice.png,Watermelon Juice,1,6.09,6.09,2.09,1.01,2.99,UberEats,UPI
O02791,25-01-2025,January,2025,Main Menu,Pizza,https://i.ibb.co/vx6T9K8X/pizza-1.png,Peppy Paneer,3,15.31,45.93,17.78,8.2,19.95,UberEats,UPI
O02792,30-11-2025,November,2025,Appetizer,Macaroni,https://i.ibb.co/zVLCV731/macaroni.png,Cheese Mac,2,12.05,24.1,8.13,4.04,11.93,Zomato,Cash
O02793,13-03-2025,March,2025,Main Menu,Sandwich,https://i.ibb.co/fzhvYTxp/sandwich.png,Classic Veg,4,13.86,55.44,24.12,7.12,24.2,UberEats,Online
O02794,14-11-2025,November,2025,Beverage,Juice,https://i.ibb.co/bM9d4qvH/juice.png,Mixed Fruit Juice,2,4.65,9.3,4.14,1.68,3.48,In-Store,Online
O02795,05-05-2025,May,2025,Beverage,Hot Drinks,https://i.ibb.co/mFCQYCrw/hot.png,Cappuccino,3,4.61,13.83,4.48,1.89,7.46,In-Store,Card
O02796,09-04-2025,April,2025,Beverage,Hot Drinks,https://i.ibb.co/mFCQYCrw/hot.png,Cappuccino,2,6.86,13.72,4.32,2.47,6.93,Swiggy,Online
O02797,07-01-2025,January,2025,Beverage,Juice,https://i.ibb.co/bM9d4qvH/juice.png,Orange Juice,4,7.78,31.12,13.57,3.34,14.21,In-Store,Card
O02798,11-05-2025,May,2025,Appetizer,French Fries,https://i.ibb.co/23d8CKt3/fries.png,Peri Peri Fries,3,11.48,34.44,15.23,5.91,13.3,Swiggy,Online
O02799,28-04-2025,April,2025,Appetizer,French Fries,https://i.ibb.co/23d8CKt3/fries.png,Peri Peri Fries,1,11.11,11.11,3.48,1.81,5.82,UberEats,Card
O02800,28-04-2025,April,2025,Appetizer,Burger,https://i.ibb.co/KjvbDYc5/burger.png,Aloo Tikki Burger,2,8.2,16.4,6,2.55,7.85,Swiggy,Cash
O02801,22-07-2025,July,2025,Appetizer,Macaroni,https://i.ibb.co/zVLCV731/macaroni.png,Veg Loaded Mac,4,8.22,32.88,12.7,4.55,15.63,Swiggy,Online
O02802,30-03-2025,March,2025,Appetizer,Macaroni,https://i.ibb.co/zVLCV731/macaroni.png,Veg Loaded Mac,3,9.08,27.24,10.64,5.16,11.44,UberEats,UPI
O02803,07-08-2025,August,2025,Main Menu,Sandwich,https://i.ibb.co/fzhvYTxp/sandwich.png,Paneer Tikka,3,18.9,56.7,18.49,6.24,31.97,Swiggy,Online
O02804,14-11-2025,November,2025,Main Menu,Pizza,https://i.ibb.co/vx6T9K8X/pizza-1.png,Margherita,1,17.06,17.06,6.78,1.85,8.43,Swiggy,UPI
O02805,26-11-2025,November,2025,Beverage,Juice,https://i.ibb.co/bM9d4qvH/juice.png,Mango Juice,1,4.78,4.78,1.95,0.79,2.04,In-Store,UPI
O02806,17-07-2025,July,2025,Beverage,Hot Drinks,https://i.ibb.co/mFCQYCrw/hot.png,Cappuccino,4,7.61,30.44,10.55,3.78,16.11,Swiggy,UPI
O02807,04-09-2025,September,2025,Beverage,Juice,https://i.ibb.co/bM9d4qvH/juice.png,Mixed Fruit Juice,1,8.57,8.57,2.67,1.1,4.8,Swiggy,UPI
O02808,15-12-2025,December,2025,Main Menu,Club Veg,https://i.ibb.co/7tVrrcM1/clubveg.png,Corn & Mayo Club,4,15.63,62.52,23.8,10.75,27.97,Zomato,Cash
O02809,03-11-2025,November,2025,Beverage,Hot Drinks,https://i.ibb.co/mFCQYCrw/hot.png,Hot Chocolate,1,7.61,7.61,2.61,1.3,3.7,Zomato,UPI
O02810,15-04-2025,April,2025,Beverage,Juice,https://i.ibb.co/bM9d4qvH/juice.png,Mixed Fruit Juice,4,8.89,35.56,14.74,7.08,13.74,Zomato,Card
O02811,18-10-2025,October,2025,Main Menu,Sandwich,https://i.ibb.co/fzhvYTxp/sandwich.png,Grilled Veg,4,14.11,56.44,17.65,7.03,31.76,In-Store,Cash
O02812,22-03-2025,March,2025,Beverage,Juice,https://i.ibb.co/bM9d4qvH/juice.png,Mango Juice,4,6.91,27.64,9.04,3.55,15.05,Swiggy,Card
O02813,16-03-2025,March,2025,Main Menu,Veg Mania,https://i.ibb.co/svfg0hg2/vegmania.png,Paneer Delight,3,12.91,38.73,16.53,7.45,14.75,Swiggy,Card
O02814,31-03-2025,March,2025,Main Menu,Veg Mania,https://i.ibb.co/svfg0hg2/vegmania.png,Paneer Delight,2,12.47,24.94,8.48,4,12.46,In-Store,Online
O02815,14-07-2025,July,2025,Main Menu,Veg Mania,https://i.ibb.co/svfg0hg2/vegmania.png,Paneer Delight,1,16.55,16.55,7.28,1.83,7.44,In-Store,Online
O02816,06-01-2025,January,2025,Beverage,Juice,https://i.ibb.co/bM9d4qvH/juice.png,Watermelon Juice,4,4.8,19.2,6.06,2.06,11.08,Zomato,UPI
O02817,17-02-2025,February,2025,Appetizer,Burger,https://i.ibb.co/KjvbDYc5/burger.png,Veg Cheese Burger,1,10.66,10.66,4.58,1.77,4.31,UberEats,UPI
O02818,05-05-2025,May,2025,Beverage,Juice,https://i.ibb.co/bM9d4qvH/juice.png,Orange Juice,4,4.75,19,7.82,2.37,8.81,In-Store,UPI
O02819,09-10-2025,October,2025,Beverage,Juice,https://i.ibb.co/bM9d4qvH/juice.png,Mango Juice,3,7.74,23.22,10.06,2.91,10.25,UberEats,UPI
O02820,29-10-2025,October,2025,Appetizer,French Fries,https://i.ibb.co/23d8CKt3/fries.png,Salted Fries,3,12.77,38.31,12.49,6.45,19.37,Swiggy,Cash
O02821,09-01-2025,January,2025,Appetizer,Macaroni,https://i.ibb.co/zVLCV731/macaroni.png,Cheese Mac,4,10.73,42.92,19.23,6.7,16.99,Swiggy,UPI
O02822,18-06-2025,June,2025,Beverage,Hot Drinks,https://i.ibb.co/mFCQYCrw/hot.png,Green Tea,3,4.59,13.77,4.44,2.53,6.8,Swiggy,UPI
O02823,19-12-2025,December,2025,Main Menu,Pizza,https://i.ibb.co/vx6T9K8X/pizza-1.png,Veggie Paradise,1,11.37,11.37,3.6,1.99,5.78,In-Store,Online
O02824,17-02-2025,February,2025,Main Menu,Veg Mania,https://i.ibb.co/svfg0hg2/vegmania.png,Veg Overload,3,12.02,36.06,15.56,4.26,16.24,UberEats,UPI
O02825,29-12-2025,December,2025,Main Menu,Sandwich,https://i.ibb.co/fzhvYTxp/sandwich.png,Paneer Tikka,2,14.57,29.14,10.52,3.84,14.78,Swiggy,Online
O02826,15-06-2025,June,2025,Main Menu,Pizza,https://i.ibb.co/vx6T9K8X/pizza-1.png,Peppy Paneer,1,14.37,14.37,4.57,1.6,8.2,In-Store,Cash
O02827,11-11-2025,November,2025,Main Menu,Club Veg,https://i.ibb.co/7tVrrcM1/clubveg.png,Veggie Club Special,3,17.44,52.32,16.35,9.61,26.36,In-Store,Online
O02828,14-04-2025,April,2025,Appetizer,French Fries,https://i.ibb.co/23d8CKt3/fries.png,Peri Peri Fries,4,7.38,29.52,12.87,5.01,11.64,In-Store,Online
O02829,18-07-2025,July,2025,Beverage,Hot Drinks,https://i.ibb.co/mFCQYCrw/hot.png,Espresso,2,8.06,16.12,5.37,2.14,8.61,Zomato,Online
O02830,12-10-2025,October,2025,Beverage,Juice,https://i.ibb.co/bM9d4qvH/juice.png,Mixed Fruit Juice,3,5.96,17.88,7.05,2.1,8.73,In-Store,Cash
O02831,16-01-2025,January,2025,Appetizer,French Fries,https://i.ibb.co/23d8CKt3/fries.png,Loaded Fries,2,9.74,19.48,7.99,3.8,7.69,Zomato,UPI
O02832,09-02-2025,February,2025,Beverage,Hot Drinks,https://i.ibb.co/mFCQYCrw/hot.png,Green Tea,3,4.03,12.09,4.68,1.8,5.61,Swiggy,Card
O02833,12-01-2025,January,2025,Main Menu,Sandwich,https://i.ibb.co/fzhvYTxp/sandwich.png,Classic Veg,2,18.95,37.9,14.31,4.15,19.44,UberEats,Online
O02834,25-09-2025,September,2025,Beverage,Juice,https://i.ibb.co/bM9d4qvH/juice.png,Mixed Fruit Juice,3,4.1,12.3,3.74,1.4,7.16,Swiggy,UPI
O02835,11-10-2025,October,2025,Main Menu,Club Veg,https://i.ibb.co/7tVrrcM1/clubveg.png,Veggie Club Special,1,10.54,10.54,4.42,1.76,4.36,Swiggy,Online
O02836,21-06-2025,June,2025,Beverage,Hot Drinks,https://i.ibb.co/mFCQYCrw/hot.png,Espresso,2,7.34,14.68,5.12,1.69,7.87,In-Store,Online
O02837,29-05-2025,May,2025,Beverage,Juice,https://i.ibb.co/bM9d4qvH/juice.png,Mango Juice,1,6.1,6.1,2.23,0.78,3.09,In-Store,UPI
O02838,05-11-2025,November,2025,Main Menu,Veg Mania,https://i.ibb.co/svfg0hg2/vegmania.png,Paneer Delight,3,12.59,37.77,13.03,5.13,19.61,Zomato,UPI
O02839,08-11-2025,November,2025,Beverage,Hot Drinks,https://i.ibb.co/mFCQYCrw/hot.png,Cappuccino,1,7.06,7.06,2.99,0.95,3.12,In-Store,UPI
O02840,25-03-2025,March,2025,Main Menu,Pizza,https://i.ibb.co/vx6T9K8X/pizza-1.png,Peppy Paneer,2,11.98,23.96,10.51,4.22,9.23,Swiggy,Online
O02841,29-12-2025,December,2025,Appetizer,French Fries,https://i.ibb.co/23d8CKt3/fries.png,Cheese Fries,3,11.44,34.32,13.53,3.43,17.36,UberEats,Card
O02842,11-10-2025,October,2025,Appetizer,French Fries,https://i.ibb.co/23d8CKt3/fries.png,Cheese Fries,1,9.12,9.12,2.79,1.81,4.52,UberEats,Online
O02843,13-06-2025,June,2025,Appetizer,French Fries,https://i.ibb.co/23d8CKt3/fries.png,Peri Peri Fries,2,8.87,17.74,7.92,2.06,7.76,Swiggy,Card
O02844,07-07-2025,July,2025,Appetizer,Burger,https://i.ibb.co/KjvbDYc5/burger.png,Aloo Tikki Burger,1,9.93,9.93,4.4,1.81,3.72,Swiggy,Cash
O02845,24-07-2025,July,2025,Main Menu,Club Veg,https://i.ibb.co/7tVrrcM1/clubveg.png,Corn & Mayo Club,3,16.74,50.22,16.91,7.19,26.12,UberEats,Cash
O02846,29-03-2025,March,2025,Main Menu,Sandwich,https://i.ibb.co/fzhvYTxp/sandwich.png,Paneer Tikka,2,17.44,34.88,14.74,6.37,13.77,In-Store,Card
O02847,25-03-2025,March,2025,Beverage,Hot Drinks,https://i.ibb.co/mFCQYCrw/hot.png,Hot Chocolate,2,5.62,11.24,4.17,1.97,5.1,Swiggy,Cash
O02848,06-09-2025,September,2025,Beverage,Juice,https://i.ibb.co/bM9d4qvH/juice.png,Mango Juice,4,4.5,18,5.55,1.8,10.65,UberEats,Online
O02849,16-02-2025,February,2025,Main Menu,Pizza,https://i.ibb.co/vx6T9K8X/pizza-1.png,Margherita,3,17.92,53.76,19.16,6.45,28.15,In-Store,UPI
O02850,04-09-2025,September,2025,Main Menu,Veg Mania,https://i.ibb.co/svfg0hg2/vegmania.png,Corn Supreme,4,16.14,64.56,20.77,10.4,33.39,Swiggy,Cash
O02851,22-10-2025,October,2025,Appetizer,Burger,https://i.ibb.co/KjvbDYc5/burger.png,Veg Cheese Burger,2,7.57,15.14,4.88,2.71,7.55,In-Store,Cash
O02852,14-02-2025,February,2025,Appetizer,Burger,https://i.ibb.co/KjvbDYc5/burger.png,Spicy Bean Burger,4,6.8,27.2,8.87,3.74,14.59,Swiggy,Cash
O02853,05-07-2025,July,2025,Main Menu,Pizza,https://i.ibb.co/vx6T9K8X/pizza-1.png,Margherita,3,13.01,39.03,12.96,6.59,19.48,Zomato,Card
O02854,17-01-2025,January,2025,Appetizer,Burger,https://i.ibb.co/KjvbDYc5/burger.png,Spicy Bean Burger,2,9.67,19.34,8.28,3.04,8.02,UberEats,Cash
O02855,05-09-2025,September,2025,Appetizer,French Fries,https://i.ibb.co/23d8CKt3/fries.png,Salted Fries,4,7.2,28.8,10.98,5.64,12.18,UberEats,UPI
O02856,31-05-2025,May,2025,Main Menu,Sandwich,https://i.ibb.co/fzhvYTxp/sandwich.png,Classic Veg,4,14.78,59.12,22.32,7.24,29.56,In-Store,Card
O02857,26-06-2025,June,2025,Main Menu,Club Veg,https://i.ibb.co/7tVrrcM1/clubveg.png,Spicy Club,3,18.77,56.31,19.82,7.54,28.95,In-Store,Cash
O02858,15-02-2025,February,2025,Beverage,Juice,https://i.ibb.co/bM9d4qvH/juice.png,Mixed Fruit Juice,2,5.46,10.92,4.04,1.33,5.55,Zomato,UPI
O02859,12-02-2025,February,2025,Main Menu,Veg Mania,https://i.ibb.co/svfg0hg2/vegmania.png,Paneer Delight,1,19.6,19.6,8.18,2.23,9.19,UberEats,UPI
O02860,20-03-2025,March,2025,Appetizer,French Fries,https://i.ibb.co/23d8CKt3/fries.png,Loaded Fries,1,9.2,9.2,3.01,1.46,4.73,Zomato,Card
O02861,28-08-2025,August,2025,Appetizer,Burger,https://i.ibb.co/KjvbDYc5/burger.png,Paneer Burger,1,11.7,11.7,4.49,1.37,5.84,In-Store,UPI
O02862,04-05-2025,May,2025,Appetizer,Burger,https://i.ibb.co/KjvbDYc5/burger.png,Spicy Bean Burger,1,10.22,10.22,4.02,1.7,4.5,Swiggy,Online
O02863,07-10-2025,October,2025,Appetizer,Burger,https://i.ibb.co/KjvbDYc5/burger.png,Spicy Bean Burger,4,7.64,30.56,11.47,5.7,13.39,In-Store,Card
O02864,08-10-2025,October,2025,Main Menu,Club Veg,https://i.ibb.co/7tVrrcM1/clubveg.png,Spicy Club,1,19.63,19.63,6.14,2.63,10.86,Zomato,UPI
O02865,12-06-2025,June,2025,Main Menu,Pizza,https://i.ibb.co/vx6T9K8X/pizza-1.png,Peppy Paneer,3,19.54,58.62,18.46,9.15,31.01,In-Store,Card
O02866,25-01-2025,January,2025,Appetizer,Macaroni,https://i.ibb.co/zVLCV731/macaroni.png,Classic Mac,4,11.72,46.88,16.7,5.19,24.99,In-Store,Online
O02867,27-12-2025,December,2025,Main Menu,Pizza,https://i.ibb.co/vx6T9K8X/pizza-1.png,Peppy Paneer,3,18.74,56.22,19.68,7.53,29.01,In-Store,UPI
O02868,10-02-2025,February,2025,Appetizer,Macaroni,https://i.ibb.co/zVLCV731/macaroni.png,Cheese Mac,2,12.89,25.78,11.01,4.81,9.96,Zomato,Card
O02869,05-01-2025,January,2025,Beverage,Juice,https://i.ibb.co/bM9d4qvH/juice.png,Watermelon Juice,1,6.87,6.87,2.66,1.15,3.06,UberEats,Cash
O02870,10-09-2025,September,2025,Beverage,Hot Drinks,https://i.ibb.co/mFCQYCrw/hot.png,Espresso,1,6.87,6.87,3.09,0.77,3.01,Swiggy,Card
O02871,12-02-2025,February,2025,Main Menu,Pizza,https://i.ibb.co/vx6T9K8X/pizza-1.png,Veggie Paradise,4,15,60,21.38,9.19,29.43,Swiggy,Cash
O02872,18-06-2025,June,2025,Appetizer,French Fries,https://i.ibb.co/23d8CKt3/fries.png,Loaded Fries,1,11.45,11.45,3.8,1.63,6.02,In-Store,Cash
O02873,26-12-2025,December,2025,Main Menu,Sandwich,https://i.ibb.co/fzhvYTxp/sandwich.png,Grilled Veg,4,14.29,57.16,20.58,5.78,30.8,In-Store,UPI
O02874,11-06-2025,June,2025,Appetizer,French Fries,https://i.ibb.co/23d8CKt3/fries.png,Salted Fries,1,8.6,8.6,3.16,1.56,3.88,Zomato,Cash
O02875,08-12-2025,December,2025,Main Menu,Sandwich,https://i.ibb.co/fzhvYTxp/sandwich.png,Classic Veg,4,13.38,53.52,18.35,7.31,27.86,UberEats,UPI
O02876,06-01-2025,January,2025,Main Menu,Pizza,https://i.ibb.co/vx6T9K8X/pizza-1.png,Margherita,4,10.65,42.6,14.6,5.46,22.54,Swiggy,UPI
O02877,22-06-2025,June,2025,Main Menu,Sandwich,https://i.ibb.co/fzhvYTxp/sandwich.png,Paneer Tikka,2,10.18,20.36,6.74,2.26,11.36,UberEats,Online
O02878,13-11-2025,November,2025,Appetizer,Burger,https://i.ibb.co/KjvbDYc5/burger.png,Spicy Bean Burger,1,11.56,11.56,5,1.25,5.31,UberEats,Cash
O02879,21-02-2025,February,2025,Appetizer,French Fries,https://i.ibb.co/23d8CKt3/fries.png,Peri Peri Fries,1,12.8,12.8,4.44,1.85,6.51,Zomato,Online
O02880,09-10-2025,October,2025,Main Menu,Club Veg,https://i.ibb.co/7tVrrcM1/clubveg.png,Spicy Club,1,11.2,11.2,4.86,1.5,4.84,Swiggy,Card
O02881,03-02-2025,February,2025,Main Menu,Veg Mania,https://i.ibb.co/svfg0hg2/vegmania.png,Veg Overload,4,10.04,40.16,12.35,4.74,23.07,UberEats,Card
O02882,07-01-2025,January,2025,Main Menu,Veg Mania,https://i.ibb.co/svfg0hg2/vegmania.png,Paneer Delight,3,11.36,34.08,12.4,5.9,15.78,UberEats,UPI
O02883,17-01-2025,January,2025,Main Menu,Pizza,https://i.ibb.co/vx6T9K8X/pizza-1.png,Margherita,1,12.38,12.38,3.92,2.31,6.15,UberEats,Cash
O02884,05-10-2025,October,2025,Appetizer,French Fries,https://i.ibb.co/23d8CKt3/fries.png,Salted Fries,4,11.06,44.24,17.97,4.7,21.57,Zomato,UPI
O02885,12-11-2025,November,2025,Main Menu,Club Veg,https://i.ibb.co/7tVrrcM1/clubveg.png,Spicy Club,2,11.68,23.36,10.24,2.74,10.38,Zomato,UPI
O02886,18-10-2025,October,2025,Appetizer,Burger,https://i.ibb.co/KjvbDYc5/burger.png,Aloo Tikki Burger,2,9.55,19.1,6.72,3.64,8.74,UberEats,Online
O02887,18-01-2025,January,2025,Main Menu,Pizza,https://i.ibb.co/vx6T9K8X/pizza-1.png,Veggie Paradise,3,10.06,30.18,10.46,5.37,14.35,Swiggy,Cash
O02888,20-10-2025,October,2025,Appetizer,French Fries,https://i.ibb.co/23d8CKt3/fries.png,Salted Fries,2,12.66,25.32,8.01,3.5,13.81,Swiggy,Online
O02889,13-08-2025,August,2025,Appetizer,Macaroni,https://i.ibb.co/zVLCV731/macaroni.png,Classic Mac,4,11.54,46.16,20.7,6.84,18.62,Zomato,Online
O02890,17-05-2025,May,2025,Beverage,Juice,https://i.ibb.co/bM9d4qvH/juice.png,Mango Juice,3,7.08,21.24,9.39,2.91,8.94,Zomato,UPI
O02891,25-10-2025,October,2025,Beverage,Hot Drinks,https://i.ibb.co/mFCQYCrw/hot.png,Cappuccino,4,7.45,29.8,12.6,4.82,12.38,Swiggy,Cash
O02892,09-09-2025,September,2025,Appetizer,Macaroni,https://i.ibb.co/zVLCV731/macaroni.png,Cheese Mac,4,11.88,47.52,18.8,8.27,20.45,UberEats,UPI
O02893,22-04-2025,April,2025,Main Menu,Club Veg,https://i.ibb.co/7tVrrcM1/clubveg.png,Triple Cheese Club,1,19.59,19.59,8.12,3.84,7.63,Swiggy,Online
O02894,14-07-2025,July,2025,Appetizer,Macaroni,https://i.ibb.co/zVLCV731/macaroni.png,Cheese Mac,1,7.97,7.97,3.09,1.49,3.39,In-Store,Card
O02895,24-02-2025,February,2025,Appetizer,French Fries,https://i.ibb.co/23d8CKt3/fries.png,Cheese Fries,2,11.4,22.8,7.67,3.27,11.86,Zomato,Cash
O02896,06-04-2025,April,2025,Beverage,Juice,https://i.ibb.co/bM9d4qvH/juice.png,Mango Juice,3,8.42,25.26,8.54,3.3,13.42,Zomato,UPI
O02897,18-02-2025,February,2025,Main Menu,Veg Mania,https://i.ibb.co/svfg0hg2/vegmania.png,Paneer Delight,1,14.21,14.21,4.95,1.79,7.47,Swiggy,Online
O02898,24-01-2025,January,2025,Appetizer,Burger,https://i.ibb.co/KjvbDYc5/burger.png,Aloo Tikki Burger,2,8.93,17.86,7.06,3.26,7.54,In-Store,UPI
O02899,08-01-2025,January,2025,Main Menu,Veg Mania,https://i.ibb.co/svfg0hg2/vegmania.png,Paneer Delight,4,16.41,65.64,23.31,7.93,34.4,In-Store,Online
O02900,23-04-2025,April,2025,Main Menu,Veg Mania,https://i.ibb.co/svfg0hg2/vegmania.png,Corn Supreme,1,11.75,11.75,4.51,2.33,4.91,UberEats,Online
O02901,16-10-2025,October,2025,Beverage,Hot Drinks,https://i.ibb.co/mFCQYCrw/hot.png,Hot Chocolate,3,8.64,25.92,9.97,3.45,12.5,Zomato,Cash
O02902,31-10-2025,October,2025,Beverage,Hot Drinks,https://i.ibb.co/mFCQYCrw/hot.png,Hot Chocolate,4,5.86,23.44,8,2.42,13.02,Zomato,Online
O02903,29-04-2025,April,2025,Main Menu,Pizza,https://i.ibb.co/vx6T9K8X/pizza-1.png,Farmhouse,4,12.76,51.04,16.58,5.89,28.57,Swiggy,Card
O02904,09-07-2025,July,2025,Appetizer,French Fries,https://i.ibb.co/23d8CKt3/fries.png,Peri Peri Fries,1,13.8,13.8,5.38,2.22,6.2,Swiggy,UPI
O02905,26-08-2025,August,2025,Main Menu,Sandwich,https://i.ibb.co/fzhvYTxp/sandwich.png,Grilled Veg,1,19.15,19.15,6.52,2.93,9.7,In-Store,Cash
O02906,26-06-2025,June,2025,Main Menu,Sandwich,https://i.ibb.co/fzhvYTxp/sandwich.png,Grilled Veg,2,19.44,38.88,17.21,6.32,15.35,Zomato,Card
O02907,25-12-2025,December,2025,Main Menu,Veg Mania,https://i.ibb.co/svfg0hg2/vegmania.png,Mushroom Magic,2,16.54,33.08,11.18,4.49,17.41,Swiggy,UPI
O02908,05-03-2025,March,2025,Beverage,Hot Drinks,https://i.ibb.co/mFCQYCrw/hot.png,Espresso,2,8.28,16.56,6.71,2.03,7.82,UberEats,Cash
O02909,24-02-2025,February,2025,Main Menu,Pizza,https://i.ibb.co/vx6T9K8X/pizza-1.png,Farmhouse,1,13.43,13.43,5.56,2.14,5.73,UberEats,UPI
O02910,09-10-2025,October,2025,Main Menu,Club Veg,https://i.ibb.co/7tVrrcM1/clubveg.png,Corn & Mayo Club,4,12.53,50.12,16.31,5.54,28.27,In-Store,Card
O02911,20-12-2025,December,2025,Main Menu,Pizza,https://i.ibb.co/vx6T9K8X/pizza-1.png,Margherita,1,19.98,19.98,6.64,3.95,9.39,Swiggy,UPI
O02912,03-09-2025,September,2025,Beverage,Juice,https://i.ibb.co/bM9d4qvH/juice.png,Orange Juice,2,5.76,11.52,3.98,1.38,6.16,In-Store,Card
O02913,25-10-2025,October,2025,Appetizer,Burger,https://i.ibb.co/KjvbDYc5/burger.png,Paneer Burger,2,11.7,23.4,9.95,2.38,11.07,UberEats,UPI
O02914,03-12-2025,December,2025,Main Menu,Sandwich,https://i.ibb.co/fzhvYTxp/sandwich.png,Cheese Chilli,1,19.47,19.47,6.49,2.97,10.01,In-Store,Card
O02915,28-01-2025,January,2025,Main Menu,Sandwich,https://i.ibb.co/fzhvYTxp/sandwich.png,Paneer Tikka,4,14.36,57.44,23.51,9,24.93,Zomato,Card
O02916,06-12-2025,December,2025,Main Menu,Veg Mania,https://i.ibb.co/svfg0hg2/vegmania.png,Corn Supreme,3,16.55,49.65,16.43,8.22,25,Swiggy,UPI
O02917,07-09-2025,September,2025,Appetizer,French Fries,https://i.ibb.co/23d8CKt3/fries.png,Peri Peri Fries,1,6.53,6.53,2.45,0.89,3.19,Zomato,Cash
O02918,04-08-2025,August,2025,Appetizer,French Fries,https://i.ibb.co/23d8CKt3/fries.png,Peri Peri Fries,4,12.93,51.72,20.97,6.22,24.53,Swiggy,Card
O02919,18-11-2025,November,2025,Beverage,Juice,https://i.ibb.co/bM9d4qvH/juice.png,Mango Juice,2,4.91,9.82,2.99,1.24,5.59,Swiggy,Card
O02920,22-05-2025,May,2025,Beverage,Juice,https://i.ibb.co/bM9d4qvH/juice.png,Mango Juice,3,7.39,22.17,6.67,4.18,11.32,Zomato,Card
O02921,13-08-2025,August,2025,Appetizer,Macaroni,https://i.ibb.co/zVLCV731/macaroni.png,Cheese Mac,1,13.62,13.62,4.78,2.66,6.18,Swiggy,Card
O02922,10-04-2025,April,2025,Main Menu,Sandwich,https://i.ibb.co/fzhvYTxp/sandwich.png,Grilled Veg,2,15.39,30.78,13.59,4.96,12.23,In-Store,UPI
O02923,28-07-2025,July,2025,Appetizer,Macaroni,https://i.ibb.co/zVLCV731/macaroni.png,Cheese Mac,3,12.1,36.3,15.34,4.72,16.24,Swiggy,Cash
O02924,01-11-2025,November,2025,Main Menu,Pizza,https://i.ibb.co/vx6T9K8X/pizza-1.png,Veggie Paradise,2,10.83,21.66,6.7,2.55,12.41,In-Store,UPI
O02925,27-10-2025,October,2025,Main Menu,Sandwich,https://i.ibb.co/fzhvYTxp/sandwich.png,Cheese Chilli,4,19.15,76.6,31.06,9.95,35.59,Swiggy,Cash
O02926,24-03-2025,March,2025,Beverage,Juice,https://i.ibb.co/bM9d4qvH/juice.png,Mixed Fruit Juice,1,5.03,5.03,1.75,0.53,2.75,Swiggy,Online
O02927,13-07-2025,July,2025,Beverage,Juice,https://i.ibb.co/bM9d4qvH/juice.png,Mango Juice,4,4.94,19.76,7.67,3.09,9,Zomato,Cash
O02928,15-05-2025,May,2025,Main Menu,Club Veg,https://i.ibb.co/7tVrrcM1/clubveg.png,Triple Cheese Club,1,18.33,18.33,7.81,2.24,8.28,In-Store,Online
O02929,19-03-2025,March,2025,Beverage,Juice,https://i.ibb.co/bM9d4qvH/juice.png,Mango Juice,3,7.79,23.37,8.95,4.58,9.84,Swiggy,Online
O02930,08-01-2025,January,2025,Beverage,Juice,https://i.ibb.co/bM9d4qvH/juice.png,Watermelon Juice,1,5.76,5.76,1.82,0.68,3.26,In-Store,UPI
O02931,21-07-2025,July,2025,Appetizer,Burger,https://i.ibb.co/KjvbDYc5/burger.png,Spicy Bean Burger,2,12.79,25.58,9.29,3.57,12.72,Zomato,Online
O02932,13-02-2025,February,2025,Beverage,Hot Drinks,https://i.ibb.co/mFCQYCrw/hot.png,Hot Chocolate,3,6.16,18.48,6.55,1.98,9.95,UberEats,Cash
O02933,25-10-2025,October,2025,Appetizer,Macaroni,https://i.ibb.co/zVLCV731/macaroni.png,Veg Loaded Mac,1,10.47,10.47,3.64,2.06,4.77,Swiggy,Online
O02934,20-07-2025,July,2025,Main Menu,Club Veg,https://i.ibb.co/7tVrrcM1/clubveg.png,Veggie Club Special,1,17.43,17.43,5.24,2.63,9.56,Zomato,Online
O02935,05-01-2025,January,2025,Appetizer,French Fries,https://i.ibb.co/23d8CKt3/fries.png,Loaded Fries,2,12.6,25.2,8.44,3.89,12.87,Zomato,Online
O02936,08-03-2025,March,2025,Main Menu,Pizza,https://i.ibb.co/vx6T9K8X/pizza-1.png,Farmhouse,2,16.5,33,14.13,5.53,13.34,In-Store,Cash
O02937,01-06-2025,June,2025,Main Menu,Club Veg,https://i.ibb.co/7tVrrcM1/clubveg.png,Veggie Club Special,4,11.9,47.6,14.84,7.08,25.68,In-Store,Card
O02938,25-06-2025,June,2025,Beverage,Hot Drinks,https://i.ibb.co/mFCQYCrw/hot.png,Hot Chocolate,2,5,10,4.26,1.36,4.38,Zomato,Cash
O02939,21-09-2025,September,2025,Beverage,Juice,https://i.ibb.co/bM9d4qvH/juice.png,Mixed Fruit Juice,2,8.91,17.82,7.67,1.79,8.36,Swiggy,Online
O02940,24-11-2025,November,2025,Main Menu,Club Veg,https://i.ibb.co/7tVrrcM1/clubveg.png,Triple Cheese Club,4,12.78,51.12,20.83,5.67,24.62,In-Store,UPI
O02941,13-04-2025,April,2025,Beverage,Hot Drinks,https://i.ibb.co/mFCQYCrw/hot.png,Cappuccino,2,4.23,8.46,2.72,1.46,4.28,Zomato,UPI
O02942,06-04-2025,April,2025,Appetizer,French Fries,https://i.ibb.co/23d8CKt3/fries.png,Salted Fries,4,9.46,37.84,12.7,6.41,18.73,UberEats,Card
O02943,06-05-2025,May,2025,Appetizer,Burger,https://i.ibb.co/KjvbDYc5/burger.png,Aloo Tikki Burger,1,13.7,13.7,5.2,1.38,7.12,Zomato,Cash
O02944,28-12-2025,December,2025,Appetizer,French Fries,https://i.ibb.co/23d8CKt3/fries.png,Loaded Fries,1,9.19,9.19,3.69,1.23,4.27,In-Store,Cash
O02945,17-05-2025,May,2025,Appetizer,Macaroni,https://i.ibb.co/zVLCV731/macaroni.png,Spicy Mac,3,10.65,31.95,12.02,4.2,15.73,UberEats,Online
O02946,21-08-2025,August,2025,Appetizer,French Fries,https://i.ibb.co/23d8CKt3/fries.png,Cheese Fries,2,9.45,18.9,6.27,2.39,10.24,UberEats,Card
O02947,03-05-2025,May,2025,Appetizer,Macaroni,https://i.ibb.co/zVLCV731/macaroni.png,Spicy Mac,4,8.77,35.08,11.2,3.63,20.25,UberEats,Online
O02948,01-11-2025,November,2025,Beverage,Hot Drinks,https://i.ibb.co/mFCQYCrw/hot.png,Espresso,2,4.97,9.94,4.05,1.57,4.32,In-Store,Card
O02949,06-03-2025,March,2025,Main Menu,Sandwich,https://i.ibb.co/fzhvYTxp/sandwich.png,Paneer Tikka,1,10.21,10.21,3.89,2.03,4.29,UberEats,UPI
O02950,02-10-2025,October,2025,Beverage,Juice,https://i.ibb.co/bM9d4qvH/juice.png,Watermelon Juice,4,7.21,28.84,9.4,4.62,14.82,UberEats,Cash
O02951,05-04-2025,April,2025,Appetizer,French Fries,https://i.ibb.co/23d8CKt3/fries.png,Peri Peri Fries,2,8.54,17.08,6.66,1.95,8.47,UberEats,UPI
O02952,15-07-2025,July,2025,Appetizer,Macaroni,https://i.ibb.co/zVLCV731/macaroni.png,Spicy Mac,1,7.4,7.4,2.29,1.2,3.91,Zomato,Cash
O02953,07-01-2025,January,2025,Appetizer,Macaroni,https://i.ibb.co/zVLCV731/macaroni.png,Cheese Mac,2,10.46,20.92,8.53,2.14,10.25,Zomato,UPI
O02954,29-10-2025,October,2025,Main Menu,Club Veg,https://i.ibb.co/7tVrrcM1/clubveg.png,Veggie Club Special,2,17.47,34.94,13.27,3.89,17.78,In-Store,Cash
O02955,27-01-2025,January,2025,Beverage,Hot Drinks,https://i.ibb.co/mFCQYCrw/hot.png,Cappuccino,2,4.01,8.02,3.19,1.53,3.3,Zomato,Card
O02956,01-03-2025,March,2025,Appetizer,Macaroni,https://i.ibb.co/zVLCV731/macaroni.png,Veg Loaded Mac,2,12.71,25.42,7.98,3.86,13.58,Zomato,Cash
O02957,18-10-2025,October,2025,Appetizer,Burger,https://i.ibb.co/KjvbDYc5/burger.png,Spicy Bean Burger,1,10.29,10.29,3.45,1.3,5.54,Zomato,Cash
O02958,10-01-2025,January,2025,Main Menu,Veg Mania,https://i.ibb.co/svfg0hg2/vegmania.png,Veg Overload,1,11.77,11.77,5.18,1.78,4.81,UberEats,Card
O02959,03-03-2025,March,2025,Main Menu,Club Veg,https://i.ibb.co/7tVrrcM1/clubveg.png,Corn & Mayo Club,4,14.6,58.4,18.53,7.17,32.7,Swiggy,UPI
O02960,22-03-2025,March,2025,Main Menu,Club Veg,https://i.ibb.co/7tVrrcM1/clubveg.png,Spicy Club,1,14.33,14.33,5.33,2.7,6.3,Zomato,Online
O02961,24-08-2025,August,2025,Appetizer,Macaroni,https://i.ibb.co/zVLCV731/macaroni.png,Spicy Mac,1,11.45,11.45,4.59,2.21,4.65,Swiggy,Cash
O02962,10-04-2025,April,2025,Beverage,Juice,https://i.ibb.co/bM9d4qvH/juice.png,Orange Juice,2,5.65,11.3,4.23,1.46,5.61,In-Store,UPI
O02963,17-03-2025,March,2025,Main Menu,Pizza,https://i.ibb.co/vx6T9K8X/pizza-1.png,Veggie Paradise,3,19.61,58.83,23.65,9.72,25.46,In-Store,Card
O02964,09-08-2025,August,2025,Appetizer,French Fries,https://i.ibb.co/23d8CKt3/fries.png,Cheese Fries,1,7.47,7.47,3.07,1.39,3.01,In-Store,Card
O02965,28-08-2025,August,2025,Main Menu,Veg Mania,https://i.ibb.co/svfg0hg2/vegmania.png,Corn Supreme,1,13.93,13.93,4.7,1.93,7.3,Swiggy,Cash
O02966,25-12-2025,December,2025,Appetizer,Burger,https://i.ibb.co/KjvbDYc5/burger.png,Spicy Bean Burger,4,12.48,49.92,19.21,7.17,23.54,Swiggy,Cash
O02967,16-06-2025,June,2025,Beverage,Juice,https://i.ibb.co/bM9d4qvH/juice.png,Orange Juice,4,4.99,19.96,7.08,3.33,9.55,Swiggy,Card
O02968,16-12-2025,December,2025,Main Menu,Sandwich,https://i.ibb.co/fzhvYTxp/sandwich.png,Grilled Veg,1,19.34,19.34,7.67,1.97,9.7,UberEats,Card
O02969,26-08-2025,August,2025,Beverage,Juice,https://i.ibb.co/bM9d4qvH/juice.png,Orange Juice,3,4.18,12.54,5.25,2,5.29,In-Store,Cash
O02970,04-06-2025,June,2025,Main Menu,Veg Mania,https://i.ibb.co/svfg0hg2/vegmania.png,Mushroom Magic,1,14.79,14.79,5.23,2.03,7.53,In-Store,Cash
O02971,26-03-2025,March,2025,Main Menu,Sandwich,https://i.ibb.co/fzhvYTxp/sandwich.png,Grilled Veg,1,16.21,16.21,6.66,1.63,7.92,Zomato,Online
O02972,27-06-2025,June,2025,Appetizer,French Fries,https://i.ibb.co/23d8CKt3/fries.png,Peri Peri Fries,2,10.71,21.42,7.22,2.18,12.02,In-Store,Card
O02973,14-01-2025,January,2025,Beverage,Juice,https://i.ibb.co/bM9d4qvH/juice.png,Mixed Fruit Juice,3,6.29,18.87,7.94,2.23,8.7,Zomato,UPI
O02974,11-07-2025,July,2025,Beverage,Hot Drinks,https://i.ibb.co/mFCQYCrw/hot.png,Cappuccino,1,8.7,8.7,2.72,1.01,4.97,Zomato,Card
O02975,19-03-2025,March,2025,Beverage,Hot Drinks,https://i.ibb.co/mFCQYCrw/hot.png,Cappuccino,4,6.16,24.64,8.72,4.61,11.31,Zomato,Card
O02976,28-05-2025,May,2025,Appetizer,Macaroni,https://i.ibb.co/zVLCV731/macaroni.png,Cheese Mac,4,11.61,46.44,15.14,4.94,26.36,UberEats,Card
O02977,27-04-2025,April,2025,Appetizer,Macaroni,https://i.ibb.co/zVLCV731/macaroni.png,Classic Mac,1,7.85,7.85,3.46,1.35,3.04,UberEats,Cash
O02978,23-07-2025,July,2025,Main Menu,Veg Mania,https://i.ibb.co/svfg0hg2/vegmania.png,Veg Overload,4,17.7,70.8,21.73,7.13,41.94,Swiggy,Card
O02979,07-11-2025,November,2025,Appetizer,Burger,https://i.ibb.co/KjvbDYc5/burger.png,Veg Cheese Burger,4,11.27,45.08,18.17,6.58,20.33,Zomato,Online
O02980,20-02-2025,February,2025,Main Menu,Pizza,https://i.ibb.co/vx6T9K8X/pizza-1.png,Margherita,1,16.94,16.94,7.33,2.01,7.6,Zomato,Online
O02981,01-07-2025,July,2025,Beverage,Juice,https://i.ibb.co/bM9d4qvH/juice.png,Mango Juice,2,4.61,9.22,3.86,1.57,3.79,Swiggy,Online
O02982,19-11-2025,November,2025,Appetizer,French Fries,https://i.ibb.co/23d8CKt3/fries.png,Cheese Fries,1,6.57,6.57,2.05,1.29,3.23,UberEats,Online
O02983,13-04-2025,April,2025,Appetizer,Macaroni,https://i.ibb.co/zVLCV731/macaroni.png,Veg Loaded Mac,3,12.04,36.12,12.38,6.25,17.49,Zomato,Card
O02984,21-04-2025,April,2025,Beverage,Juice,https://i.ibb.co/bM9d4qvH/juice.png,Mango Juice,2,7.57,15.14,6.35,2.04,6.75,Zomato,Cash
O02985,24-02-2025,February,2025,Beverage,Hot Drinks,https://i.ibb.co/mFCQYCrw/hot.png,Hot Chocolate,1,5.31,5.31,2.04,0.64,2.63,Zomato,UPI
O02986,10-12-2025,December,2025,Beverage,Juice,https://i.ibb.co/bM9d4qvH/juice.png,Mango Juice,1,5.38,5.38,1.93,1.05,2.4,Zomato,UPI
O02987,30-01-2025,January,2025,Appetizer,Burger,https://i.ibb.co/KjvbDYc5/burger.png,Paneer Burger,2,12.23,24.46,10.16,3.41,10.89,Zomato,UPI
O02988,26-01-2025,January,2025,Appetizer,Burger,https://i.ibb.co/KjvbDYc5/burger.png,Spicy Bean Burger,1,7.66,7.66,3.17,0.94,3.55,Zomato,Cash
O02989,28-02-2025,February,2025,Beverage,Juice,https://i.ibb.co/bM9d4qvH/juice.png,Watermelon Juice,2,5.94,11.88,4.38,2.14,5.36,In-Store,Online
O02990,23-02-2025,February,2025,Main Menu,Veg Mania,https://i.ibb.co/svfg0hg2/vegmania.png,Veg Overload,4,10.04,40.16,17.43,4.71,18.02,UberEats,Card
O02991,06-06-2025,June,2025,Main Menu,Club Veg,https://i.ibb.co/7tVrrcM1/clubveg.png,Veggie Club Special,3,18.33,54.99,20.98,8.39,25.62,Swiggy,Cash
O02992,17-07-2025,July,2025,Main Menu,Pizza,https://i.ibb.co/vx6T9K8X/pizza-1.png,Margherita,3,15.95,47.85,15.67,6.51,25.67,UberEats,Online
O02993,20-10-2025,October,2025,Beverage,Hot Drinks,https://i.ibb.co/mFCQYCrw/hot.png,Hot Chocolate,1,7.29,7.29,2.41,1.05,3.83,In-Store,Cash
O02994,22-05-2025,May,2025,Appetizer,Burger,https://i.ibb.co/KjvbDYc5/burger.png,Paneer Burger,4,8.4,33.6,10.86,5.36,17.38,UberEats,UPI
O02995,07-02-2025,February,2025,Main Menu,Veg Mania,https://i.ibb.co/svfg0hg2/vegmania.png,Corn Supreme,4,13.34,53.36,20.04,6.35,26.97,Swiggy,Online
O02996,18-05-2025,May,2025,Main Menu,Veg Mania,https://i.ibb.co/svfg0hg2/vegmania.png,Corn Supreme,2,15.72,31.44,13.51,5.33,12.6,UberEats,Online
O02997,09-01-2025,January,2025,Beverage,Juice,https://i.ibb.co/bM9d4qvH/juice.png,Mixed Fruit Juice,2,7.08,14.16,5.48,1.57,7.11,Zomato,UPI
O02998,08-10-2025,October,2025,Appetizer,Macaroni,https://i.ibb.co/zVLCV731/macaroni.png,Cheese Mac,3,8.24,24.72,8.3,3.55,12.87,Swiggy,Online
O02999,12-03-2025,March,2025,Main Menu,Club Veg,https://i.ibb.co/7tVrrcM1/clubveg.png,Veggie Club Special,3,11.67,35.01,14.12,6.55,14.34,In-Store,Card
O03000,08-01-2025,January,2025,Main Menu,Pizza,https://i.ibb.co/vx6T9K8X/pizza-1.png,Margherita,2,14.04,28.08,8.82,3.85,15.41,Zomato,Cash
O03001,07-06-2025,June,2025,Main Menu,Sandwich,https://i.ibb.co/fzhvYTxp/sandwich.png,Cheese Chilli,3,12.26,36.78,13.82,3.8,19.16,In-Store,Online
O03002,30-09-2025,September,2025,Beverage,Hot Drinks,https://i.ibb.co/mFCQYCrw/hot.png,Green Tea,2,6.77,13.54,5.18,2.43,5.93,Swiggy,Online
O03003,07-02-2025,February,2025,Main Menu,Pizza,https://i.ibb.co/vx6T9K8X/pizza-1.png,Veggie Paradise,2,15.93,31.86,13.64,3.81,14.41,In-Store,Card
O03004,05-11-2025,November,2025,Main Menu,Sandwich,https://i.ibb.co/fzhvYTxp/sandwich.png,Classic Veg,1,12.07,12.07,4.62,1.77,5.68,In-Store,Cash
O03005,23-06-2025,June,2025,Beverage,Hot Drinks,https://i.ibb.co/mFCQYCrw/hot.png,Green Tea,4,5.29,21.16,6.47,4.12,10.57,UberEats,Card
O03006,17-04-2025,April,2025,Beverage,Hot Drinks,https://i.ibb.co/mFCQYCrw/hot.png,Cappuccino,1,8.71,8.71,3.34,1.62,3.75,Swiggy,Cash
O03007,15-07-2025,July,2025,Appetizer,Macaroni,https://i.ibb.co/zVLCV731/macaroni.png,Cheese Mac,4,8.26,33.04,11.49,6.58,14.97,Swiggy,UPI
O03008,30-04-2025,April,2025,Main Menu,Sandwich,https://i.ibb.co/fzhvYTxp/sandwich.png,Grilled Veg,3,11.31,33.93,11.72,4.96,17.25,Zomato,Cash
O03009,05-02-2025,February,2025,Appetizer,Burger,https://i.ibb.co/KjvbDYc5/burger.png,Paneer Burger,3,9,27,9.64,3.41,13.95,In-Store,Online
O03010,25-05-2025,May,2025,Beverage,Hot Drinks,https://i.ibb.co/mFCQYCrw/hot.png,Hot Chocolate,4,5.34,21.36,6.58,4.04,10.74,In-Store,Cash
O03011,26-01-2025,January,2025,Main Menu,Sandwich,https://i.ibb.co/fzhvYTxp/sandwich.png,Classic Veg,1,16.79,16.79,5.37,3.26,8.16,In-Store,Online
O03012,08-06-2025,June,2025,Beverage,Hot Drinks,https://i.ibb.co/mFCQYCrw/hot.png,Green Tea,1,5.74,5.74,2.19,1.04,2.51,In-Store,UPI
O03013,18-08-2025,August,2025,Beverage,Hot Drinks,https://i.ibb.co/mFCQYCrw/hot.png,Hot Chocolate,3,8.01,24.03,7.72,3.84,12.47,Swiggy,Online
O03014,17-07-2025,July,2025,Appetizer,Macaroni,https://i.ibb.co/zVLCV731/macaroni.png,Classic Mac,2,6.27,12.54,3.88,1.7,6.96,UberEats,UPI
O03015,12-01-2025,January,2025,Appetizer,Burger,https://i.ibb.co/KjvbDYc5/burger.png,Paneer Burger,3,10.45,31.35,13.23,6.13,11.99,UberEats,Card
O03016,12-04-2025,April,2025,Main Menu,Pizza,https://i.ibb.co/vx6T9K8X/pizza-1.png,Peppy Paneer,2,12.53,25.06,10.71,2.87,11.48,In-Store,Card
O03017,14-08-2025,August,2025,Main Menu,Veg Mania,https://i.ibb.co/svfg0hg2/vegmania.png,Corn Supreme,3,19.34,58.02,23.09,9.61,25.32,Zomato,Online
O03018,14-06-2025,June,2025,Main Menu,Veg Mania,https://i.ibb.co/svfg0hg2/vegmania.png,Corn Supreme,2,11,22,9.8,3.68,8.52,In-Store,Cash
O03019,08-07-2025,July,2025,Appetizer,Burger,https://i.ibb.co/KjvbDYc5/burger.png,Veg Cheese Burger,2,7.07,14.14,5.88,2.79,5.47,Zomato,Online
O03020,12-12-2025,December,2025,Main Menu,Pizza,https://i.ibb.co/vx6T9K8X/pizza-1.png,Peppy Paneer,1,14.05,14.05,4.57,1.42,8.06,Zomato,Cash
O03021,11-11-2025,November,2025,Appetizer,French Fries,https://i.ibb.co/23d8CKt3/fries.png,Cheese Fries,2,7.88,15.76,7.03,1.67,7.06,In-Store,UPI
O03022,31-07-2025,July,2025,Beverage,Hot Drinks,https://i.ibb.co/mFCQYCrw/hot.png,Cappuccino,2,4.53,9.06,3.47,1.13,4.46,UberEats,UPI
O03023,30-05-2025,May,2025,Beverage,Juice,https://i.ibb.co/bM9d4qvH/juice.png,Watermelon Juice,2,8.7,17.4,6.71,1.94,8.75,UberEats,Cash
O03024,10-11-2025,November,2025,Main Menu,Pizza,https://i.ibb.co/vx6T9K8X/pizza-1.png,Farmhouse,1,11.99,11.99,3.86,1.65,6.48,Zomato,UPI
O03025,24-10-2025,October,2025,Appetizer,Macaroni,https://i.ibb.co/zVLCV731/macaroni.png,Cheese Mac,1,7.83,7.83,3.39,1.02,3.42,UberEats,Online
O03026,09-01-2025,January,2025,Beverage,Juice,https://i.ibb.co/bM9d4qvH/juice.png,Mango Juice,4,8.95,35.8,13.37,6.25,16.18,Zomato,Cash
O03027,18-06-2025,June,2025,Beverage,Hot Drinks,https://i.ibb.co/mFCQYCrw/hot.png,Cappuccino,4,6.12,24.48,8.27,2.73,13.48,In-Store,Card
O03028,09-12-2025,December,2025,Beverage,Hot Drinks,https://i.ibb.co/mFCQYCrw/hot.png,Espresso,4,8.27,33.08,12.91,4.81,15.36,Zomato,Card
O03029,05-01-2025,January,2025,Beverage,Hot Drinks,https://i.ibb.co/mFCQYCrw/hot.png,Cappuccino,4,6.49,25.96,7.98,4.86,13.12,Swiggy,Card
O03030,03-09-2025,September,2025,Main Menu,Pizza,https://i.ibb.co/vx6T9K8X/pizza-1.png,Peppy Paneer,2,15.6,31.2,10.03,5.18,15.99,UberEats,UPI
O03031,27-05-2025,May,2025,Beverage,Hot Drinks,https://i.ibb.co/mFCQYCrw/hot.png,Hot Chocolate,3,8.24,24.72,10.03,3.13,11.56,UberEats,Online
O03032,09-03-2025,March,2025,Main Menu,Veg Mania,https://i.ibb.co/svfg0hg2/vegmania.png,Mushroom Magic,1,16.74,16.74,6.22,2.75,7.77,Swiggy,Cash
O03033,23-05-2025,May,2025,Beverage,Hot Drinks,https://i.ibb.co/mFCQYCrw/hot.png,Hot Chocolate,4,7.22,28.88,10.2,3.86,14.82,In-Store,Cash
O03034,09-11-2025,November,2025,Main Menu,Veg Mania,https://i.ibb.co/svfg0hg2/vegmania.png,Paneer Delight,4,16.75,67,24.62,8.32,34.06,Zomato,UPI
O03035,11-03-2025,March,2025,Main Menu,Sandwich,https://i.ibb.co/fzhvYTxp/sandwich.png,Classic Veg,1,15.6,15.6,5.96,2.43,7.21,UberEats,Online
O03036,28-09-2025,September,2025,Beverage,Hot Drinks,https://i.ibb.co/mFCQYCrw/hot.png,Cappuccino,3,5.91,17.73,5.51,3.14,9.08,UberEats,UPI
O03037,13-12-2025,December,2025,Appetizer,Burger,https://i.ibb.co/KjvbDYc5/burger.png,Spicy Bean Burger,2,10.87,21.74,7.21,3.3,11.23,Swiggy,Card
O03038,14-05-2025,May,2025,Beverage,Hot Drinks,https://i.ibb.co/mFCQYCrw/hot.png,Hot Chocolate,1,5.27,5.27,2.29,0.98,2,Zomato,UPI
O03039,17-06-2025,June,2025,Appetizer,Macaroni,https://i.ibb.co/zVLCV731/macaroni.png,Cheese Mac,3,6.21,18.63,8.18,3.35,7.1,Swiggy,Cash
O03040,05-10-2025,October,2025,Beverage,Hot Drinks,https://i.ibb.co/mFCQYCrw/hot.png,Espresso,4,4.64,18.56,8.04,2.7,7.82,Zomato,UPI
O03041,08-04-2025,April,2025,Appetizer,Burger,https://i.ibb.co/KjvbDYc5/burger.png,Veg Cheese Burger,4,13.53,54.12,16.66,8.3,29.16,Swiggy,Card
O03042,08-06-2025,June,2025,Appetizer,Macaroni,https://i.ibb.co/zVLCV731/macaroni.png,Cheese Mac,2,8.28,16.56,6.39,3.29,6.88,UberEats,Online
O03043,02-12-2025,December,2025,Main Menu,Veg Mania,https://i.ibb.co/svfg0hg2/vegmania.png,Corn Supreme,1,17.94,17.94,6.59,2.45,8.9,Zomato,Online
O03044,24-10-2025,October,2025,Appetizer,French Fries,https://i.ibb.co/23d8CKt3/fries.png,Loaded Fries,2,10.57,21.14,6.61,4.12,10.41,Swiggy,Cash
O03045,30-11-2025,November,2025,Appetizer,French Fries,https://i.ibb.co/23d8CKt3/fries.png,Peri Peri Fries,3,7.81,23.43,9.69,2.51,11.23,UberEats,Online
O03046,26-01-2025,January,2025,Main Menu,Veg Mania,https://i.ibb.co/svfg0hg2/vegmania.png,Veg Overload,2,14.3,28.6,10.62,3.17,14.81,In-Store,UPI
O03047,27-08-2025,August,2025,Appetizer,Burger,https://i.ibb.co/KjvbDYc5/burger.png,Aloo Tikki Burger,1,7.98,7.98,2.99,1.55,3.44,UberEats,Card
O03048,30-01-2025,January,2025,Main Menu,Sandwich,https://i.ibb.co/fzhvYTxp/sandwich.png,Paneer Tikka,2,18.94,37.88,12.06,4.51,21.31,Swiggy,Card
O03049,14-10-2025,October,2025,Beverage,Hot Drinks,https://i.ibb.co/mFCQYCrw/hot.png,Green Tea,3,6.78,20.34,8.87,3.86,7.61,In-Store,UPI
O03050,18-08-2025,August,2025,Appetizer,French Fries,https://i.ibb.co/23d8CKt3/fries.png,Peri Peri Fries,1,7.14,7.14,2.38,0.87,3.89,Zomato,Card
O03051,24-09-2025,September,2025,Main Menu,Sandwich,https://i.ibb.co/fzhvYTxp/sandwich.png,Grilled Veg,3,19.54,58.62,19.51,10.09,29.02,Zomato,Cash
O03052,19-06-2025,June,2025,Appetizer,French Fries,https://i.ibb.co/23d8CKt3/fries.png,Salted Fries,1,6.8,6.8,2.36,1.33,3.11,Zomato,Card
O03053,28-04-2025,April,2025,Main Menu,Sandwich,https://i.ibb.co/fzhvYTxp/sandwich.png,Cheese Chilli,1,17.24,17.24,6.27,1.96,9.01,UberEats,Online
O03054,14-08-2025,August,2025,Main Menu,Veg Mania,https://i.ibb.co/svfg0hg2/vegmania.png,Veg Overload,3,11.49,34.47,11.75,3.73,18.99,In-Store,UPI
O03055,13-08-2025,August,2025,Appetizer,Burger,https://i.ibb.co/KjvbDYc5/burger.png,Spicy Bean Burger,4,11.23,44.92,17.78,6.13,21.01,UberEats,UPI
O03056,30-01-2025,January,2025,Main Menu,Club Veg,https://i.ibb.co/7tVrrcM1/clubveg.png,Spicy Club,4,18.61,74.44,24.71,8.03,41.7,Zomato,Cash
O03057,30-03-2025,March,2025,Main Menu,Club Veg,https://i.ibb.co/7tVrrcM1/clubveg.png,Corn & Mayo Club,1,12.49,12.49,4.34,1.43,6.72,Zomato,Card
O03058,21-04-2025,April,2025,Appetizer,French Fries,https://i.ibb.co/23d8CKt3/fries.png,Peri Peri Fries,3,6.61,19.83,6.5,2.9,10.43,Swiggy,Card
O03059,01-06-2025,June,2025,Appetizer,Burger,https://i.ibb.co/KjvbDYc5/burger.png,Aloo Tikki Burger,1,9.85,9.85,3.16,1.36,5.33,Swiggy,Online
O03060,25-03-2025,March,2025,Main Menu,Sandwich,https://i.ibb.co/fzhvYTxp/sandwich.png,Paneer Tikka,4,18.61,74.44,28.95,13.09,32.4,Swiggy,UPI
O03061,13-08-2025,August,2025,Beverage,Hot Drinks,https://i.ibb.co/mFCQYCrw/hot.png,Hot Chocolate,4,6.84,27.36,11.88,3.44,12.04,In-Store,Cash
O03062,25-11-2025,November,2025,Beverage,Hot Drinks,https://i.ibb.co/mFCQYCrw/hot.png,Hot Chocolate,1,5.32,5.32,1.92,0.83,2.57,UberEats,Online
O03063,15-11-2025,November,2025,Beverage,Juice,https://i.ibb.co/bM9d4qvH/juice.png,Watermelon Juice,3,7.49,22.47,7.47,2.82,12.18,Swiggy,Online
O03064,24-11-2025,November,2025,Beverage,Juice,https://i.ibb.co/bM9d4qvH/juice.png,Mixed Fruit Juice,3,7.84,23.52,7.84,4.02,11.66,Zomato,Online
O03065,17-03-2025,March,2025,Appetizer,French Fries,https://i.ibb.co/23d8CKt3/fries.png,Salted Fries,3,11.93,35.79,11.02,6.58,18.19,Zomato,Card
O03066,03-11-2025,November,2025,Main Menu,Club Veg,https://i.ibb.co/7tVrrcM1/clubveg.png,Corn & Mayo Club,3,19.94,59.82,25.81,11.08,22.93,In-Store,UPI
O03067,11-05-2025,May,2025,Beverage,Juice,https://i.ibb.co/bM9d4qvH/juice.png,Mango Juice,2,6.91,13.82,6.17,2.2,5.45,In-Store,Card
O03068,07-04-2025,April,2025,Appetizer,French Fries,https://i.ibb.co/23d8CKt3/fries.png,Salted Fries,3,6.07,18.21,6.76,3.27,8.18,Zomato,Cash
O03069,13-02-2025,February,2025,Main Menu,Veg Mania,https://i.ibb.co/svfg0hg2/vegmania.png,Paneer Delight,1,13.96,13.96,5.09,2.13,6.74,In-Store,Cash
O03070,23-12-2025,December,2025,Appetizer,French Fries,https://i.ibb.co/23d8CKt3/fries.png,Loaded Fries,2,13.27,26.54,9.21,3.12,14.21,Swiggy,Cash
O03071,26-01-2025,January,2025,Appetizer,Macaroni,https://i.ibb.co/zVLCV731/macaroni.png,Classic Mac,4,8.03,32.12,10.23,3.8,18.09,Zomato,Card
O03072,23-02-2025,February,2025,Beverage,Hot Drinks,https://i.ibb.co/mFCQYCrw/hot.png,Hot Chocolate,4,8.21,32.84,11.07,6.48,15.29,Zomato,UPI
O03073,26-02-2025,February,2025,Appetizer,Burger,https://i.ibb.co/KjvbDYc5/burger.png,Veg Cheese Burger,4,10.79,43.16,16.43,4.93,21.8,Zomato,Card
O03074,18-07-2025,July,2025,Beverage,Hot Drinks,https://i.ibb.co/mFCQYCrw/hot.png,Cappuccino,4,8.46,33.84,12.18,3.85,17.81,Zomato,Online
O03075,25-03-2025,March,2025,Main Menu,Club Veg,https://i.ibb.co/7tVrrcM1/clubveg.png,Spicy Club,1,19.93,19.93,7.27,2.22,10.44,Zomato,Card
O03076,12-07-2025,July,2025,Main Menu,Pizza,https://i.ibb.co/vx6T9K8X/pizza-1.png,Peppy Paneer,4,17.54,70.16,28.81,7.91,33.44,UberEats,Online
O03077,10-04-2025,April,2025,Beverage,Juice,https://i.ibb.co/bM9d4qvH/juice.png,Mango Juice,4,5.4,21.6,6.56,3.73,11.31,Zomato,UPI
O03078,04-06-2025,June,2025,Appetizer,Burger,https://i.ibb.co/KjvbDYc5/burger.png,Paneer Burger,4,7,28,10.63,3.21,14.16,In-Store,UPI
O03079,19-05-2025,May,2025,Appetizer,Burger,https://i.ibb.co/KjvbDYc5/burger.png,Veg Cheese Burger,2,10.67,21.34,7.72,3.42,10.2,Swiggy,UPI
O03080,16-12-2025,December,2025,Appetizer,French Fries,https://i.ibb.co/23d8CKt3/fries.png,Cheese Fries,4,7.68,30.72,13.25,4.68,12.79,Swiggy,UPI
O03081,16-12-2025,December,2025,Appetizer,Macaroni,https://i.ibb.co/zVLCV731/macaroni.png,Veg Loaded Mac,3,8.48,25.44,11.12,4.66,9.66,Zomato,Online
O03082,21-11-2025,November,2025,Beverage,Juice,https://i.ibb.co/bM9d4qvH/juice.png,Mango Juice,1,5.66,5.66,2.38,0.71,2.57,UberEats,Online
O03083,18-05-2025,May,2025,Main Menu,Pizza,https://i.ibb.co/vx6T9K8X/pizza-1.png,Veggie Paradise,2,14.6,29.2,11.25,4.43,13.52,In-Store,UPI
O03084,23-03-2025,March,2025,Appetizer,French Fries,https://i.ibb.co/23d8CKt3/fries.png,Peri Peri Fries,1,10.22,10.22,3.17,1.55,5.5,Swiggy,Online
O03085,24-07-2025,July,2025,Appetizer,French Fries,https://i.ibb.co/23d8CKt3/fries.png,Salted Fries,2,11.38,22.76,8.24,2.59,11.93,Zomato,Card
O03086,01-12-2025,December,2025,Appetizer,French Fries,https://i.ibb.co/23d8CKt3/fries.png,Peri Peri Fries,4,11.32,45.28,15.31,8.69,21.28,Zomato,UPI
O03087,06-02-2025,February,2025,Appetizer,Macaroni,https://i.ibb.co/zVLCV731/macaroni.png,Cheese Mac,2,6.11,12.22,3.7,1.76,6.76,Swiggy,Card
O03088,12-06-2025,June,2025,Appetizer,French Fries,https://i.ibb.co/23d8CKt3/fries.png,Loaded Fries,1,11.47,11.47,5.04,1.78,4.65,Zomato,Online
O03089,26-08-2025,August,2025,Beverage,Juice,https://i.ibb.co/bM9d4qvH/juice.png,Mixed Fruit Juice,4,6.98,27.92,9.52,3.87,14.53,Zomato,UPI
O03090,03-04-2025,April,2025,Main Menu,Pizza,https://i.ibb.co/vx6T9K8X/pizza-1.png,Veggie Paradise,2,10.98,21.96,8.63,4.04,9.29,Swiggy,UPI
O03091,13-05-2025,May,2025,Beverage,Juice,https://i.ibb.co/bM9d4qvH/juice.png,Watermelon Juice,2,5.88,11.76,4.44,1.99,5.33,Swiggy,Card
O03092,24-02-2025,February,2025,Main Menu,Veg Mania,https://i.ibb.co/svfg0hg2/vegmania.png,Paneer Delight,3,17.1,51.3,16.46,8.11,26.73,UberEats,Card
O03093,22-03-2025,March,2025,Main Menu,Veg Mania,https://i.ibb.co/svfg0hg2/vegmania.png,Mushroom Magic,1,14.74,14.74,6.1,1.97,6.67,Zomato,Cash
O03094,09-02-2025,February,2025,Appetizer,French Fries,https://i.ibb.co/23d8CKt3/fries.png,Cheese Fries,3,13.47,40.41,13.17,4.23,23.01,Swiggy,UPI
O03095,20-03-2025,March,2025,Appetizer,French Fries,https://i.ibb.co/23d8CKt3/fries.png,Loaded Fries,2,7.15,14.3,5.18,2.81,6.31,In-Store,Online
O03096,05-01-2025,January,2025,Main Menu,Veg Mania,https://i.ibb.co/svfg0hg2/vegmania.png,Corn Supreme,3,10.62,31.86,12.38,4.33,15.15,UberEats,Cash
O03097,08-06-2025,June,2025,Appetizer,Burger,https://i.ibb.co/KjvbDYc5/burger.png,Aloo Tikki Burger,2,6.56,13.12,4.55,2.46,6.11,Swiggy,Online
O03098,19-10-2025,October,2025,Beverage,Hot Drinks,https://i.ibb.co/mFCQYCrw/hot.png,Green Tea,4,7.1,28.4,10.35,5.29,12.76,In-Store,Card
O03099,24-09-2025,September,2025,Appetizer,French Fries,https://i.ibb.co/23d8CKt3/fries.png,Loaded Fries,3,8.23,24.69,8.73,4.08,11.88,In-Store,UPI
O03100,09-06-2025,June,2025,Beverage,Juice,https://i.ibb.co/bM9d4qvH/juice.png,Mixed Fruit Juice,3,4.11,12.33,4.49,1.89,5.95,Zomato,Card
O03101,04-12-2025,December,2025,Main Menu,Veg Mania,https://i.ibb.co/svfg0hg2/vegmania.png,Mushroom Magic,3,19.98,59.94,18.76,6.7,34.48,In-Store,Card
O03102,08-02-2025,February,2025,Main Menu,Sandwich,https://i.ibb.co/fzhvYTxp/sandwich.png,Grilled Veg,2,10.75,21.5,6.71,3.01,11.78,UberEats,Cash
O03103,26-05-2025,May,2025,Main Menu,Club Veg,https://i.ibb.co/7tVrrcM1/clubveg.png,Veggie Club Special,3,13.51,40.53,14.35,7.23,18.95,Swiggy,UPI
O03104,06-09-2025,September,2025,Beverage,Juice,https://i.ibb.co/bM9d4qvH/juice.png,Orange Juice,4,6.92,27.68,11.3,5.44,10.94,In-Store,Online
O03105,28-07-2025,July,2025,Beverage,Hot Drinks,https://i.ibb.co/mFCQYCrw/hot.png,Espresso,1,7.81,7.81,2.37,1.48,3.96,Zomato,Card
O03106,09-10-2025,October,2025,Main Menu,Veg Mania,https://i.ibb.co/svfg0hg2/vegmania.png,Mushroom Magic,2,17.44,34.88,14.6,4.17,16.11,In-Store,Online
O03107,11-01-2025,January,2025,Beverage,Juice,https://i.ibb.co/bM9d4qvH/juice.png,Orange Juice,3,5.66,16.98,7.03,1.87,8.08,Swiggy,Cash
O03108,11-04-2025,April,2025,Beverage,Juice,https://i.ibb.co/bM9d4qvH/juice.png,Watermelon Juice,4,4.52,18.08,6.2,3.54,8.34,Zomato,Online
O03109,19-02-2025,February,2025,Main Menu,Club Veg,https://i.ibb.co/7tVrrcM1/clubveg.png,Triple Cheese Club,3,10.1,30.3,9.69,5.03,15.58,UberEats,Card
O03110,06-05-2025,May,2025,Beverage,Juice,https://i.ibb.co/bM9d4qvH/juice.png,Orange Juice,2,4.15,8.3,2.73,1.13,4.44,UberEats,Card
O03111,12-11-2025,November,2025,Main Menu,Veg Mania,https://i.ibb.co/svfg0hg2/vegmania.png,Paneer Delight,1,14.24,14.24,5.45,1.73,7.06,In-Store,Online
O03112,24-12-2025,December,2025,Appetizer,Burger,https://i.ibb.co/KjvbDYc5/burger.png,Spicy Bean Burger,2,13.28,26.56,8.32,4.39,13.85,In-Store,Card
O03113,01-04-2025,April,2025,Beverage,Juice,https://i.ibb.co/bM9d4qvH/juice.png,Mixed Fruit Juice,2,7.95,15.9,4.82,3.1,7.98,Zomato,Card
O03114,28-07-2025,July,2025,Beverage,Juice,https://i.ibb.co/bM9d4qvH/juice.png,Watermelon Juice,2,8,16,6.79,3.06,6.15,Swiggy,Online
O03115,23-07-2025,July,2025,Appetizer,Burger,https://i.ibb.co/KjvbDYc5/burger.png,Veg Cheese Burger,2,12.18,24.36,7.69,3.83,12.84,In-Store,UPI
O03116,01-01-2025,January,2025,Main Menu,Sandwich,https://i.ibb.co/fzhvYTxp/sandwich.png,Cheese Chilli,2,19.52,39.04,12.59,7.1,19.35,Zomato,Card
O03117,08-11-2025,November,2025,Main Menu,Veg Mania,https://i.ibb.co/svfg0hg2/vegmania.png,Mushroom Magic,3,13.51,40.53,15.44,6.05,19.04,UberEats,Card
O03118,04-11-2025,November,2025,Beverage,Juice,https://i.ibb.co/bM9d4qvH/juice.png,Mixed Fruit Juice,2,4.82,9.64,2.99,1.06,5.59,UberEats,Cash
O03119,04-09-2025,September,2025,Appetizer,Macaroni,https://i.ibb.co/zVLCV731/macaroni.png,Classic Mac,2,12.52,25.04,8.23,3.31,13.5,Swiggy,Online
O03120,09-07-2025,July,2025,Beverage,Juice,https://i.ibb.co/bM9d4qvH/juice.png,Orange Juice,1,6.97,6.97,2.52,1.06,3.39,Swiggy,UPI
O03121,08-02-2025,February,2025,Beverage,Juice,https://i.ibb.co/bM9d4qvH/juice.png,Mixed Fruit Juice,1,4.13,4.13,1.58,0.76,1.79,In-Store,Online
O03122,24-08-2025,August,2025,Beverage,Juice,https://i.ibb.co/bM9d4qvH/juice.png,Watermelon Juice,4,4.5,18,5.61,2.15,10.24,In-Store,Card
O03123,21-12-2025,December,2025,Appetizer,Macaroni,https://i.ibb.co/zVLCV731/macaroni.png,Spicy Mac,4,6.15,24.6,8.36,3.27,12.97,Zomato,Cash
O03124,19-03-2025,March,2025,Beverage,Hot Drinks,https://i.ibb.co/mFCQYCrw/hot.png,Green Tea,2,5,10,4.27,1.49,4.24,UberEats,Online
O03125,16-07-2025,July,2025,Main Menu,Club Veg,https://i.ibb.co/7tVrrcM1/clubveg.png,Triple Cheese Club,2,14.06,28.12,11.98,3.22,12.92,Zomato,UPI
O03126,15-04-2025,April,2025,Appetizer,French Fries,https://i.ibb.co/23d8CKt3/fries.png,Peri Peri Fries,3,9.6,28.8,11.9,5.42,11.48,UberEats,UPI
O03127,05-11-2025,November,2025,Appetizer,French Fries,https://i.ibb.co/23d8CKt3/fries.png,Loaded Fries,4,8.6,34.4,11.58,5.26,17.56,Swiggy,Online
O03128,02-06-2025,June,2025,Main Menu,Veg Mania,https://i.ibb.co/svfg0hg2/vegmania.png,Veg Overload,3,18.64,55.92,24.59,6.41,24.92,UberEats,Online
O03129,13-11-2025,November,2025,Appetizer,Macaroni,https://i.ibb.co/zVLCV731/macaroni.png,Veg Loaded Mac,3,10.74,32.22,11.52,5.25,15.45,Swiggy,Online
O03130,13-11-2025,November,2025,Appetizer,Macaroni,https://i.ibb.co/zVLCV731/macaroni.png,Classic Mac,4,11.03,44.12,19.67,5.36,19.09,Swiggy,Online
O03131,18-12-2025,December,2025,Beverage,Hot Drinks,https://i.ibb.co/mFCQYCrw/hot.png,Hot Chocolate,1,6.27,6.27,2.42,0.7,3.15,UberEats,UPI
O03132,22-05-2025,May,2025,Main Menu,Sandwich,https://i.ibb.co/fzhvYTxp/sandwich.png,Paneer Tikka,4,10.41,41.64,14.94,5.91,20.79,Swiggy,Online
O03133,05-05-2025,May,2025,Appetizer,Macaroni,https://i.ibb.co/zVLCV731/macaroni.png,Veg Loaded Mac,3,11.56,34.68,13.14,5.9,15.64,Zomato,Online
O03134,25-10-2025,October,2025,Beverage,Juice,https://i.ibb.co/bM9d4qvH/juice.png,Mixed Fruit Juice,2,6.17,12.34,5,2.14,5.2,UberEats,Cash
O03135,29-05-2025,May,2025,Appetizer,Burger,https://i.ibb.co/KjvbDYc5/burger.png,Veg Cheese Burger,3,8.43,25.29,10.34,2.57,12.38,In-Store,Cash
O03136,29-03-2025,March,2025,Main Menu,Veg Mania,https://i.ibb.co/svfg0hg2/vegmania.png,Mushroom Magic,3,16.41,49.23,15.58,9.01,24.64,In-Store,Card
O03137,21-01-2025,January,2025,Appetizer,Macaroni,https://i.ibb.co/zVLCV731/macaroni.png,Veg Loaded Mac,2,7.5,15,6.61,1.57,6.82,Swiggy,Cash
O03138,02-04-2025,April,2025,Appetizer,French Fries,https://i.ibb.co/23d8CKt3/fries.png,Cheese Fries,3,6.57,19.71,8.83,2.03,8.85,UberEats,Cash
O03139,01-01-2025,January,2025,Beverage,Juice,https://i.ibb.co/bM9d4qvH/juice.png,Orange Juice,1,5.86,5.86,2.21,0.66,2.99,UberEats,Online
O03140,08-12-2025,December,2025,Beverage,Juice,https://i.ibb.co/bM9d4qvH/juice.png,Mixed Fruit Juice,1,5.29,5.29,1.68,0.88,2.73,UberEats,Cash
O03141,27-06-2025,June,2025,Appetizer,Burger,https://i.ibb.co/KjvbDYc5/burger.png,Aloo Tikki Burger,1,6.23,6.23,2.14,0.78,3.31,Zomato,Online
O03142,07-01-2025,January,2025,Main Menu,Veg Mania,https://i.ibb.co/svfg0hg2/vegmania.png,Mushroom Magic,2,11.18,22.36,7.77,2.37,12.22,Swiggy,UPI
O03143,19-07-2025,July,2025,Beverage,Hot Drinks,https://i.ibb.co/mFCQYCrw/hot.png,Espresso,2,6.84,13.68,5.61,2.14,5.93,UberEats,Card
O03144,03-07-2025,July,2025,Appetizer,Macaroni,https://i.ibb.co/zVLCV731/macaroni.png,Classic Mac,2,10.08,20.16,7.97,3.35,8.84,UberEats,Card
O03145,05-10-2025,October,2025,Beverage,Hot Drinks,https://i.ibb.co/mFCQYCrw/hot.png,Green Tea,1,4.7,4.7,2.06,0.47,2.17,In-Store,Cash
O03146,03-09-2025,September,2025,Beverage,Juice,https://i.ibb.co/bM9d4qvH/juice.png,Orange Juice,3,4.52,13.56,5.61,2.48,5.47,In-Store,Card
O03147,26-11-2025,November,2025,Main Menu,Veg Mania,https://i.ibb.co/svfg0hg2/vegmania.png,Paneer Delight,2,16.07,32.14,12.85,5.46,13.83,Zomato,Online
O03148,19-12-2025,December,2025,Main Menu,Veg Mania,https://i.ibb.co/svfg0hg2/vegmania.png,Mushroom Magic,3,13.87,41.61,12.92,6.23,22.46,UberEats,UPI
O03149,10-05-2025,May,2025,Main Menu,Veg Mania,https://i.ibb.co/svfg0hg2/vegmania.png,Veg Overload,2,13.11,26.22,9.24,2.97,14.01,In-Store,UPI
O03150,25-06-2025,June,2025,Appetizer,French Fries,https://i.ibb.co/23d8CKt3/fries.png,Loaded Fries,3,12.52,37.56,15.06,6.82,15.68,UberEats,Card
O03151,20-01-2025,January,2025,Appetizer,Burger,https://i.ibb.co/KjvbDYc5/burger.png,Veg Cheese Burger,1,13.01,13.01,4.92,2.38,5.71,Swiggy,UPI
O03152,09-11-2025,November,2025,Beverage,Hot Drinks,https://i.ibb.co/mFCQYCrw/hot.png,Green Tea,4,8.98,35.92,12.47,6.74,16.71,Zomato,UPI
O03153,02-04-2025,April,2025,Main Menu,Sandwich,https://i.ibb.co/fzhvYTxp/sandwich.png,Grilled Veg,3,15.62,46.86,19.63,5.78,21.45,Swiggy,UPI
O03154,21-04-2025,April,2025,Beverage,Hot Drinks,https://i.ibb.co/mFCQYCrw/hot.png,Green Tea,4,8.34,33.36,12.11,3.54,17.71,Swiggy,UPI
O03155,07-06-2025,June,2025,Appetizer,Macaroni,https://i.ibb.co/zVLCV731/macaroni.png,Veg Loaded Mac,3,12.51,37.53,11.76,6.17,19.6,UberEats,UPI
O03156,02-11-2025,November,2025,Main Menu,Pizza,https://i.ibb.co/vx6T9K8X/pizza-1.png,Peppy Paneer,1,12.34,12.34,4.75,1.81,5.78,Zomato,Cash
O03157,01-10-2025,October,2025,Main Menu,Club Veg,https://i.ibb.co/7tVrrcM1/clubveg.png,Triple Cheese Club,3,17.67,53.01,17.79,7.18,28.04,In-Store,Cash
O03158,28-05-2025,May,2025,Appetizer,French Fries,https://i.ibb.co/23d8CKt3/fries.png,Cheese Fries,3,8.13,24.39,10.7,2.5,11.19,Zomato,Cash
O03159,26-12-2025,December,2025,Beverage,Juice,https://i.ibb.co/bM9d4qvH/juice.png,Orange Juice,2,8.79,17.58,7.6,3.33,6.65,Zomato,Online
O03160,04-12-2025,December,2025,Main Menu,Veg Mania,https://i.ibb.co/svfg0hg2/vegmania.png,Paneer Delight,3,11.37,34.11,11.03,4.26,18.82,In-Store,Card
O03161,15-03-2025,March,2025,Beverage,Hot Drinks,https://i.ibb.co/mFCQYCrw/hot.png,Green Tea,4,7.51,30.04,12.79,5.95,11.3,Zomato,Online
O03162,02-10-2025,October,2025,Beverage,Juice,https://i.ibb.co/bM9d4qvH/juice.png,Watermelon Juice,3,8.37,25.11,9.48,2.53,13.1,UberEats,UPI
O03163,16-06-2025,June,2025,Main Menu,Sandwich,https://i.ibb.co/fzhvYTxp/sandwich.png,Paneer Tikka,3,10.98,32.94,12.73,5.25,14.96,Zomato,UPI
O03164,31-12-2025,December,2025,Appetizer,Burger,https://i.ibb.co/KjvbDYc5/burger.png,Spicy Bean Burger,1,8.8,8.8,3.93,1.71,3.16,Swiggy,UPI
O03165,08-07-2025,July,2025,Beverage,Juice,https://i.ibb.co/bM9d4qvH/juice.png,Mixed Fruit Juice,1,6.55,6.55,2.42,0.79,3.34,Swiggy,Cash
O03166,27-01-2025,January,2025,Beverage,Juice,https://i.ibb.co/bM9d4qvH/juice.png,Watermelon Juice,1,8.41,8.41,3.48,0.92,4.01,UberEats,Cash
O03167,18-08-2025,August,2025,Appetizer,Macaroni,https://i.ibb.co/zVLCV731/macaroni.png,Veg Loaded Mac,3,12.03,36.09,13.61,5.14,17.34,In-Store,Card
O03168,23-11-2025,November,2025,Main Menu,Club Veg,https://i.ibb.co/7tVrrcM1/clubveg.png,Veggie Club Special,1,14.3,14.3,6.06,2.6,5.64,UberEats,Online
O03169,01-06-2025,June,2025,Main Menu,Pizza,https://i.ibb.co/vx6T9K8X/pizza-1.png,Margherita,4,12.98,51.92,17.74,9.51,24.67,UberEats,UPI
O03170,20-10-2025,October,2025,Appetizer,Burger,https://i.ibb.co/KjvbDYc5/burger.png,Paneer Burger,4,6.89,27.56,10.23,5.04,12.29,UberEats,Card
O03171,20-06-2025,June,2025,Main Menu,Pizza,https://i.ibb.co/vx6T9K8X/pizza-1.png,Margherita,3,12.09,36.27,15.42,4.93,15.92,Zomato,Card
O03172,29-09-2025,September,2025,Main Menu,Pizza,https://i.ibb.co/vx6T9K8X/pizza-1.png,Margherita,4,10.28,41.12,14.94,4.82,21.36,Swiggy,Card
O03173,26-11-2025,November,2025,Beverage,Juice,https://i.ibb.co/bM9d4qvH/juice.png,Mixed Fruit Juice,3,4.96,14.88,5.59,2.29,7,Swiggy,Online
O03174,01-10-2025,October,2025,Main Menu,Veg Mania,https://i.ibb.co/svfg0hg2/vegmania.png,Corn Supreme,1,12.47,12.47,5.41,2.04,5.02,Zomato,Online
O03175,01-09-2025,September,2025,Main Menu,Veg Mania,https://i.ibb.co/svfg0hg2/vegmania.png,Corn Supreme,2,16.68,33.36,13.7,5.13,14.53,In-Store,Card
O03176,17-12-2025,December,2025,Main Menu,Club Veg,https://i.ibb.co/7tVrrcM1/clubveg.png,Veggie Club Special,1,19.78,19.78,6.66,3.5,9.62,Swiggy,Online
O03177,06-06-2025,June,2025,Appetizer,Macaroni,https://i.ibb.co/zVLCV731/macaroni.png,Cheese Mac,2,7.74,15.48,5.07,1.66,8.75,UberEats,Card
O03178,20-09-2025,September,2025,Main Menu,Veg Mania,https://i.ibb.co/svfg0hg2/vegmania.png,Paneer Delight,3,15.34,46.02,17.27,7.85,20.9,UberEats,Online
O03179,02-09-2025,September,2025,Main Menu,Club Veg,https://i.ibb.co/7tVrrcM1/clubveg.png,Spicy Club,2,16.5,33,12.03,4.73,16.24,In-Store,Online
O03180,03-09-2025,September,2025,Appetizer,French Fries,https://i.ibb.co/23d8CKt3/fries.png,Loaded Fries,3,13.14,39.42,12.92,4.75,21.75,Zomato,Online
O03181,03-02-2025,February,2025,Appetizer,Burger,https://i.ibb.co/KjvbDYc5/burger.png,Veg Cheese Burger,1,7.81,7.81,3,1.19,3.62,In-Store,Card
O03182,06-11-2025,November,2025,Beverage,Hot Drinks,https://i.ibb.co/mFCQYCrw/hot.png,Green Tea,2,4.1,8.2,2.62,0.86,4.72,In-Store,UPI
O03183,27-01-2025,January,2025,Beverage,Juice,https://i.ibb.co/bM9d4qvH/juice.png,Orange Juice,1,4.4,4.4,1.85,0.86,1.69,Swiggy,Cash
O03184,01-11-2025,November,2025,Beverage,Hot Drinks,https://i.ibb.co/mFCQYCrw/hot.png,Green Tea,2,8.21,16.42,7.11,2.32,6.99,Zomato,Cash
O03185,30-04-2025,April,2025,Beverage,Hot Drinks,https://i.ibb.co/mFCQYCrw/hot.png,Cappuccino,3,5.48,16.44,6.26,2.73,7.45,Swiggy,Cash
O03186,01-11-2025,November,2025,Appetizer,French Fries,https://i.ibb.co/23d8CKt3/fries.png,Cheese Fries,1,9.53,9.53,3.3,1.87,4.36,UberEats,Card
O03187,31-05-2025,May,2025,Appetizer,Macaroni,https://i.ibb.co/zVLCV731/macaroni.png,Veg Loaded Mac,2,13.9,27.8,10.39,5.28,12.13,In-Store,UPI
O03188,29-03-2025,March,2025,Beverage,Hot Drinks,https://i.ibb.co/mFCQYCrw/hot.png,Green Tea,3,8.91,26.73,11.81,5.31,9.61,UberEats,UPI
O03189,06-03-2025,March,2025,Beverage,Juice,https://i.ibb.co/bM9d4qvH/juice.png,Orange Juice,2,4.75,9.5,3.45,1.75,4.3,Zomato,Card
O03190,14-08-2025,August,2025,Beverage,Hot Drinks,https://i.ibb.co/mFCQYCrw/hot.png,Espresso,3,7.86,23.58,8.03,3.19,12.36,Zomato,UPI
O03191,04-10-2025,October,2025,Main Menu,Pizza,https://i.ibb.co/vx6T9K8X/pizza-1.png,Margherita,1,14.28,14.28,5.53,2.06,6.69,In-Store,Cash
O03192,25-10-2025,October,2025,Beverage,Hot Drinks,https://i.ibb.co/mFCQYCrw/hot.png,Hot Chocolate,1,4.2,4.2,1.76,0.7,1.74,UberEats,Cash
O03193,16-04-2025,April,2025,Appetizer,Macaroni,https://i.ibb.co/zVLCV731/macaroni.png,Cheese Mac,1,6.61,6.61,2.24,1.16,3.21,In-Store,Cash
O03194,04-04-2025,April,2025,Beverage,Juice,https://i.ibb.co/bM9d4qvH/juice.png,Orange Juice,4,6.02,24.08,10.38,4.11,9.59,Zomato,UPI
O03195,02-10-2025,October,2025,Main Menu,Veg Mania,https://i.ibb.co/svfg0hg2/vegmania.png,Mushroom Magic,2,15.23,30.46,10.67,3.34,16.45,In-Store,Cash
O03196,22-06-2025,June,2025,Beverage,Juice,https://i.ibb.co/bM9d4qvH/juice.png,Orange Juice,1,6.27,6.27,1.91,1.21,3.15,Zomato,Cash
O03197,28-08-2025,August,2025,Beverage,Juice,https://i.ibb.co/bM9d4qvH/juice.png,Watermelon Juice,3,5.49,16.47,5.78,2.63,8.06,UberEats,Card
O03198,06-08-2025,August,2025,Appetizer,French Fries,https://i.ibb.co/23d8CKt3/fries.png,Peri Peri Fries,2,13.36,26.72,9.48,3.48,13.76,Zomato,UPI
O03199,18-11-2025,November,2025,Beverage,Hot Drinks,https://i.ibb.co/mFCQYCrw/hot.png,Espresso,3,8.17,24.51,7.39,4.32,12.8,In-Store,Cash
O03200,13-06-2025,June,2025,Main Menu,Sandwich,https://i.ibb.co/fzhvYTxp/sandwich.png,Classic Veg,4,11.17,44.68,13.62,7.92,23.14,Swiggy,Cash
